paso_global,loss,q_promedio,target_promedio,error_td_promedio,beta_per,peso_importancia_promedio,epsilon,tamano_buffer,tiempo_segundos
10000,0.03275282308459282,0.00494582112878561,0.11162616312503815,0.10692199319601059,0.41200000000000003,1.0,0.964,10000,5.994701147079468
10000,0.03275282308459282,0.00494582112878561,0.11162616312503815,0.10692199319601059,0.41200000000000003,1.0,0.964,10000,5.864325046539307
11000,0.005071220453828573,0.11058752238750458,0.10120055079460144,0.06714300066232681,0.4132,0.4173385500907898,0.9604,11000,9.486111879348755
12000,0.043987616896629333,0.11676255613565445,0.3509519696235657,0.29516905546188354,0.41440000000000005,0.533474326133728,0.9568,12000,12.84511399269104
13000,0.030252186581492424,0.1587437093257904,0.31927764415740967,0.30039605498313904,0.4156,0.4483097493648529,0.9532,13000,16.01913094520569
14000,0.008727586828172207,0.1360994279384613,0.13007645308971405,0.12154286354780197,0.4168,0.5364526510238647,0.9496,14000,19.094635009765625
15000,0.012555049732327461,0.14367583394050598,0.16165077686309814,0.15821599960327148,0.41800000000000004,0.5058742165565491,0.946,15000,22.08698296546936
16000,0.023718520998954773,0.10551529377698898,0.22593775391578674,0.18161261081695557,0.4192,0.5846588015556335,0.9424,16000,25.061156749725342
17000,0.001029297010973096,0.1132243424654007,0.06978253275156021,0.05068247392773628,0.4204,0.611570417881012,0.9388,17000,28.104849815368652
18000,0.011445779353380203,0.10635515302419662,0.19235125184059143,0.15958881378173828,0.42160000000000003,0.3779570758342743,0.9352,18000,31.14853811264038
19000,0.003517144825309515,0.13211770355701447,0.1012217327952385,0.0964943915605545,0.4228,0.356707900762558,0.9316,19000,34.30461382865906
20000,0.009162360802292824,0.16651377081871033,0.13196022808551788,0.138248473405838,0.42400000000000004,0.4882562756538391,0.9279999999999999,20000,37.45554995536804
21000,0.016674667596817017,0.30588221549987793,0.37947410345077515,0.23287421464920044,0.4252,0.39155182242393494,0.9244,20000,40.640209913253784
22000,0.02096828818321228,0.20599737763404846,0.3426384925842285,0.2090228945016861,0.4264,0.46602052450180054,0.9208000000000001,20000,43.75192904472351
23000,0.010960647836327553,0.17235536873340607,0.22481748461723328,0.10054443031549454,0.42760000000000004,0.6820967197418213,0.9172,20000,46.87660098075867
24000,0.02054685726761818,0.2446613907814026,0.3197767734527588,0.2081833779811859,0.4288,0.5587731599807739,0.9136,20000,50.315025806427
25000,0.006404750514775515,0.2860099673271179,0.25229036808013916,0.1277015507221222,0.43000000000000005,0.4788604974746704,0.91,20000,53.37483191490173
26000,0.011943379417061806,0.24975818395614624,0.2800314426422119,0.1526792049407959,0.4312,0.5483062267303467,0.9064,20000,56.77868580818176
27000,0.004133324138820171,0.21774889528751373,0.21151159703731537,0.08303656429052353,0.4324,0.5269914865493774,0.9028,20000,60.190361976623535
28000,0.0086979353800416,0.2449430525302887,0.214791402220726,0.145137220621109,0.43360000000000004,0.4811706840991974,0.8992,20000,63.58080577850342
29000,0.011987675912678242,0.23974573612213135,0.3125752806663513,0.15663975477218628,0.4348,0.47115570306777954,0.8956,20000,66.8527250289917
30000,0.0008769286214374006,0.17298024892807007,0.16500669717788696,0.054921962320804596,0.436,0.3633050322532654,0.892,20000,70.0548529624939
31000,0.010048536583781242,0.33499079942703247,0.34542080760002136,0.15547853708267212,0.43720000000000003,0.46925193071365356,0.8884,20000,73.15437316894531
32000,0.004659587983042002,0.22302615642547607,0.20743122696876526,0.09040342271327972,0.4384,0.5067175626754761,0.8848,20000,76.3508780002594
33000,0.010683717206120491,0.30732089281082153,0.33717846870422363,0.13659562170505524,0.43960000000000005,0.5996295213699341,0.8812,20000,79.52208995819092
34000,0.008282139897346497,0.2183641493320465,0.2606021463871002,0.11765216290950775,0.4408,0.545168399810791,0.8775999999999999,20000,82.70583987236023
35000,0.0065801190212368965,0.2843085825443268,0.28093037009239197,0.11510950326919556,0.442,0.5480717420578003,0.874,20000,85.89295411109924
36000,0.009934918023645878,0.23389309644699097,0.31514185667037964,0.1267891228199005,0.44320000000000004,0.5409725308418274,0.8704000000000001,20000,89.21623802185059
37000,0.01470633689314127,0.3362083435058594,0.3824315071105957,0.17017590999603271,0.4444,0.5658037066459656,0.8668,20000,92.65173888206482
38000,0.004759814590215683,0.23171809315681458,0.2773752510547638,0.10774923861026764,0.4456,0.45791488885879517,0.8632,20000,96.17529797554016
39000,0.0036574057303369045,0.22782498598098755,0.24215199053287506,0.07488169521093369,0.44680000000000003,0.5826175212860107,0.8596,20000,99.5939679145813
40000,0.004338715225458145,0.20935821533203125,0.2362714260816574,0.09170351922512054,0.448,0.46497806906700134,0.856,20000,103.22626495361328
41000,0.012507691979408264,0.3222486972808838,0.3883509635925293,0.17145207524299622,0.44920000000000004,0.48169761896133423,0.8524,20000,106.5191080570221
42000,0.003945717588067055,0.2632881999015808,0.2900506854057312,0.10474102199077606,0.4504,0.3592465817928314,0.8488,20000,110.05131602287292
43000,0.007996556349098682,0.18943312764167786,0.22037366032600403,0.11111664772033691,0.4516,0.6306192874908447,0.8452,20000,113.47300291061401
44000,0.011038072407245636,0.2544359862804413,0.30431729555130005,0.14104200899600983,0.45280000000000004,0.5586422681808472,0.8416,20000,117.0888819694519
45000,0.0061063822358846664,0.2659718990325928,0.2703237533569336,0.10703906416893005,0.454,0.5781368613243103,0.838,20000,120.5664849281311
46000,0.007921888493001461,0.2347862273454666,0.29901647567749023,0.12054125219583511,0.45520000000000005,0.5274991393089294,0.8344,20000,124.1648120880127
47000,0.00809493102133274,0.3551543354988098,0.5001910924911499,0.1811414510011673,0.45640000000000003,0.3269740343093872,0.8308,20000,127.64348888397217
48000,0.003496563760563731,0.3091842532157898,0.2659182548522949,0.10371352732181549,0.4576,0.47649621963500977,0.8271999999999999,20000,131.10934710502625
49000,0.010417650453746319,0.35619547963142395,0.3841588795185089,0.1499558538198471,0.45880000000000004,0.5156246423721313,0.8236,20000,134.43777799606323
50000,0.009723498485982418,0.24670284986495972,0.29437512159347534,0.11613830924034119,0.46,0.6236340999603271,0.82,20000,138.3223900794983
51000,0.012144709005951881,0.3967304229736328,0.4403664469718933,0.17213734984397888,0.4612,0.5687601566314697,0.8164,20000,146.26316690444946
52000,0.007750038988888264,0.3885897994041443,0.45426228642463684,0.1321503221988678,0.46240000000000003,0.40471187233924866,0.8128,20000,149.70791506767273
53000,0.013348188251256943,0.3134244382381439,0.4164820909500122,0.17069363594055176,0.4636,0.5342741012573242,0.8092,20000,153.12430095672607
54000,0.00634261267259717,0.3182411789894104,0.32093149423599243,0.14273278415203094,0.4648,0.370006799697876,0.8056,20000,156.52356600761414
55000,0.01165233924984932,0.3863447904586792,0.4515302777290344,0.19531285762786865,0.466,0.37509360909461975,0.802,20000,159.87036991119385
56000,0.005735720042139292,0.3121720552444458,0.37041813135147095,0.1251644641160965,0.4672,0.3701171875,0.7984,20000,163.17879390716553
57000,0.011030711233615875,0.31967294216156006,0.37422478199005127,0.1890682876110077,0.46840000000000004,0.3557017743587494,0.7948,20000,166.50338673591614
58000,0.008400301449000835,0.3453187346458435,0.35050255060195923,0.1323423683643341,0.4696,0.5184354782104492,0.7912,20000,169.9459309577942
59000,0.002950521418824792,0.26713496446609497,0.21709120273590088,0.0787748396396637,0.4708,0.575042724609375,0.7876,20000,173.6226909160614
60000,0.0032220862340182066,0.3065449595451355,0.3021051287651062,0.12988051772117615,0.47200000000000003,0.2181127965450287,0.784,20000,177.1908140182495
61000,0.011187163181602955,0.4928934872150421,0.5972310304641724,0.19032064080238342,0.4732,0.4409443140029907,0.7804,20000,180.82556200027466
62000,0.0034217149950563908,0.4064100384712219,0.41924118995666504,0.08812370896339417,0.47440000000000004,0.42831334471702576,0.7767999999999999,20000,184.39741277694702
63000,0.01392616331577301,0.3900940418243408,0.45888829231262207,0.16532926261425018,0.4756,0.5486897230148315,0.7732,20000,187.902245759964
64000,0.0033165905624628067,0.40325868129730225,0.4188403785228729,0.08957554399967194,0.4768,0.39079904556274414,0.7696,20000,191.6290249824524
65000,0.008767286315560341,0.4276249408721924,0.5269650816917419,0.15705861151218414,0.47800000000000004,0.42540568113327026,0.766,20000,195.04000091552734
66000,0.002713308669626713,0.31847167015075684,0.3637436032295227,0.08618386089801788,0.4792,0.3379519581794739,0.7624,20000,198.7912199497223
67000,0.005589009262621403,0.4060593247413635,0.49178647994995117,0.11619922518730164,0.48040000000000005,0.4130125641822815,0.7587999999999999,20000,202.22628593444824
68000,0.003409425262361765,0.4360966384410858,0.46998095512390137,0.11478467285633087,0.48160000000000003,0.38125714659690857,0.7552,20000,206.02954006195068
69000,0.010331510566174984,0.4877586364746094,0.5317531228065491,0.16853150725364685,0.4828,0.43452250957489014,0.7515999999999999,20000,209.55261278152466
70000,0.0030403360724449158,0.3939046263694763,0.4438072144985199,0.14825963973999023,0.48400000000000004,0.19064214825630188,0.748,20000,213.20101189613342
71000,0.008009625598788261,0.5157690048217773,0.5411306619644165,0.14199483394622803,0.4852,0.41810181736946106,0.7444,20000,216.8608570098877
72000,0.005319239106029272,0.5244795680046082,0.5723491311073303,0.11594920605421066,0.4864,0.5241975784301758,0.7408,20000,220.5989339351654
73000,0.007835022173821926,0.542071521282196,0.5435672402381897,0.1610095202922821,0.48760000000000003,0.3585642874240875,0.7372000000000001,20000,224.38620591163635
74000,0.006349370814859867,0.48672783374786377,0.5622519850730896,0.13183900713920593,0.4888,0.33840084075927734,0.7336,20000,228.0892310142517
75000,0.005198659375309944,0.4354965090751648,0.4979105591773987,0.109103724360466,0.49,0.4389455020427704,0.73,20000,231.7255527973175
76000,0.005446910858154297,0.5331498980522156,0.4823629856109619,0.12900756299495697,0.4912,0.3877909183502197,0.7263999999999999,20000,235.18450617790222
77000,0.0035991971381008625,0.5769591331481934,0.5531639456748962,0.12118901312351227,0.4924,0.28658896684646606,0.7228,20000,238.64032888412476
78000,0.006166731007397175,0.5662319660186768,0.5352578163146973,0.1472155749797821,0.49360000000000004,0.40649330615997314,0.7192000000000001,20000,242.09855103492737
79000,0.005190879572182894,0.6215203404426575,0.5498605370521545,0.11630086600780487,0.4948,0.5441421270370483,0.7156,20000,245.5625879764557
80000,0.011273352429270744,0.5595949292182922,0.5822210311889648,0.17872697114944458,0.496,0.5124450325965881,0.712,20000,249.04912996292114
81000,0.010617325082421303,0.5947561264038086,0.5786423087120056,0.1763455867767334,0.49720000000000003,0.44623059034347534,0.7083999999999999,20000,252.87432384490967
82000,0.009232412092387676,0.5532142519950867,0.5201583504676819,0.17491132020950317,0.4984,0.4603336453437805,0.7048,20000,256.50090503692627
83000,0.005215448793023825,0.6093830466270447,0.555773138999939,0.12652261555194855,0.49960000000000004,0.4332267642021179,0.7012,20000,260.18716287612915
84000,0.0056029316037893295,0.5777378678321838,0.6144255995750427,0.11063791811466217,0.5008,0.4624837636947632,0.6976,20000,263.8490159511566
85000,0.0027920370921492577,0.6009575128555298,0.6249404549598694,0.0947621613740921,0.502,0.43815553188323975,0.694,20000,267.58199286460876
86000,0.003885519690811634,0.6139649152755737,0.5915137529373169,0.1365286409854889,0.5032,0.30611953139305115,0.6904,20000,271.34171891212463
87000,0.0058314064517617226,0.7543970346450806,0.644049346446991,0.15189477801322937,0.5044,0.4172460436820984,0.6868000000000001,20000,274.98769092559814
88000,0.004443270154297352,0.6366543769836426,0.6298896074295044,0.1406208723783493,0.5056,0.2786393463611603,0.6832,20000,278.74017000198364
89000,0.006380952894687653,0.4322439432144165,0.48942071199417114,0.12157458811998367,0.5068,0.4714430570602417,0.6796,20000,282.6046950817108
90000,0.005108146462589502,0.4677453935146332,0.4634740650653839,0.11022821813821793,0.508,0.5148575901985168,0.6759999999999999,20000,286.3185498714447
91000,0.0060231853276491165,0.4973306953907013,0.5307316184043884,0.12373392283916473,0.5092,0.45579972863197327,0.6724,20000,290.0790650844574
92000,0.002589300274848938,0.45187151432037354,0.4946599304676056,0.08165798336267471,0.5104,0.37058186531066895,0.6688000000000001,20000,293.91649293899536
93000,0.005344518460333347,0.7174941301345825,0.693748950958252,0.10927854478359222,0.5116,0.5770187973976135,0.6652,20000,297.82500195503235
94000,0.004821981303393841,0.5767548084259033,0.6094621419906616,0.11918822675943375,0.5128,0.46895313262939453,0.6616,20000,301.6453170776367
95000,0.003737054066732526,0.5941537618637085,0.5654181838035583,0.10003101825714111,0.514,0.41957879066467285,0.6579999999999999,20000,305.44992089271545
96000,0.005299025680869818,0.7933427095413208,0.7377265691757202,0.17658621072769165,0.5152,0.2648887038230896,0.6544,20000,309.23753595352173
97000,0.006420825608074665,0.5625877380371094,0.6273871660232544,0.11739325523376465,0.5164,0.5547546744346619,0.6508,20000,312.9158399105072
98000,0.012590106576681137,0.702526330947876,0.7650975584983826,0.2157241255044937,0.5176000000000001,0.3940254747867584,0.6472,20000,316.5419759750366
99000,0.004826127551496029,0.5280932784080505,0.5894022583961487,0.12072455883026123,0.5188,0.3768727779388428,0.6436,20000,320.21293091773987
100000,0.0009056215058080852,0.528128981590271,0.5221937894821167,0.07108502089977264,0.52,0.28058624267578125,0.6399999999999999,20000,323.8181359767914
101000,0.001987713621929288,0.45728355646133423,0.43811121582984924,0.09267988801002502,0.5212,0.3289974629878998,0.6364,20000,331.825434923172
102000,0.0048053371720016,0.6166415214538574,0.6483139395713806,0.1268322467803955,0.5224,0.4168407917022705,0.6328,20000,335.80051612854004
103000,0.006734032649546862,0.5976216197013855,0.6635576486587524,0.17664621770381927,0.5236000000000001,0.3050500154495239,0.6292,20000,339.4372310638428
104000,0.004648912698030472,0.4675707221031189,0.5127526521682739,0.11936430633068085,0.5248,0.34052759408950806,0.6255999999999999,20000,343.8173580169678
105000,0.012758664786815643,0.6339553594589233,0.611670196056366,0.18579205870628357,0.526,0.5842499136924744,0.622,20000,347.4199550151825
106000,0.0029080105014145374,0.5586150288581848,0.5787444114685059,0.08155167102813721,0.5272,0.47473934292793274,0.6184000000000001,20000,351.1040277481079
107000,0.003271687775850296,0.5860974192619324,0.5970453023910522,0.10455276072025299,0.5284,0.42389440536499023,0.6148,20000,354.79344487190247
108000,0.005714256316423416,0.5911591053009033,0.6228103041648865,0.13068494200706482,0.5296000000000001,0.4577907919883728,0.6112,20000,358.4369578361511
109000,0.0024204684887081385,0.5518516898155212,0.5311777591705322,0.1204216480255127,0.5308,0.22686630487442017,0.6075999999999999,20000,362.50837802886963
110000,0.0024435652885586023,0.5741971731185913,0.5781139135360718,0.0909646674990654,0.532,0.4096449017524719,0.604,20000,366.20289516448975
111000,0.006765956059098244,0.6003637313842773,0.5789853930473328,0.13896076381206512,0.5332,0.5312149524688721,0.6004,20000,369.9019639492035
112000,0.005661780945956707,0.6894999742507935,0.6238395571708679,0.12919241189956665,0.5344,0.4255238175392151,0.5968,20000,373.6441547870636
113000,0.0028505169320851564,0.632286548614502,0.6113064289093018,0.12083696573972702,0.5356000000000001,0.2950328588485718,0.5932,20000,377.5227949619293
114000,0.004984032362699509,0.7270529866218567,0.7453792095184326,0.11533631384372711,0.5368,0.49034255743026733,0.5895999999999999,20000,381.41763186454773
115000,0.004812751896679401,0.813011884689331,0.7433363795280457,0.16634482145309448,0.538,0.312562495470047,0.586,20000,385.3819351196289
116000,0.006455365568399429,0.5936418771743774,0.6245028972625732,0.11877289414405823,0.5392,0.5417975187301636,0.5824,20000,389.3411021232605
117000,0.008323637768626213,0.8156932592391968,0.836258053779602,0.17292886972427368,0.5404,0.4925188422203064,0.5788,20000,393.08681893348694
118000,0.004768493585288525,0.7336025834083557,0.8186198472976685,0.14363524317741394,0.5416,0.37686651945114136,0.5751999999999999,20000,396.76404881477356
119000,0.017104879021644592,0.7773827314376831,0.8006719350814819,0.1869896650314331,0.5428,0.5242136716842651,0.5716,20000,400.55219888687134
120000,0.007140960544347763,0.7009420394897461,0.7731146812438965,0.15689025819301605,0.544,0.4502312242984772,0.5680000000000001,20000,404.28101873397827
121000,0.0049088820815086365,0.7906486988067627,0.7750198841094971,0.12412016093730927,0.5452,0.4031863808631897,0.5644,20000,407.98682594299316
122000,0.007106234785169363,0.8445051908493042,0.8883978128433228,0.13600438833236694,0.5464,0.45619696378707886,0.5608,20000,411.7265319824219
123000,0.0028361494187265635,0.7089451551437378,0.6906793117523193,0.15173722803592682,0.5476,0.21124671399593353,0.5571999999999999,20000,415.7475769519806
124000,0.008774468675255775,0.8239537477493286,0.7975974678993225,0.1679895669221878,0.5488,0.367916464805603,0.5536,20000,419.7283079624176
125000,0.013219808228313923,0.8197697401046753,0.8114938735961914,0.19775579869747162,0.55,0.4628717303276062,0.55,20000,423.86091589927673
126000,0.01413592230528593,0.8664226531982422,0.8143774271011353,0.206191286444664,0.5512,0.4752485156059265,0.5464,20000,427.8222870826721
127000,0.006367458961904049,0.7194180488586426,0.7086215019226074,0.1305726319551468,0.5524,0.46878767013549805,0.5428,20000,431.58828806877136
128000,0.006937182508409023,0.6478768587112427,0.6730086803436279,0.12903037667274475,0.5536,0.512562096118927,0.5391999999999999,20000,435.57657384872437
129000,0.002952792914584279,0.7085169553756714,0.7310333251953125,0.09821636974811554,0.5548,0.3215535283088684,0.5356,20000,439.4740149974823
130000,0.009251762181520462,0.8267366886138916,0.8757315874099731,0.17178669571876526,0.556,0.4554564356803894,0.532,20000,443.64138174057007
131000,0.008523669093847275,1.0318043231964111,1.021613597869873,0.15725944936275482,0.5572,0.5011391639709473,0.5284,20000,447.45723485946655
132000,0.003964952193200588,0.965645968914032,0.9234658479690552,0.1278095841407776,0.5584,0.3119526505470276,0.5247999999999999,20000,451.31072998046875
133000,0.0022250376641750336,1.0530836582183838,1.0305818319320679,0.09270019829273224,0.5596,0.45013272762298584,0.5211999999999999,20000,455.23794984817505
134000,0.009442939423024654,0.8145663738250732,0.8211714625358582,0.20576432347297668,0.5608,0.3690864145755768,0.5176,20000,459.2481520175934
135000,0.008672854863107204,0.7315548658370972,0.7697297930717468,0.17118166387081146,0.562,0.45677757263183594,0.514,20000,463.05110812187195
136000,0.007331723812967539,0.8072241544723511,0.880582332611084,0.15711921453475952,0.5632,0.4529329836368561,0.5104,20000,467.1330828666687
137000,0.004152650013566017,1.0070459842681885,1.0338084697723389,0.1561916023492813,0.5644,0.2731407880783081,0.5067999999999999,20000,471.1691200733185
138000,0.00573411351069808,0.8286124467849731,0.8525907397270203,0.13253279030323029,0.5656,0.4189457595348358,0.5031999999999999,20000,475.2367489337921
139000,0.005953219719231129,0.8823581337928772,0.8867106437683105,0.1551012098789215,0.5668,0.3505869507789612,0.49959999999999993,20000,479.1649639606476
140000,0.003956663887947798,0.8567420244216919,0.8104650974273682,0.15208902955055237,0.5680000000000001,0.2294813096523285,0.4959999999999999,20000,483.08009910583496
141000,0.004109726753085852,0.9108594655990601,0.8564208745956421,0.11956571787595749,0.5692,0.4548465609550476,0.49240000000000006,20000,486.94086384773254
142000,0.00482561020180583,1.062507152557373,1.045804738998413,0.15366551280021667,0.5704,0.31988048553466797,0.4888,20000,490.83374309539795
143000,0.0037363460287451744,0.8992798924446106,0.9855302572250366,0.15737593173980713,0.5716,0.22421890497207642,0.4852000000000001,20000,494.70046496391296
144000,0.004345091991126537,0.8439357280731201,0.8436938524246216,0.12750333547592163,0.5728,0.41592079401016235,0.48160000000000003,20000,498.81581687927246
145000,0.00959433801472187,1.013241171836853,1.0926883220672607,0.1762039214372635,0.5740000000000001,0.4087820053100586,0.478,20000,502.63305282592773
146000,0.004530476406216621,0.8582776784896851,0.9377015829086304,0.16336482763290405,0.5752,0.20976494252681732,0.47440000000000004,20000,506.5596070289612
147000,0.004844285547733307,0.9058860540390015,0.9321807622909546,0.11223667860031128,0.5764,0.41763776540756226,0.4708,20000,510.5680339336395
148000,0.0009137304732576013,0.8575016260147095,0.8458869457244873,0.0640539899468422,0.5776,0.3251989483833313,0.46720000000000006,20000,514.5524520874023
149000,0.005910071544349194,1.1494648456573486,1.2259488105773926,0.15406188368797302,0.5788,0.35173511505126953,0.4636,20000,518.7009370326996
150000,0.007111955434083939,1.1308355331420898,1.071108341217041,0.14173875749111176,0.5800000000000001,0.5620321035385132,0.45999999999999996,20000,522.863499879837
151000,0.005685274489223957,0.9581790566444397,1.0023932456970215,0.1547103226184845,0.5812,0.33778876066207886,0.45640000000000003,20000,532.7201409339905
152000,0.0023427812848240137,0.9413980841636658,0.9755210280418396,0.10445033013820648,0.5824,0.25468337535858154,0.4528,20000,536.72252202034
153000,0.006298464722931385,0.8191025257110596,0.8911983370780945,0.13460156321525574,0.5836,0.4345266819000244,0.44920000000000004,20000,540.7201929092407
154000,0.004404019098728895,1.1373926401138306,1.1305656433105469,0.13787975907325745,0.5848,0.3039192855358124,0.4456,20000,544.6690490245819
155000,0.005600977689027786,0.8653109073638916,0.8500490188598633,0.14996299147605896,0.5860000000000001,0.45842552185058594,0.44199999999999995,20000,548.606057882309
156000,0.00449251988902688,1.0851861238479614,1.0617146492004395,0.16619732975959778,0.5872,0.22943264245986938,0.4384,20000,552.5517308712006
157000,0.01028769463300705,0.8921929597854614,0.8280078172683716,0.15732289850711823,0.5884,0.4735824465751648,0.43479999999999996,20000,556.3848371505737
158000,0.004887414164841175,1.1336591243743896,1.1706945896148682,0.12772980332374573,0.5896,0.3567640483379364,0.4312,20000,560.2953720092773
159000,0.006973561830818653,1.1221996545791626,1.143863558769226,0.14597958326339722,0.5908,0.46009010076522827,0.4276,20000,564.1128697395325
160000,0.006911532022058964,1.056290626525879,1.0557589530944824,0.16429711878299713,0.5920000000000001,0.4004453122615814,0.42399999999999993,20000,567.9599738121033
161000,0.006358650512993336,1.0035474300384521,1.0389090776443481,0.14713844656944275,0.5932000000000001,0.4177587628364563,0.4204,20000,571.8071830272675
162000,0.013657324016094208,1.1652377843856812,1.2386406660079956,0.23325751721858978,0.5944,0.3907835781574249,0.41679999999999995,20000,575.6519720554352
163000,0.005263203755021095,1.0551356077194214,0.9874458312988281,0.15123441815376282,0.5956,0.3267754912376404,0.4132,20000,579.8659539222717
164000,0.0034251518081873655,1.0572528839111328,1.053070306777954,0.0953483134508133,0.5968,0.4976244866847992,0.40959999999999996,20000,583.9692690372467
165000,0.006518657319247723,1.2307394742965698,1.287923812866211,0.19099709391593933,0.5980000000000001,0.25216811895370483,0.4059999999999999,20000,588.2132349014282
166000,0.013943728990852833,0.9206795692443848,0.9907665252685547,0.18973952531814575,0.5992000000000001,0.5529674291610718,0.4024,20000,592.3461999893188
167000,0.012982482090592384,1.156369924545288,1.189194917678833,0.20703920722007751,0.6004,0.39783817529678345,0.39879999999999993,20000,596.3214447498322
168000,0.0052811685018241405,1.1110749244689941,1.146798849105835,0.16683825850486755,0.6016,0.34058186411857605,0.3952,20000,600.4878349304199
169000,0.010349281132221222,0.9057826995849609,0.8776212930679321,0.19780638813972473,0.6028,0.4148268699645996,0.39159999999999995,20000,604.5243508815765
170000,0.006489811465144157,1.0624113082885742,1.0037050247192383,0.17098745703697205,0.6040000000000001,0.38304680585861206,0.3879999999999999,20000,608.5658228397369
171000,0.016056343913078308,1.231328010559082,1.2120139598846436,0.17811205983161926,0.6052000000000001,0.575878381729126,0.38439999999999996,20000,612.7232398986816
172000,0.007791318465024233,1.205865740776062,1.2416529655456543,0.16476911306381226,0.6064,0.3995572626590729,0.3808,20000,616.7886819839478
173000,0.005167127586901188,1.2089366912841797,1.1459672451019287,0.15707139670848846,0.6076,0.311399906873703,0.3772,20000,620.8837308883667
174000,0.005758891347795725,0.9684127569198608,0.9520577192306519,0.1341724842786789,0.6088,0.4552119970321655,0.37360000000000004,20000,625.0871648788452
175000,0.005384748335927725,1.0538008213043213,1.1130714416503906,0.14370298385620117,0.61,0.36408117413520813,0.37,20000,629.4117708206177
176000,0.0028694828506559134,1.22145414352417,1.2958502769470215,0.17993071675300598,0.6112,0.14456981420516968,0.36640000000000006,20000,633.4287071228027
177000,0.0192025825381279,1.0518295764923096,1.1226046085357666,0.2402171790599823,0.6124,0.49982383847236633,0.3628,20000,637.7830121517181
178000,0.004007461480796337,1.0483348369598389,1.0496392250061035,0.10217384994029999,0.6136,0.4679073989391327,0.35919999999999996,20000,641.8691730499268
179000,0.004115710966289043,1.0830793380737305,1.114367961883545,0.10789738595485687,0.6148,0.40753963589668274,0.3556,20000,645.8554589748383
180000,0.006735897623002529,0.926301896572113,0.9884536266326904,0.13584700226783752,0.616,0.4402102828025818,0.352,20000,649.8750960826874
181000,0.007088382728397846,1.4624104499816895,1.5009772777557373,0.15763214230537415,0.6172,0.4048217236995697,0.34840000000000004,20000,653.8663628101349
182000,0.007968053221702576,1.2025561332702637,1.2062835693359375,0.18406595289707184,0.6184000000000001,0.29974496364593506,0.3448,20000,658.0908570289612
183000,0.010957162827253342,1.2563774585723877,1.2707860469818115,0.18773150444030762,0.6196,0.4652368426322937,0.34119999999999995,20000,662.4384739398956
184000,0.013050847686827183,1.2645702362060547,1.3491792678833008,0.2270364612340927,0.6208,0.4060851037502289,0.3376,20000,666.6408948898315
185000,0.011401360854506493,1.0169914960861206,0.9591250419616699,0.1897384226322174,0.622,0.471108078956604,0.33399999999999996,20000,670.8429210186005
186000,0.003919697366654873,1.3533639907836914,1.2737398147583008,0.11656638979911804,0.6232,0.389174222946167,0.3304,20000,674.9855790138245
187000,0.018086310476064682,1.3353924751281738,1.4488492012023926,0.2376435101032257,0.6244000000000001,0.47491323947906494,0.3268,20000,679.3199880123138
188000,0.0035450973082333803,1.1873552799224854,1.1328388452529907,0.14507237076759338,0.6256,0.22617271542549133,0.32319999999999993,20000,683.7469868659973
189000,0.006989325396716595,1.5392868518829346,1.4863457679748535,0.17373500764369965,0.6268,0.37365901470184326,0.3196,20000,687.9753758907318
190000,0.004028008319437504,1.2706427574157715,1.2979347705841064,0.17825041711330414,0.628,0.26422351598739624,0.31599999999999995,20000,692.4036920070648
191000,0.005029058083891869,1.270003318786621,1.3232260942459106,0.14855581521987915,0.6292,0.3055917024612427,0.3124,20000,696.6249339580536
192000,0.007666231133043766,1.340165376663208,1.333890438079834,0.14485490322113037,0.6304000000000001,0.5284576416015625,0.30879999999999996,20000,701.0271549224854
193000,0.010753560811281204,1.426243543624878,1.489241361618042,0.18405738472938538,0.6316,0.40729886293411255,0.3051999999999999,20000,705.1391758918762
194000,0.011564147658646107,1.398155689239502,1.4164729118347168,0.18875038623809814,0.6328,0.4415132403373718,0.3016,20000,709.523402929306
195000,0.006443900987505913,1.3219592571258545,1.3405557870864868,0.12564364075660706,0.634,0.4720204472541809,0.29799999999999993,20000,714.0891740322113
196000,0.0033412131015211344,1.1550341844558716,1.216259241104126,0.10833349823951721,0.6352,0.3303642272949219,0.2944,20000,718.3910629749298
197000,0.009323416277766228,1.3337390422821045,1.3193669319152832,0.17887423932552338,0.6364000000000001,0.42215996980667114,0.29079999999999995,20000,722.50949883461
198000,0.0037889296654611826,1.3062708377838135,1.3601477146148682,0.12124353647232056,0.6376000000000001,0.36056333780288696,0.2871999999999999,20000,726.6096708774567
199000,0.0050782086327672005,1.3959505558013916,1.456073522567749,0.13952216506004333,0.6388,0.3982033133506775,0.28359999999999996,20000,730.7089080810547
200000,0.0020514409989118576,1.3724087476730347,1.3493919372558594,0.11857642233371735,0.64,0.24591314792633057,0.2799999999999999,20000,734.7522809505463
201000,0.013591269962489605,1.451690435409546,1.5729550123214722,0.2295103520154953,0.6412,0.40053224563598633,0.2764,20000,745.3001530170441
202000,0.007123963441699743,1.5611438751220703,1.6314723491668701,0.20309153199195862,0.6424000000000001,0.29999881982803345,0.27279999999999993,20000,749.4413299560547
203000,0.008375562727451324,1.2284826040267944,1.2676444053649902,0.18601369857788086,0.6436000000000001,0.3326956629753113,0.2691999999999999,20000,753.5327360630035
204000,0.019656121730804443,1.430894374847412,1.5646356344223022,0.2516627609729767,0.6448,0.4418911337852478,0.26560000000000006,20000,757.5868549346924
205000,0.006123488303273916,1.414947509765625,1.4048904180526733,0.1686360239982605,0.646,0.322199285030365,0.262,20000,761.694641828537
206000,0.011968245729804039,1.2513750791549683,1.3464610576629639,0.20874464511871338,0.6472,0.3675191402435303,0.2584000000000001,20000,766.0377840995789
207000,0.006233755499124527,1.5604280233383179,1.6344900131225586,0.16713666915893555,0.6484,0.3258768618106842,0.2548,20000,770.4541628360748
208000,0.011102721095085144,1.3603522777557373,1.3291244506835938,0.21808823943138123,0.6496,0.3230862021446228,0.2512,20000,774.628744840622
209000,0.00250809034332633,1.3776737451553345,1.361262321472168,0.11708438396453857,0.6508,0.26429206132888794,0.24760000000000004,20000,778.842780828476
210000,0.01641371287405491,1.5688802003860474,1.691321849822998,0.22486382722854614,0.652,0.4655211567878723,0.244,20000,783.2924580574036
211000,0.009852010756731033,1.452324628829956,1.5364184379577637,0.1976427137851715,0.6532,0.38785332441329956,0.24040000000000006,20000,787.6893339157104
212000,0.019106097519397736,1.3551050424575806,1.3598074913024902,0.3467891812324524,0.6544,0.2880347967147827,0.2368,20000,792.2615537643433
213000,0.0065391045063734055,1.6870307922363281,1.7384178638458252,0.18550899624824524,0.6556,0.28166288137435913,0.23319999999999996,20000,796.6351029872894
214000,0.013975003734230995,1.5337741374969482,1.7129656076431274,0.2107420712709427,0.6568,0.45476579666137695,0.22960000000000003,20000,800.9976739883423
215000,0.005387842655181885,1.4982936382293701,1.4471744298934937,0.13494956493377686,0.658,0.48010367155075073,0.22599999999999998,20000,805.1383428573608
216000,0.0030299939680844545,1.3860398530960083,1.3622243404388428,0.13159684836864471,0.6592,0.3352394104003906,0.22240000000000004,20000,809.1658890247345
217000,0.01761672832071781,1.4146108627319336,1.4920446872711182,0.23711465299129486,0.6604,0.46368831396102905,0.2188,20000,813.301276922226
218000,0.005620800890028477,1.370123267173767,1.353233814239502,0.1645839810371399,0.6616,0.34257251024246216,0.21519999999999995,20000,817.404932975769
219000,0.0009122907649725676,1.4388951063156128,1.3607516288757324,0.18546946346759796,0.6628000000000001,0.06748541444540024,0.2116,20000,821.859461069107
220000,0.004047282040119171,1.464847445487976,1.4062373638153076,0.12299445271492004,0.664,0.3585074841976166,0.20799999999999996,20000,826.1285591125488
221000,0.010332955047488213,1.4855445623397827,1.5583171844482422,0.20287641882896423,0.6652,0.4325626492500305,0.20440000000000003,20000,830.3864979743958
222000,0.006555046886205673,1.546424388885498,1.5579806566238403,0.1426936388015747,0.6664,0.4685019254684448,0.20079999999999998,20000,834.6914739608765
223000,0.00814384501427412,1.418212652206421,1.3602006435394287,0.13995224237442017,0.6676,0.4083816111087799,0.19719999999999993,20000,838.835923910141
224000,0.007352661341428757,1.4452710151672363,1.3972097635269165,0.17337559163570404,0.6688000000000001,0.39894336462020874,0.1936,20000,843.1159949302673
225000,0.00829616654664278,1.4923535585403442,1.473118543624878,0.16968578100204468,0.67,0.3840915262699127,0.18999999999999995,20000,847.7003738880157
226000,0.013232587836682796,1.5678813457489014,1.5501301288604736,0.21607613563537598,0.6712,0.4310871362686157,0.1864,20000,852.0928959846497
227000,0.006800392642617226,1.3993533849716187,1.3316078186035156,0.2309008538722992,0.6724,0.21564795076847076,0.18279999999999996,20000,856.4169619083405
228000,0.004249900579452515,1.535046100616455,1.5580918788909912,0.1222076341509819,0.6736,0.44637906551361084,0.17919999999999991,20000,860.8218128681183
229000,0.0025097159668803215,1.5986984968185425,1.6404041051864624,0.1099427193403244,0.6748000000000001,0.29637545347213745,0.17559999999999998,20000,865.1639080047607
230000,0.00573354447260499,1.5042937994003296,1.3775441646575928,0.1620011031627655,0.676,0.27595651149749756,0.17199999999999993,20000,869.6394608020782
231000,0.0035896955523639917,1.7145066261291504,1.7336617708206177,0.10867694020271301,0.6772,0.3722347617149353,0.1684,20000,874.0610077381134
232000,0.005293743684887886,1.7609676122665405,1.7617433071136475,0.15244798362255096,0.6784,0.38900166749954224,0.16479999999999995,20000,878.4350028038025
233000,0.030308833345770836,1.7341418266296387,1.7905490398406982,0.3210524916648865,0.6796,0.45054763555526733,0.1611999999999999,20000,882.7869000434875
234000,0.0018848017789423466,1.5130698680877686,1.5868996381759644,0.17598487436771393,0.6808000000000001,0.12227664887905121,0.15759999999999996,20000,886.8310599327087
235000,0.007718105800449848,1.5804859399795532,1.5172431468963623,0.21946251392364502,0.6819999999999999,0.25682374835014343,0.15400000000000003,20000,890.9302430152893
236000,0.008026470430195332,1.542250156402588,1.6510530710220337,0.16103701293468475,0.6832,0.364694207906723,0.15039999999999998,20000,895.0122509002686
237000,0.007852956652641296,1.8288474082946777,1.7498856782913208,0.18027664721012115,0.6844,0.376318097114563,0.14680000000000004,20000,899.2514998912811
238000,0.01521841250360012,1.5929368734359741,1.628450632095337,0.20185419917106628,0.6856,0.5274045467376709,0.1432,20000,903.4378859996796
239000,0.0067186253145337105,1.690021276473999,1.6690164804458618,0.13622331619262695,0.6868000000000001,0.4942205846309662,0.13960000000000006,20000,907.9549040794373
240000,0.008199317380785942,1.5300116539001465,1.5850512981414795,0.19517958164215088,0.688,0.3241630494594574,0.136,20000,912.4724469184875
241000,0.004934844560921192,1.6190695762634277,1.56809663772583,0.1780114769935608,0.6892,0.20961177349090576,0.13239999999999996,20000,917.0688369274139
242000,0.014414343982934952,1.66981840133667,1.6284048557281494,0.17860272526741028,0.6904,0.5561947822570801,0.12880000000000003,20000,921.5286290645599
243000,0.00251734908670187,1.7584078311920166,1.7537649869918823,0.1191553920507431,0.6916,0.3101581931114197,0.12519999999999998,20000,925.9220559597015
244000,0.009485668502748013,1.5381838083267212,1.5350804328918457,0.16359375417232513,0.6928000000000001,0.49243026971817017,0.12160000000000004,20000,930.3756327629089
245000,0.02177136205136776,1.5724891424179077,1.4922281503677368,0.2629706561565399,0.694,0.47603318095207214,0.118,20000,934.952752828598
246000,0.011277196928858757,1.9854180812835693,1.9773361682891846,0.18174901604652405,0.6952,0.504638671875,0.11439999999999995,20000,939.4365320205688
247000,0.006555754691362381,1.7399691343307495,1.7062087059020996,0.16077043116092682,0.6964,0.36598116159439087,0.11080000000000001,20000,945.2412028312683
248000,0.006580951623618603,1.6347932815551758,1.7060301303863525,0.2015817016363144,0.6976,0.3038654327392578,0.10719999999999996,20000,949.7487599849701
249000,0.009825247339904308,1.5861473083496094,1.5589576959609985,0.19574454426765442,0.6988000000000001,0.41471385955810547,0.10360000000000003,20000,954.3778989315033
250000,0.003610397921875119,1.5629498958587646,1.5240914821624756,0.11931668221950531,0.7,0.36752018332481384,0.09999999999999998,20000,959.0243330001831
251000,0.008646671660244465,1.660935878753662,1.7231826782226562,0.17453822493553162,0.7012,0.4226471185684204,0.09999999999999998,20000,968.2550148963928
252000,0.012469055131077766,1.6905343532562256,1.6773836612701416,0.22805693745613098,0.7024,0.3624827265739441,0.09999999999999998,20000,972.4794728755951
253000,0.01923806592822075,1.7480838298797607,1.707840085029602,0.3060365319252014,0.7036,0.32499003410339355,0.09999999999999998,20000,976.6677010059357
254000,0.004832858219742775,1.7050197124481201,1.7364354133605957,0.14371663331985474,0.7048000000000001,0.3941062390804291,0.09999999999999998,20000,981.1933770179749
255000,0.003585911588743329,1.7223447561264038,1.7790101766586304,0.19245418906211853,0.706,0.19263151288032532,0.09999999999999998,20000,985.6491439342499
256000,0.008151200599968433,1.6891403198242188,1.7886321544647217,0.17455369234085083,0.7072,0.398328572511673,0.09999999999999998,20000,989.9059340953827
257000,0.008043382316827774,1.6712297201156616,1.6716084480285645,0.17161566019058228,0.7084,0.40243440866470337,0.09999999999999998,20000,994.0563769340515
258000,0.010441923514008522,1.7745317220687866,1.8345415592193604,0.20236854255199432,0.7096,0.3666924238204956,0.09999999999999998,20000,998.2239098548889
259000,0.0072893379256129265,1.7903231382369995,1.824834942817688,0.17002330720424652,0.7108000000000001,0.44401782751083374,0.09999999999999998,20000,1002.768816947937
260000,0.0033516075927764177,1.4132623672485352,1.4261510372161865,0.14299243688583374,0.712,0.26439327001571655,0.09999999999999998,20000,1007.117250919342
261000,0.005399742629379034,1.741218090057373,1.6599234342575073,0.1395939290523529,0.7132000000000001,0.41712939739227295,0.09999999999999998,20000,1011.3309187889099
262000,0.006943943444639444,1.6393215656280518,1.6373767852783203,0.18054427206516266,0.7144,0.4241701364517212,0.09999999999999998,20000,1015.9183259010315
263000,0.010191956534981728,1.8889892101287842,1.973385214805603,0.2233923077583313,0.7156,0.3085814416408539,0.09999999999999998,20000,1020.4653370380402
264000,0.005436236038804054,1.5989786386489868,1.587651252746582,0.1658315360546112,0.7168000000000001,0.2898501455783844,0.09999999999999998,20000,1024.9671969413757
265000,0.00863179937005043,1.596560001373291,1.7395105361938477,0.19859173893928528,0.718,0.3826836943626404,0.09999999999999998,20000,1029.6096909046173
266000,0.004858971573412418,1.809011697769165,1.8471996784210205,0.12616132199764252,0.7192000000000001,0.4500713050365448,0.09999999999999998,20000,1034.0692899227142
267000,0.0033645329531282187,1.6966739892959595,1.7105720043182373,0.1482507735490799,0.7204,0.2994861900806427,0.09999999999999998,20000,1038.67245388031
268000,0.006008598953485489,1.4988009929656982,1.6179625988006592,0.18658044934272766,0.7216,0.2703779935836792,0.09999999999999998,20000,1043.0526540279388
269000,0.011630026623606682,1.816090703010559,1.8151929378509521,0.1892886459827423,0.7228000000000001,0.47987669706344604,0.09999999999999998,20000,1047.2387981414795
270000,0.002593305427581072,1.6059794425964355,1.6256093978881836,0.11591209471225739,0.724,0.31767547130584717,0.09999999999999998,20000,1051.516613960266
271000,0.0037768427282571793,1.6788856983184814,1.716758131980896,0.14128664135932922,0.7252000000000001,0.31540897488594055,0.09999999999999998,20000,1055.7001819610596
272000,0.0035669957287609577,1.5719225406646729,1.5568509101867676,0.1144653707742691,0.7264,0.4213964343070984,0.09999999999999998,20000,1059.9171540737152
273000,0.0022634901106357574,1.6544073820114136,1.748288869857788,0.1428810954093933,0.7276,0.20100858807563782,0.09999999999999998,20000,1064.4812459945679
274000,0.0070518492721021175,1.7509859800338745,1.721792221069336,0.1598447859287262,0.7288000000000001,0.4027509093284607,0.09999999999999998,20000,1069.0615720748901
275000,0.0055870418436825275,1.7867518663406372,1.8730286359786987,0.1869664192199707,0.73,0.3068144917488098,0.09999999999999998,20000,1073.5419478416443
276000,0.004794166423380375,1.6968355178833008,1.5947861671447754,0.1477641761302948,0.7312000000000001,0.37137138843536377,0.09999999999999998,20000,1078.0420479774475
277000,0.006650775671005249,1.7861248254776,1.8728599548339844,0.18549688160419464,0.7324,0.33862197399139404,0.09999999999999998,20000,1082.6808619499207
278000,0.004251257516443729,1.7829302549362183,1.7666535377502441,0.13023297488689423,0.7336,0.4014173746109009,0.09999999999999998,20000,1087.1729798316956
279000,0.004120459780097008,1.7349659204483032,1.770872950553894,0.16436989605426788,0.7348000000000001,0.24125292897224426,0.09999999999999998,20000,1091.9203689098358
280000,0.0034563324879854918,1.6243925094604492,1.6479319334030151,0.12299855798482895,0.736,0.3938103914260864,0.09999999999999998,20000,1096.311084985733
281000,0.007847165688872337,1.761866569519043,1.6564337015151978,0.18406617641448975,0.7372000000000001,0.32688772678375244,0.09999999999999998,20000,1100.8680970668793
282000,0.0022696303203701973,1.5145289897918701,1.5514278411865234,0.13927564024925232,0.7384,0.11225290596485138,0.09999999999999998,20000,1105.3910839557648
283000,0.007011488080024719,1.7407702207565308,1.7454113960266113,0.17315366864204407,0.7396,0.4053471088409424,0.09999999999999998,20000,1109.835186958313
284000,0.005393085069954395,1.7660080194473267,1.7711706161499023,0.16132918000221252,0.7407999999999999,0.3713143467903137,0.09999999999999998,20000,1114.3026208877563
285000,0.0031283553689718246,1.8179501295089722,1.822716474533081,0.1466633677482605,0.742,0.2348226010799408,0.09999999999999998,20000,1119.041934967041
286000,0.003390552243217826,1.5985690355300903,1.5544068813323975,0.12403061240911484,0.7432,0.34063732624053955,0.09999999999999998,20000,1123.5404179096222
287000,0.009200824424624443,1.861393690109253,1.7433464527130127,0.2185215950012207,0.7444,0.33373624086380005,0.09999999999999998,20000,1127.7391180992126
288000,0.007089809514582157,1.7850778102874756,1.6896989345550537,0.20252320170402527,0.7456,0.2664148807525635,0.09999999999999998,20000,1131.9527637958527
289000,0.0036021796986460686,1.9145622253417969,1.9130194187164307,0.18040013313293457,0.7467999999999999,0.2032959759235382,0.09999999999999998,20000,1136.1196389198303
290000,0.004765122663229704,1.7041501998901367,1.7448959350585938,0.14891476929187775,0.748,0.30711787939071655,0.09999999999999998,20000,1140.3165819644928
291000,0.004525127355009317,1.8157885074615479,1.8754737377166748,0.20223060250282288,0.7492,0.23117506504058838,0.09999999999999998,20000,1144.856304883957
292000,0.0048912288621068,2.069301128387451,2.156332492828369,0.16933533549308777,0.7504,0.39055585861206055,0.09999999999999998,20000,1149.4001259803772
293000,0.005097058601677418,1.7790720462799072,1.7688065767288208,0.1419573426246643,0.7516,0.38290226459503174,0.09999999999999998,20000,1154.0495119094849
294000,0.006976758595556021,1.7438980340957642,1.783076286315918,0.1757316291332245,0.7527999999999999,0.37328845262527466,0.09999999999999998,20000,1158.7076280117035
295000,0.003035595640540123,1.7707757949829102,1.7330487966537476,0.11825446784496307,0.754,0.3585466146469116,0.09999999999999998,20000,1163.2027881145477
296000,0.0038801059126853943,1.724873661994934,1.7273638248443604,0.12732140719890594,0.7552,0.4104793667793274,0.09999999999999998,20000,1167.7490329742432
297000,0.009504256770014763,1.9595720767974854,1.9500945806503296,0.20055624842643738,0.7564,0.3933714032173157,0.09999999999999998,20000,1172.0063190460205
298000,0.004102295730262995,1.9112722873687744,1.886281132698059,0.16194337606430054,0.7576,0.22534218430519104,0.09999999999999998,20000,1176.4382948875427
299000,0.0049528032541275024,1.9444303512573242,1.9342601299285889,0.16152700781822205,0.7587999999999999,0.27584460377693176,0.09999999999999998,20000,1181.05495595932
300000,0.0024524128530174494,1.8317879438400269,1.8971292972564697,0.146792471408844,0.76,0.21917098760604858,0.09999999999999998,20000,1185.3938949108124
301000,0.0019318342674523592,1.7926716804504395,1.7402276992797852,0.17837023735046387,0.7612,0.12820930778980255,0.09999999999999998,20000,1196.105929851532
302000,0.010269979014992714,1.8639538288116455,1.8231933116912842,0.18559396266937256,0.7624,0.4118989408016205,0.09999999999999998,20000,1200.4199931621552
303000,0.003647414967417717,1.7139427661895752,1.7080535888671875,0.11489451676607132,0.7636000000000001,0.3725101351737976,0.09999999999999998,20000,1204.6494719982147
304000,0.0037856558337807655,1.7990909814834595,1.787226915359497,0.13030193746089935,0.7647999999999999,0.39368724822998047,0.09999999999999998,20000,1208.937686920166
305000,0.0029621708672493696,1.9248073101043701,1.8635700941085815,0.19095301628112793,0.766,0.16793754696846008,0.09999999999999998,20000,1213.1116449832916
306000,0.0056522805243730545,1.8782191276550293,1.911766529083252,0.16741615533828735,0.7672,0.34572428464889526,0.09999999999999998,20000,1217.2792119979858
307000,0.013281328603625298,1.8622493743896484,1.9215290546417236,0.2387116253376007,0.7684,0.35418984293937683,0.09999999999999998,20000,1221.4159989356995
308000,0.00235962076112628,1.7758375406265259,1.8400849103927612,0.12225712090730667,0.7696000000000001,0.23989585041999817,0.09999999999999998,20000,1225.7509529590607
309000,0.006500881165266037,1.7277017831802368,1.6648046970367432,0.16621652245521545,0.7707999999999999,0.3434704840183258,0.09999999999999998,20000,1230.2417631149292
310000,0.002223702147603035,1.789365530014038,1.8105323314666748,0.1291617453098297,0.772,0.2387802004814148,0.09999999999999998,20000,1234.5260138511658
311000,0.003188862232491374,1.8982961177825928,1.8422436714172363,0.13744568824768066,0.7732,0.312053382396698,0.09999999999999998,20000,1239.1408739089966
312000,0.013017697259783745,1.7447938919067383,1.5879915952682495,0.22965098917484283,0.7744,0.4404861330986023,0.09999999999999998,20000,1243.6147708892822
313000,0.00627449806779623,2.1165218353271484,2.1760940551757812,0.1591426134109497,0.7756000000000001,0.4272918701171875,0.09999999999999998,20000,1247.8093769550323
314000,0.009767884388566017,1.7476543188095093,1.7930017709732056,0.17552664875984192,0.7767999999999999,0.454759418964386,0.09999999999999998,20000,1252.417737007141
315000,0.0030205307994037867,1.8303565979003906,1.7765161991119385,0.26202642917633057,0.778,0.09514665603637695,0.09999999999999998,20000,1256.8794920444489
316000,0.002382253296673298,1.6750366687774658,1.714125394821167,0.16027548909187317,0.7792,0.24198830127716064,0.09999999999999998,20000,1261.4561789035797
317000,0.0028938099276274443,1.7297390699386597,1.6873645782470703,0.13178807497024536,0.7804,0.26740896701812744,0.09999999999999998,20000,1266.2699508666992
318000,0.005339113995432854,1.9136393070220947,1.9881325960159302,0.1496131271123886,0.7816000000000001,0.3751887083053589,0.09999999999999998,20000,1270.944090127945
319000,0.002156276721507311,1.74320387840271,1.6859869956970215,0.20406204462051392,0.7827999999999999,0.10799843072891235,0.09999999999999998,20000,1275.4320261478424
320000,0.0022690407931804657,1.941308617591858,1.9483402967453003,0.14160668849945068,0.784,0.2281695455312729,0.09999999999999998,20000,1279.9321610927582
321000,0.007888218387961388,1.7406609058380127,1.6900618076324463,0.18706849217414856,0.7852,0.3539011478424072,0.09999999999999998,20000,1284.468475818634
322000,0.0055631850846111774,1.9396424293518066,1.9539629220962524,0.14808747172355652,0.7864,0.44710659980773926,0.09999999999999998,20000,1288.615728855133
323000,0.004643160849809647,1.9583957195281982,2.0386154651641846,0.14965827763080597,0.7876000000000001,0.3120482265949249,0.09999999999999998,20000,1292.8403940200806
324000,0.004696802236139774,1.807440996170044,1.8789373636245728,0.14612852036952972,0.7888,0.3917117118835449,0.09999999999999998,20000,1296.9352219104767
325000,0.004016255959868431,1.8408522605895996,1.906111240386963,0.2093542516231537,0.79,0.19820891320705414,0.09999999999999998,20000,1301.157881975174
326000,0.003208248410373926,1.9425175189971924,1.9015507698059082,0.10948290675878525,0.7912,0.3567977547645569,0.09999999999999998,20000,1305.4395229816437
327000,0.0034823715686798096,1.7805523872375488,1.7655103206634521,0.1419360488653183,0.7924,0.31730377674102783,0.09999999999999998,20000,1309.8896970748901
328000,0.003059122711420059,1.8702013492584229,1.8538116216659546,0.13638165593147278,0.7936000000000001,0.28665024042129517,0.09999999999999998,20000,1314.4591889381409
329000,0.012774602510035038,2.033567428588867,2.205989360809326,0.215372696518898,0.7948,0.4451581835746765,0.09999999999999998,20000,1319.1695611476898
330000,0.015558280050754547,2.0059313774108887,2.09043550491333,0.28342360258102417,0.796,0.41169288754463196,0.09999999999999998,20000,1323.8978381156921
331000,0.0022702307906001806,1.9038913249969482,1.8401143550872803,0.17616228759288788,0.7972,0.14507873356342316,0.09999999999999998,20000,1328.304897069931
332000,0.006601343862712383,1.8464502096176147,1.8828370571136475,0.20050641894340515,0.7984,0.28904837369918823,0.09999999999999998,20000,1333.0447449684143
333000,0.004917404614388943,1.9884636402130127,1.978092074394226,0.1474795937538147,0.7996000000000001,0.3502722680568695,0.09999999999999998,20000,1337.6098699569702
334000,0.003871277906000614,1.8485405445098877,1.7848587036132812,0.17239324748516083,0.8008,0.22382760047912598,0.09999999999999998,20000,1342.1491000652313
335000,0.005317624658346176,1.746274709701538,1.7736108303070068,0.1993858963251114,0.802,0.2576366364955902,0.09999999999999998,20000,1346.789442062378
336000,0.004983770195394754,1.941775918006897,2.0032896995544434,0.1794147491455078,0.8032,0.26306673884391785,0.09999999999999998,20000,1351.229374885559
337000,0.0045193759724497795,1.7280468940734863,1.6994941234588623,0.15909206867218018,0.8044,0.29326826333999634,0.09999999999999998,20000,1355.6777300834656
338000,0.005329713225364685,1.8636835813522339,1.8756706714630127,0.14514632523059845,0.8056000000000001,0.35877883434295654,0.09999999999999998,20000,1360.2497639656067
339000,0.005191008560359478,1.7471568584442139,1.8010118007659912,0.19288703799247742,0.8068,0.2478594183921814,0.09999999999999998,20000,1364.768494129181
340000,0.00976341962814331,1.8044151067733765,1.7539311647415161,0.20156335830688477,0.808,0.36689937114715576,0.09999999999999998,20000,1369.0701320171356
341000,0.004178076982498169,1.779412031173706,1.7760229110717773,0.15355712175369263,0.8092,0.2856220304965973,0.09999999999999998,20000,1373.3071417808533
342000,0.0053761787712574005,1.815826416015625,1.8283915519714355,0.15220116078853607,0.8104,0.37084776163101196,0.09999999999999998,20000,1377.4834129810333
343000,0.0038315793499350548,2.0585789680480957,2.0357534885406494,0.16461151838302612,0.8116000000000001,0.23918139934539795,0.09999999999999998,20000,1381.6890637874603
344000,0.002303300891071558,1.9983367919921875,2.0145459175109863,0.1664257049560547,0.8128,0.17612671852111816,0.09999999999999998,20000,1385.9205980300903
345000,0.0015962743200361729,1.857020378112793,1.8250081539154053,0.11863669008016586,0.8140000000000001,0.21093116700649261,0.09999999999999998,20000,1390.4533638954163
346000,0.004749766550958157,1.9386467933654785,1.9639934301376343,0.16954413056373596,0.8151999999999999,0.32562971115112305,0.09999999999999998,20000,1395.1536650657654
347000,0.003631738480180502,1.837301254272461,1.8530186414718628,0.11874599754810333,0.8164,0.423339307308197,0.09999999999999998,20000,1399.7966079711914
348000,0.0020289160311222076,1.9908808469772339,1.9336717128753662,0.13946989178657532,0.8176,0.20403996109962463,0.09999999999999998,20000,1404.360179901123
349000,0.003927520476281643,1.9204891920089722,1.9384430646896362,0.1289016306400299,0.8188,0.358642041683197,0.09999999999999998,20000,1408.7551980018616
350000,0.0021599228493869305,1.8441059589385986,1.8718456029891968,0.16771245002746582,0.8200000000000001,0.20250928401947021,0.09999999999999998,20000,1413.4748139381409
351000,0.0022772145457565784,2.041534423828125,2.0728487968444824,0.11874959617853165,0.8211999999999999,0.28089573979377747,0.09999999999999998,20000,1423.194706916809
352000,0.003290934022516012,1.9508250951766968,1.9222784042358398,0.1521891951560974,0.8224,0.2571974992752075,0.09999999999999998,20000,1427.4257190227509
353000,0.005194089375436306,1.9226828813552856,1.9637213945388794,0.15742667019367218,0.8236,0.39640867710113525,0.09999999999999998,20000,1431.6340548992157
354000,0.0022101395297795534,1.9430294036865234,1.9572534561157227,0.1313377320766449,0.8248,0.2939184010028839,0.09999999999999998,20000,1435.7835068702698
355000,0.0021110274828970432,1.854024887084961,1.8162294626235962,0.13699445128440857,0.8260000000000001,0.19537165760993958,0.09999999999999998,20000,1439.9100239276886
356000,0.005763532128185034,2.050896644592285,2.023746967315674,0.16173548996448517,0.8271999999999999,0.3633890450000763,0.09999999999999998,20000,1444.106230020523
357000,0.0029405809473246336,1.9883278608322144,1.9317474365234375,0.1589009165763855,0.8284,0.2350446879863739,0.09999999999999998,20000,1448.2710540294647
358000,0.0019773500971496105,2.042673110961914,1.9956483840942383,0.10523885488510132,0.8296,0.24703070521354675,0.09999999999999998,20000,1452.4165308475494
359000,0.0022969990968704224,2.0224483013153076,2.054069757461548,0.1015360951423645,0.8308,0.2679283320903778,0.09999999999999998,20000,1456.606917142868
360000,0.009893708862364292,2.1209797859191895,1.894418716430664,0.2948731482028961,0.8320000000000001,0.27921438217163086,0.09999999999999998,20000,1460.8330328464508
361000,0.0021970882080495358,1.9144489765167236,1.9345324039459229,0.12167192250490189,0.8331999999999999,0.16821999847888947,0.09999999999999998,20000,1465.0524411201477
362000,0.004527221899479628,2.309340000152588,2.2890806198120117,0.1317262500524521,0.8344,0.4016532897949219,0.09999999999999998,20000,1469.1717240810394
363000,0.009906305000185966,2.2601208686828613,2.3022115230560303,0.21951411664485931,0.8356,0.3262913227081299,0.09999999999999998,20000,1473.3630111217499
364000,0.005187902599573135,2.0816102027893066,2.079172372817993,0.1430351436138153,0.8368,0.3935856223106384,0.09999999999999998,20000,1477.4591479301453
365000,0.001926630618982017,1.8876237869262695,1.894455909729004,0.15796449780464172,0.8380000000000001,0.15554696321487427,0.09999999999999998,20000,1481.5770020484924
366000,0.005340085364878178,2.1679742336273193,2.159745454788208,0.17076176404953003,0.8392,0.33498871326446533,0.09999999999999998,20000,1485.6796107292175
367000,0.003917474299669266,2.0681183338165283,2.076382875442505,0.12856364250183105,0.8404,0.4463508725166321,0.09999999999999998,20000,1489.8039300441742
368000,0.0029262718744575977,1.9461063146591187,1.9713541269302368,0.12380409985780716,0.8416,0.3270108997821808,0.09999999999999998,20000,1494.3279831409454
369000,0.003064447082579136,1.9615898132324219,1.9692420959472656,0.15334080159664154,0.8428,0.24708470702171326,0.09999999999999998,20000,1499.5333287715912
370000,0.006288256496191025,1.787776231765747,1.6980211734771729,0.18032526969909668,0.8440000000000001,0.3324938416481018,0.09999999999999998,20000,1504.584594964981
371000,0.004408661741763353,2.0123891830444336,2.0121843814849854,0.2500359117984772,0.8452,0.17469124495983124,0.09999999999999998,20000,1509.7737300395966
372000,0.0018621815834194422,2.1518077850341797,2.1487877368927,0.10353302955627441,0.8464,0.2825603485107422,0.09999999999999998,20000,1514.6001739501953
373000,0.0016621893737465143,1.9715383052825928,1.8900874853134155,0.11936214566230774,0.8476,0.19585803151130676,0.09999999999999998,20000,1520.0090391635895
374000,0.0024754400365054607,2.0416367053985596,2.07592511177063,0.14727574586868286,0.8488,0.17585213482379913,0.09999999999999998,20000,1524.8088891506195
375000,0.005243166349828243,2.4061384201049805,2.438166856765747,0.1598273515701294,0.85,0.3553081154823303,0.09999999999999998,20000,1529.3182408809662
376000,0.002791957464069128,1.9473410844802856,2.031126022338867,0.1996735781431198,0.8512,0.14923925697803497,0.09999999999999998,20000,1533.9295449256897
377000,0.0016058883629739285,2.225846290588379,2.291090250015259,0.13655707240104675,0.8524,0.16185152530670166,0.09999999999999998,20000,1538.3313541412354
378000,0.001589311519637704,2.3505444526672363,2.404224395751953,0.11950776726007462,0.8536,0.2273320108652115,0.09999999999999998,20000,1543.6495621204376
379000,0.007357409223914146,2.080723762512207,2.0105676651000977,0.2547644078731537,0.8548,0.2717204988002777,0.09999999999999998,20000,1548.3110859394073
380000,0.0032118267845362425,2.118466377258301,2.1926801204681396,0.19045139849185944,0.856,0.16434580087661743,0.09999999999999998,20000,1552.8643720149994
381000,0.0014572408981621265,2.2939558029174805,2.277907371520996,0.11272457242012024,0.8572,0.22482091188430786,0.09999999999999998,20000,1557.2885701656342
382000,0.004162621684372425,2.2183918952941895,2.1629979610443115,0.16753403842449188,0.8584,0.29374969005584717,0.09999999999999998,20000,1561.8919007778168
383000,0.0011149139609187841,2.157414436340332,2.163017749786377,0.09454397857189178,0.8596,0.23757193982601166,0.09999999999999998,20000,1566.4367830753326
384000,0.0026721542235463858,2.055572271347046,2.0775575637817383,0.10745090246200562,0.8608,0.32503533363342285,0.09999999999999998,20000,1570.683228969574
385000,0.0015409853076562285,1.9325053691864014,1.9186396598815918,0.11411195993423462,0.862,0.24879947304725647,0.09999999999999998,20000,1574.8569359779358
386000,0.005343868397176266,2.219531536102295,2.1673495769500732,0.13817749917507172,0.8632,0.42704513669013977,0.09999999999999998,20000,1578.9793059825897
387000,0.004193244036287069,2.368405818939209,2.316993236541748,0.15553821623325348,0.8644000000000001,0.3237122595310211,0.09999999999999998,20000,1583.0912628173828
388000,0.006710720248520374,1.879173994064331,1.720231533050537,0.26416248083114624,0.8656,0.2277376800775528,0.09999999999999998,20000,1587.705680847168
389000,0.010510960593819618,2.1869192123413086,2.0285017490386963,0.23737306892871857,0.8668,0.3719179630279541,0.09999999999999998,20000,1591.9995257854462
390000,0.005801844410598278,2.2728445529937744,2.2828214168548584,0.16948333382606506,0.868,0.3809329867362976,0.09999999999999998,20000,1596.4416267871857
391000,0.0008850152953527868,2.3021793365478516,2.304027557373047,0.13194042444229126,0.8692,0.08428724110126495,0.09999999999999998,20000,1600.7887439727783
392000,0.004970544017851353,2.28094744682312,2.257416009902954,0.21874858438968658,0.8704000000000001,0.19041818380355835,0.09999999999999998,20000,1605.042242050171
393000,0.002331470837816596,2.277073860168457,2.2442781925201416,0.11381647735834122,0.8716,0.32975268363952637,0.09999999999999998,20000,1609.4577951431274
394000,0.004823869094252586,2.2010338306427,2.198932647705078,0.2103174328804016,0.8728,0.23485927283763885,0.09999999999999998,20000,1613.9576709270477
395000,0.0032133804634213448,2.2591824531555176,2.311481237411499,0.1403968334197998,0.874,0.2901081442832947,0.09999999999999998,20000,1618.5431518554688
396000,0.006246363744139671,2.1093506813049316,2.0585498809814453,0.22278471291065216,0.8752,0.3368217945098877,0.09999999999999998,20000,1623.2419559955597
397000,0.004784770775586367,2.0735790729522705,1.9956905841827393,0.13510504364967346,0.8764000000000001,0.36785203218460083,0.09999999999999998,20000,1628.8985080718994
398000,0.001750596915371716,2.1962215900421143,2.1919827461242676,0.12354573607444763,0.8776,0.22787271440029144,0.09999999999999998,20000,1634.4287757873535
399000,0.002285419497638941,2.009038209915161,2.046410322189331,0.12624332308769226,0.8788,0.25916627049446106,0.09999999999999998,20000,1639.47434091568
400000,0.010996263474225998,2.328911304473877,2.2381649017333984,0.2647770345211029,0.88,0.350597620010376,0.09999999999999998,20000,1644.0927619934082
401000,0.0009951482061296701,2.1091253757476807,2.1650590896606445,0.14634455740451813,0.8812,0.10428356379270554,0.09999999999999998,20000,1655.6306338310242
402000,0.004325232468545437,2.380117893218994,2.344109058380127,0.15859612822532654,0.8824000000000001,0.3652344346046448,0.09999999999999998,20000,1659.885004043579
403000,0.004267923533916473,2.3306260108947754,2.294050455093384,0.16021005809307098,0.8836,0.30903351306915283,0.09999999999999998,20000,1664.0458889007568
404000,0.007013772614300251,2.293051242828369,2.2352452278137207,0.18232962489128113,0.8848,0.34386152029037476,0.09999999999999998,20000,1668.670511007309
405000,0.002264603041112423,2.553704261779785,2.5483579635620117,0.14192432165145874,0.886,0.20351171493530273,0.09999999999999998,20000,1672.8274359703064
406000,0.0025821630842983723,2.247605323791504,2.36490535736084,0.1775290071964264,0.8872,0.17678987979888916,0.09999999999999998,20000,1677.1339588165283
407000,0.001952568651176989,2.2359211444854736,2.272512912750244,0.10558444261550903,0.8884,0.33417007327079773,0.09999999999999998,20000,1681.705006122589
408000,0.003667954821139574,2.1790671348571777,2.224273204803467,0.14211511611938477,0.8896,0.34815511107444763,0.09999999999999998,20000,1686.243814945221
409000,0.0037752236239612103,2.0365800857543945,2.043458938598633,0.15796694159507751,0.8908,0.2898942232131958,0.09999999999999998,20000,1690.547667980194
410000,0.012295752763748169,2.1334753036499023,2.2198619842529297,0.23958373069763184,0.8919999999999999,0.41274118423461914,0.09999999999999998,20000,1695.084146976471
411000,0.001544355065561831,2.314516067504883,2.2764930725097656,0.1514654904603958,0.8932,0.12456156313419342,0.09999999999999998,20000,1699.509356021881
412000,0.002450997941195965,2.022719621658325,2.0103955268859863,0.14298054575920105,0.8944,0.237753227353096,0.09999999999999998,20000,1704.0354580879211
413000,0.0018635420128703117,2.1107912063598633,2.1285271644592285,0.11322671175003052,0.8956,0.19351395964622498,0.09999999999999998,20000,1708.457494020462
414000,0.001846271101385355,2.031219244003296,2.017932176589966,0.11024894565343857,0.8968,0.2551341652870178,0.09999999999999998,20000,1712.74183177948
415000,0.0011935560032725334,2.1704676151275635,2.1868343353271484,0.09564000368118286,0.8979999999999999,0.2746659815311432,0.09999999999999998,20000,1717.1784579753876
416000,0.0032663941383361816,2.1992552280426025,2.189607620239258,0.1398051232099533,0.8992,0.29369693994522095,0.09999999999999998,20000,1721.8321559429169
417000,0.0036577461287379265,2.243147373199463,2.2708511352539062,0.12667226791381836,0.9004,0.36100322008132935,0.09999999999999998,20000,1726.3495240211487
418000,0.00484857801347971,2.3864173889160156,2.3290891647338867,0.1666080355644226,0.9016,0.40117713809013367,0.09999999999999998,20000,1730.6338529586792
419000,0.0019207312725484371,2.2430758476257324,2.278571605682373,0.14417560398578644,0.9027999999999999,0.22571641206741333,0.09999999999999998,20000,1734.857614994049
420000,0.0013764563482254744,2.097546100616455,2.121523857116699,0.1317746639251709,0.904,0.18613189458847046,0.09999999999999998,20000,1739.15265583992
421000,0.0033270674757659435,2.44564151763916,2.4519731998443604,0.1848796159029007,0.9052,0.2021498680114746,0.09999999999999998,20000,1743.5391721725464
422000,0.001047357334755361,2.530090808868408,2.553812026977539,0.1263546347618103,0.9064,0.15065132081508636,0.09999999999999998,20000,1747.9894390106201
423000,0.003177918493747711,2.30880069732666,2.2820608615875244,0.14197863638401031,0.9076,0.295793354511261,0.09999999999999998,20000,1753.5767738819122
424000,0.00615680031478405,2.3040099143981934,2.3715429306030273,0.1470096856355667,0.9087999999999999,0.415295273065567,0.09999999999999998,20000,1758.6758987903595
425000,0.0009772359626367688,2.2314157485961914,2.237548351287842,0.15628330409526825,0.91,0.08864429593086243,0.09999999999999998,20000,1764.0972108840942
426000,0.005747941788285971,2.575845718383789,2.508021354675293,0.15483355522155762,0.9112,0.4012998938560486,0.09999999999999998,20000,1768.563553094864
427000,0.0011856458149850368,2.7773563861846924,2.7770004272460938,0.09966595470905304,0.9124,0.1939990520477295,0.09999999999999998,20000,1773.3479180335999
428000,0.01225578784942627,2.211855888366699,2.2706680297851562,0.2283121645450592,0.9136,0.41634029150009155,0.09999999999999998,20000,1777.9032618999481
429000,0.002804127288982272,2.2508413791656494,2.290908098220825,0.11254728585481644,0.9148,0.3713970184326172,0.09999999999999998,20000,1782.4424078464508
430000,0.006747422739863396,2.283123016357422,2.315781593322754,0.17493636906147003,0.916,0.4051237106323242,0.09999999999999998,20000,1787.0535690784454
431000,0.0035421177744865417,2.5968446731567383,2.5560007095336914,0.16597507894039154,0.9172,0.2146487534046173,0.09999999999999998,20000,1791.4677069187164
432000,0.004836686886847019,2.372171401977539,2.4089748859405518,0.11742093414068222,0.9184,0.5026682019233704,0.09999999999999998,20000,1795.925833940506
433000,0.002475692890584469,2.4993481636047363,2.516059398651123,0.09155037254095078,0.9196,0.2810545563697815,0.09999999999999998,20000,1800.4353048801422
434000,0.0013945561368018389,2.4309024810791016,2.437612533569336,0.10598713904619217,0.9208,0.21801425516605377,0.09999999999999998,20000,1804.9062860012054
435000,0.0005849810549989343,2.398418426513672,2.493666172027588,0.13247597217559814,0.922,0.07833000272512436,0.09999999999999998,20000,1809.4598021507263
436000,0.0033740117214620113,2.4332127571105957,2.4176950454711914,0.14022934436798096,0.9232,0.3121611475944519,0.09999999999999998,20000,1813.76638007164
437000,0.012217730283737183,2.5849008560180664,2.5813963413238525,0.2829500734806061,0.9244,0.35360556840896606,0.09999999999999998,20000,1817.9495589733124
438000,0.0017438369104638696,2.3109490871429443,2.2713682651519775,0.15553045272827148,0.9256,0.1652751863002777,0.09999999999999998,20000,1822.1969430446625
439000,0.008615493774414062,2.523960590362549,2.5508570671081543,0.24376077950000763,0.9268,0.33788639307022095,0.09999999999999998,20000,1826.429093837738
440000,0.006951908580958843,2.251497983932495,2.2307581901550293,0.1580762267112732,0.928,0.4444512724876404,0.09999999999999998,20000,1830.6725580692291
441000,0.004262560047209263,2.390927314758301,2.325899124145508,0.21628707647323608,0.9292,0.20208518207073212,0.09999999999999998,20000,1834.8691368103027
442000,0.0007348369108512998,2.473022937774658,2.542337656021118,0.13899381458759308,0.9304,0.09148331731557846,0.09999999999999998,20000,1839.6054010391235
443000,0.00340506830252707,2.428173542022705,2.379042387008667,0.208116352558136,0.9316,0.16967839002609253,0.09999999999999998,20000,1844.211621761322
444000,0.005410165060311556,2.5218381881713867,2.525625228881836,0.16334940493106842,0.9328,0.3288232386112213,0.09999999999999998,20000,1849.7619609832764
445000,0.0010080753127112985,2.719655990600586,2.712827205657959,0.1767185628414154,0.934,0.08233300596475601,0.09999999999999998,20000,1854.3104939460754
446000,0.0037313494831323624,2.4711384773254395,2.378499984741211,0.18047446012496948,0.9352,0.27551859617233276,0.09999999999999998,20000,1858.7129919528961
447000,0.003851186716929078,2.596728801727295,2.6154706478118896,0.12381444871425629,0.9364,0.4392419457435608,0.09999999999999998,20000,1863.2896058559418
448000,0.004283717833459377,2.611968517303467,2.5292344093322754,0.14310772716999054,0.9376,0.373153418302536,0.09999999999999998,20000,1867.930256843567
449000,0.008052858524024487,2.4684255123138428,2.3758931159973145,0.2067517191171646,0.9388,0.3766663074493408,0.09999999999999998,20000,1872.6912660598755
450000,0.0033703851513564587,2.5424880981445312,2.4054391384124756,0.1999301314353943,0.9400000000000001,0.15145745873451233,0.09999999999999998,20000,1877.1695008277893
451000,0.0009729983285069466,2.4843204021453857,2.5250606536865234,0.1045011654496193,0.9412,0.16892293095588684,0.09999999999999998,20000,1886.84068608284
452000,0.0023898850195109844,2.5794191360473633,2.5723876953125,0.1238231211900711,0.9424,0.32914870977401733,0.09999999999999998,20000,1891.1527788639069
453000,0.002317903097718954,2.5456321239471436,2.513012409210205,0.19504567980766296,0.9436,0.17258872091770172,0.09999999999999998,20000,1895.2908840179443
454000,0.004927454516291618,2.6654350757598877,2.753382444381714,0.1764562577009201,0.9448,0.3210271894931793,0.09999999999999998,20000,1899.4782509803772
455000,0.002260770183056593,2.3895177841186523,2.320711135864258,0.11565712094306946,0.9460000000000001,0.31230995059013367,0.09999999999999998,20000,1903.672635793686
456000,0.0021383033599704504,2.6067214012145996,2.6292941570281982,0.14132830500602722,0.9472,0.20700818300247192,0.09999999999999998,20000,1907.8288917541504
457000,0.002238348126411438,2.564798355102539,2.5895156860351562,0.1525312215089798,0.9484,0.20251330733299255,0.09999999999999998,20000,1912.0455720424652
458000,0.0050123631954193115,2.5768096446990967,2.6545052528381348,0.13600070774555206,0.9496,0.3844333291053772,0.09999999999999998,20000,1916.5998539924622
459000,0.004660345148295164,2.430105209350586,2.548153877258301,0.2124696671962738,0.9508,0.2287157028913498,0.09999999999999998,20000,1921.067748785019
460000,0.0028140051290392876,2.580101728439331,2.564807653427124,0.12821853160858154,0.9520000000000001,0.3616247773170471,0.09999999999999998,20000,1925.568974018097
461000,0.0034846009220927954,2.583437919616699,2.5163655281066895,0.14655354619026184,0.9532,0.26899468898773193,0.09999999999999998,20000,1930.113520860672
462000,0.0035236317198723555,2.761354923248291,2.7357888221740723,0.13413533568382263,0.9544,0.2768869698047638,0.09999999999999998,20000,1934.6706638336182
463000,0.0046472386457026005,2.4652633666992188,2.529733896255493,0.1495075225830078,0.9556,0.36037304997444153,0.09999999999999998,20000,1939.314535856247
464000,0.0017209327779710293,2.2773754596710205,2.2931196689605713,0.17283892631530762,0.9568,0.14179286360740662,0.09999999999999998,20000,1943.899207830429
465000,0.005689344368875027,2.6571044921875,2.745195150375366,0.19626839458942413,0.9580000000000001,0.2990906834602356,0.09999999999999998,20000,1948.4187059402466
466000,0.004763861186802387,2.8348894119262695,2.736950397491455,0.1405222862958908,0.9592,0.35349130630493164,0.09999999999999998,20000,1952.927316904068
467000,0.009355817921459675,2.7179408073425293,2.719914197921753,0.18181848526000977,0.9604,0.46593812108039856,0.09999999999999998,20000,1957.3679621219635
468000,0.003966149874031544,2.4330496788024902,2.369720458984375,0.18319979310035706,0.9616,0.2827552855014801,0.09999999999999998,20000,1961.9112219810486
469000,0.005573071539402008,2.368994951248169,2.399693012237549,0.21609817445278168,0.9628,0.2537350058555603,0.09999999999999998,20000,1966.422597169876
470000,0.0029363767243921757,2.636622428894043,2.622019052505493,0.1385422945022583,0.964,0.30543750524520874,0.09999999999999998,20000,1971.018347978592
471000,0.013122192583978176,2.4606218338012695,2.4289369583129883,0.22674508392810822,0.9652,0.4579545855522156,0.09999999999999998,20000,1975.3583900928497
472000,0.00830032117664814,2.414860725402832,2.32743501663208,0.2730313539505005,0.9663999999999999,0.26759469509124756,0.09999999999999998,20000,1979.6624329090118
473000,0.005318300798535347,2.7821907997131348,2.611644983291626,0.21565747261047363,0.9676,0.2729739546775818,0.09999999999999998,20000,1983.93017911911
474000,0.0017740438925102353,2.737302780151367,2.7920570373535156,0.15983566641807556,0.9688,0.16854554414749146,0.09999999999999998,20000,1988.2013051509857
475000,0.004228917881846428,2.4973692893981934,2.532517433166504,0.13076573610305786,0.97,0.3906867504119873,0.09999999999999998,20000,1992.3592689037323
476000,0.007586049847304821,2.5349607467651367,2.3252594470977783,0.23781274259090424,0.9712,0.2747764587402344,0.09999999999999998,20000,1996.615642786026
477000,0.0036259987391531467,2.507143974304199,2.476564884185791,0.2588784098625183,0.9723999999999999,0.15714320540428162,0.09999999999999998,20000,2001.0836389064789
478000,0.004341569729149342,2.5363869667053223,2.5095643997192383,0.20157429575920105,0.9736,0.2665526270866394,0.09999999999999998,20000,2005.5918200016022
479000,0.007083144038915634,2.560166358947754,2.543398857116699,0.27938076853752136,0.9748,0.2695692777633667,0.09999999999999998,20000,2010.1939420700073
480000,0.005013050511479378,2.611570358276367,2.7278575897216797,0.19320093095302582,0.976,0.318852961063385,0.09999999999999998,20000,2014.7022709846497
481000,0.011385148391127586,2.5524191856384277,2.4163007736206055,0.252672016620636,0.9772,0.4007004499435425,0.09999999999999998,20000,2019.2064368724823
482000,0.0037650708109140396,2.680175304412842,2.680344581604004,0.17766927182674408,0.9783999999999999,0.253129243850708,0.09999999999999998,20000,2023.689283132553
483000,0.0008044909918680787,2.5645532608032227,2.5851457118988037,0.11818768084049225,0.9796,0.14186552166938782,0.09999999999999998,20000,2028.2574620246887
484000,0.0028370043728500605,2.6976828575134277,2.509761333465576,0.32267433404922485,0.9808,0.09458857774734497,0.09999999999999998,20000,2032.5311830043793
485000,0.0012119144666939974,2.5074007511138916,2.5827367305755615,0.12704616785049438,0.982,0.14009782671928406,0.09999999999999998,20000,2037.1087620258331
486000,0.0058825453743338585,2.8396387100219727,2.8516907691955566,0.22426438331604004,0.9832,0.27942007780075073,0.09999999999999998,20000,2041.5728089809418
487000,0.0028772102668881416,2.8316383361816406,2.7245631217956543,0.18890464305877686,0.9843999999999999,0.2321453094482422,0.09999999999999998,20000,2046.2739188671112
488000,0.0034121694043278694,2.6654891967773438,2.5901284217834473,0.15867666900157928,0.9856,0.2625073194503784,0.09999999999999998,20000,2050.779541015625
489000,0.002089490182697773,2.8864078521728516,2.7148172855377197,0.23876942694187164,0.9868,0.11178676784038544,0.09999999999999998,20000,2055.272800922394
490000,0.004057417158037424,2.562239646911621,2.4890811443328857,0.24660706520080566,0.988,0.21812063455581665,0.09999999999999998,20000,2059.6310358047485
491000,0.0019666978623718023,2.4778432846069336,2.525292158126831,0.12781822681427002,0.9892,0.24934574961662292,0.09999999999999998,20000,2063.8926157951355
492000,0.0014309475664049387,3.0037245750427246,2.9625370502471924,0.11008522659540176,0.9904,0.17148804664611816,0.09999999999999998,20000,2068.0874528884888
493000,0.005000453442335129,2.6600868701934814,2.7481541633605957,0.15245655179023743,0.9916,0.3585579991340637,0.09999999999999998,20000,2072.292056083679
494000,0.006450191140174866,2.5220770835876465,2.456801414489746,0.2507031261920929,0.9928,0.3020704984664917,0.09999999999999998,20000,2076.50763297081
495000,0.0032716954592615366,2.5434348583221436,2.519852876663208,0.16983895003795624,0.994,0.2417137324810028,0.09999999999999998,20000,2081.0715630054474
496000,0.004169583786278963,2.7021842002868652,2.6657862663269043,0.17402832210063934,0.9952,0.2968561053276062,0.09999999999999998,20000,2085.658341884613
497000,0.0027619909960776567,2.6295485496520996,2.6072311401367188,0.18542936444282532,0.9964,0.23064717650413513,0.09999999999999998,20000,2090.118124961853
498000,0.003803298808634281,2.5561556816101074,2.4977824687957764,0.24965737760066986,0.9976,0.21506792306900024,0.09999999999999998,20000,2094.57381606102
499000,0.002733590779826045,2.64931583404541,2.6790363788604736,0.14421090483665466,0.9988,0.24517351388931274,0.09999999999999998,20000,2099.204293012619
500000,0.004979291465133429,2.70719051361084,2.6731343269348145,0.21814250946044922,1.0,0.24972671270370483,0.09999999999999998,20000,2103.697494029999
501000,0.01360294222831726,2.533540964126587,2.265507459640503,0.36181604862213135,1.0,0.3329773545265198,0.09999999999999998,20000,2114.1506350040436
502000,0.0049017006531357765,2.8114187717437744,2.9151394367218018,0.16127711534500122,1.0,0.337771475315094,0.09999999999999998,20000,2118.4902510643005
503000,0.001833384158089757,2.718015670776367,2.7375166416168213,0.1650821417570114,1.0,0.12995311617851257,0.09999999999999998,20000,2122.6708998680115
504000,0.0037408522330224514,2.9275271892547607,2.862642526626587,0.174582839012146,1.0,0.23529231548309326,0.09999999999999998,20000,2126.911120891571
505000,0.007840260863304138,2.7963356971740723,2.8215832710266113,0.22646191716194153,1.0,0.3682571053504944,0.09999999999999998,20000,2131.1495208740234
506000,0.0029102307744324207,2.903656005859375,2.887502908706665,0.15322555601596832,1.0,0.24902650713920593,0.09999999999999998,20000,2135.249018907547
507000,0.00125748454593122,2.8651561737060547,2.887373208999634,0.13011598587036133,1.0,0.14785435795783997,0.09999999999999998,20000,2139.5571439266205
508000,0.0019724888261407614,2.5982861518859863,2.6619935035705566,0.13772383332252502,1.0,0.2287205159664154,0.09999999999999998,20000,2144.4621229171753
509000,0.0019641201943159103,2.6668508052825928,2.752248525619507,0.13679362833499908,1.0,0.21347194910049438,0.09999999999999998,20000,2148.7374980449677
510000,0.002362907864153385,2.723076820373535,2.7402796745300293,0.1876959502696991,1.0,0.14278697967529297,0.09999999999999998,20000,2152.9031620025635
511000,0.003254297189414501,2.708108901977539,2.709397792816162,0.16066685318946838,1.0,0.2000688910484314,0.09999999999999998,20000,2158.0485289096832
512000,0.007510357536375523,2.6893105506896973,2.5946850776672363,0.29852014780044556,1.0,0.2371741533279419,0.09999999999999998,20000,2163.8010799884796
513000,0.005492615979164839,2.6573257446289062,2.639326572418213,0.14735904335975647,1.0,0.40932464599609375,0.09999999999999998,20000,2169.4314098358154
514000,0.002221692819148302,2.9936165809631348,3.089402198791504,0.20958071947097778,1.0,0.12283896654844284,0.09999999999999998,20000,2173.7820739746094
515000,0.003255535615608096,2.774700880050659,2.7107388973236084,0.182043194770813,1.0,0.23981410264968872,0.09999999999999998,20000,2178.367224931717
516000,0.00582863437011838,2.7961392402648926,2.67880916595459,0.25556743144989014,1.0,0.20945262908935547,0.09999999999999998,20000,2182.9420437812805
517000,0.001929400023072958,2.782633066177368,2.7521274089813232,0.232625350356102,1.0,0.13012468814849854,0.09999999999999998,20000,2187.463768005371
518000,0.002551770070567727,2.8377933502197266,2.86995792388916,0.1497761309146881,1.0,0.23063591122627258,0.09999999999999998,20000,2191.977308988571
519000,0.008997239172458649,3.0631086826324463,2.949061155319214,0.20002608001232147,1.0,0.38338834047317505,0.09999999999999998,20000,2196.3761899471283
520000,0.005445430520921946,2.798251152038574,2.8793015480041504,0.19000589847564697,1.0,0.3517269492149353,0.09999999999999998,20000,2200.931322813034
521000,0.007510945200920105,2.9099373817443848,2.7515053749084473,0.24007165431976318,1.0,0.30979853868484497,0.09999999999999998,20000,2205.3339598178864
522000,0.0072508398443460464,2.9267828464508057,2.853147506713867,0.19071222841739655,1.0,0.3530818819999695,0.09999999999999998,20000,2209.827080965042
523000,0.0030737791676074266,2.8014678955078125,2.692730188369751,0.24810126423835754,1.0,0.13576799631118774,0.09999999999999998,20000,2214.3414237499237
524000,0.006022343412041664,2.7639026641845703,2.684000015258789,0.26797428727149963,1.0,0.21664610505104065,0.09999999999999998,20000,2218.8575401306152
525000,0.004998639225959778,2.9584882259368896,2.931037425994873,0.23819276690483093,1.0,0.23567074537277222,0.09999999999999998,20000,2223.2131378650665
526000,0.0025813186075538397,2.8549373149871826,2.833338737487793,0.1354379951953888,1.0,0.2221744954586029,0.09999999999999998,20000,2227.4181900024414
527000,0.00047834310680627823,2.9271955490112305,2.900026798248291,0.1525948941707611,1.0,0.0666879415512085,0.09999999999999998,20000,2231.658520936966
528000,0.0028161623049527407,2.966306686401367,2.9644863605499268,0.2030816674232483,1.0,0.18909183144569397,0.09999999999999998,20000,2235.848289012909
529000,0.003694054437801242,2.7083966732025146,2.709078788757324,0.1469702571630478,1.0,0.295453816652298,0.09999999999999998,20000,2240.0568628311157
530000,0.0013789173681288958,2.7688002586364746,2.795861005783081,0.10561960935592651,1.0,0.25129878520965576,0.09999999999999998,20000,2244.581362962723
531000,0.0020768134854733944,2.71781063079834,2.6440470218658447,0.2805096507072449,1.0,0.08724714815616608,0.09999999999999998,20000,2249.18940281868
532000,0.00438741035759449,2.7857413291931152,2.8115077018737793,0.1556909680366516,1.0,0.3385942578315735,0.09999999999999998,20000,2253.657003879547
533000,0.004769540391862392,2.6516125202178955,2.65203857421875,0.20779523253440857,1.0,0.2512165307998657,0.09999999999999998,20000,2258.0870549678802
534000,0.0015740899834781885,2.6253561973571777,2.5678751468658447,0.16859789192676544,1.0,0.15533629059791565,0.09999999999999998,20000,2262.5662331581116
535000,0.0014289584942162037,2.6727681159973145,2.660116672515869,0.1976349651813507,1.0,0.14174701273441315,0.09999999999999998,20000,2266.9607911109924
536000,0.0033247137907892466,2.8182144165039062,2.6899304389953613,0.20108211040496826,1.0,0.22352686524391174,0.09999999999999998,20000,2271.623836994171
537000,0.005251733120530844,3.071566581726074,2.969357967376709,0.22784049808979034,1.0,0.22453495860099792,0.09999999999999998,20000,2275.9921820163727
538000,0.005484833847731352,3.0425848960876465,2.9837307929992676,0.2509095072746277,1.0,0.1869918704032898,0.09999999999999998,20000,2280.5539000034332
539000,0.0018157523591071367,2.6084580421447754,2.7511818408966064,0.1995442807674408,1.0,0.16516773402690887,0.09999999999999998,20000,2284.8619339466095
540000,0.005756819620728493,2.7040600776672363,2.7678451538085938,0.1713271588087082,1.0,0.3824187219142914,0.09999999999999998,20000,2289.4826250076294
541000,0.00720863975584507,3.0616705417633057,2.9908246994018555,0.20643490552902222,1.0,0.3335393965244293,0.09999999999999998,20000,2293.9162199497223
542000,0.0017714928835630417,2.9377546310424805,2.819831371307373,0.17753292620182037,1.0,0.12676653265953064,0.09999999999999998,20000,2298.441768884659
543000,0.0014734622091054916,2.983083724975586,2.847918748855591,0.25749409198760986,1.0,0.09134747087955475,0.09999999999999998,20000,2302.9433300495148
544000,0.002751293359324336,2.823540210723877,2.813807249069214,0.11338488757610321,1.0,0.40610647201538086,0.09999999999999998,20000,2307.26824593544
545000,0.0029798317700624466,2.7605457305908203,2.7768120765686035,0.14542660117149353,1.0,0.30616581439971924,0.09999999999999998,20000,2311.6115148067474
546000,0.003563891863450408,2.6492538452148438,2.6437454223632812,0.1520756185054779,1.0,0.36396026611328125,0.09999999999999998,20000,2315.8203399181366
547000,0.004699781537055969,2.7926840782165527,2.6893064975738525,0.1807166337966919,1.0,0.276867151260376,0.09999999999999998,20000,2320.0569620132446
548000,0.007493262179195881,2.7030298709869385,2.366806745529175,0.3884383738040924,1.0,0.16936972737312317,0.09999999999999998,20000,2324.5688288211823
549000,0.002992200432345271,2.766468048095703,2.849043130874634,0.17097631096839905,1.0,0.2521608769893646,0.09999999999999998,20000,2329.0154008865356
550000,0.008261410519480705,3.0660061836242676,2.885042667388916,0.2729155421257019,1.0,0.33246082067489624,0.09999999999999998,20000,2333.357566833496
551000,0.005346572957932949,2.690558433532715,2.6336960792541504,0.2741076946258545,1.0,0.21480515599250793,0.09999999999999998,20000,2342.6007730960846
552000,0.00240156939253211,2.6540400981903076,2.698957681655884,0.19640213251113892,1.0,0.15453952550888062,0.09999999999999998,20000,2346.843075990677
553000,0.0032120742835104465,3.026383876800537,2.982470989227295,0.20368242263793945,1.0,0.16354404389858246,0.09999999999999998,20000,2351.554848909378
554000,0.002514755120500922,3.0618338584899902,3.021608352661133,0.1967020481824875,1.0,0.15555301308631897,0.09999999999999998,20000,2355.982190132141
555000,0.014200534671545029,2.9439969062805176,2.939413070678711,0.3221040666103363,1.0,0.3638606667518616,0.09999999999999998,20000,2360.5886249542236
556000,0.003450922667980194,2.9829611778259277,2.9852380752563477,0.1641281396150589,1.0,0.23560485243797302,0.09999999999999998,20000,2364.9704220294952
557000,0.0073519423604011536,2.8442747592926025,2.7765719890594482,0.24141258001327515,1.0,0.2837333679199219,0.09999999999999998,20000,2369.3483369350433
558000,0.010017596185207367,3.1259055137634277,2.965794086456299,0.3631010055541992,1.0,0.2768121361732483,0.09999999999999998,20000,2373.847409963608
559000,0.0013937896583229303,2.935286521911621,2.8658878803253174,0.24285796284675598,1.0,0.08386845886707306,0.09999999999999998,20000,2378.44132399559
560000,0.001716815633699298,2.997689723968506,2.964160442352295,0.14701437950134277,1.0,0.1543550193309784,0.09999999999999998,20000,2384.078984975815
561000,0.00222976878285408,3.0100600719451904,2.9124562740325928,0.22949907183647156,1.0,0.11820586025714874,0.09999999999999998,20000,2389.137433052063
562000,0.010197662748396397,3.314859390258789,3.3391542434692383,0.21064813435077667,1.0,0.4887620210647583,0.09999999999999998,20000,2393.529350757599
563000,0.0007952239830046892,3.0091371536254883,3.045161247253418,0.10964146256446838,1.0,0.11063418537378311,0.09999999999999998,20000,2397.7322590351105
564000,0.0020114181097596884,3.091034412384033,3.1259493827819824,0.11546839773654938,1.0,0.3389056324958801,0.09999999999999998,20000,2402.1151390075684
565000,0.000931793765630573,2.9181833267211914,2.9249510765075684,0.08206479251384735,1.0,0.19340187311172485,0.09999999999999998,20000,2406.6490490436554
566000,0.0030386659782379866,3.3389883041381836,3.3187685012817383,0.22327393293380737,1.0,0.18680183589458466,0.09999999999999998,20000,2411.1131930351257
567000,0.001916653709486127,2.6601667404174805,2.6558024883270264,0.14281927049160004,1.0,0.2107400894165039,0.09999999999999998,20000,2415.679729938507
568000,0.0035600969567894936,3.1772594451904297,3.2138752937316895,0.2442990243434906,1.0,0.1999397873878479,0.09999999999999998,20000,2420.068457841873
569000,0.0010572898900136352,2.8992505073547363,2.9279820919036865,0.1242189109325409,1.0,0.17229890823364258,0.09999999999999998,20000,2424.5666580200195
570000,0.0022945518139749765,2.785520553588867,2.792118549346924,0.1838090717792511,1.0,0.15245617926120758,0.09999999999999998,20000,2428.979518890381
571000,0.0029692035168409348,2.838735580444336,2.7369954586029053,0.21047240495681763,1.0,0.20577457547187805,0.09999999999999998,20000,2433.6141607761383
572000,0.0010059322230517864,2.8501267433166504,2.872480869293213,0.18292191624641418,1.0,0.10841015726327896,0.09999999999999998,20000,2438.007241010666
573000,0.008809743449091911,3.0339064598083496,2.9567975997924805,0.34374362230300903,1.0,0.20492050051689148,0.09999999999999998,20000,2442.611305952072
574000,0.0044739702716469765,3.2359697818756104,3.275402784347534,0.23649924993515015,1.0,0.2058640718460083,0.09999999999999998,20000,2447.009711742401
575000,0.002073465846478939,2.8179373741149902,2.8917291164398193,0.18151462078094482,1.0,0.17090299725532532,0.09999999999999998,20000,2451.5932490825653
576000,0.0028637920040637255,2.779545307159424,2.6566004753112793,0.3351517915725708,1.0,0.13765078783035278,0.09999999999999998,20000,2456.176591873169
577000,0.0034551676362752914,3.417027235031128,3.42712664604187,0.1408897340297699,1.0,0.3286706805229187,0.09999999999999998,20000,2460.8661799430847
578000,0.0034567902330309153,3.2888755798339844,3.139469623565674,0.3102320730686188,1.0,0.14560315012931824,0.09999999999999998,20000,2465.228197813034
579000,0.002906669396907091,3.0444281101226807,3.1021294593811035,0.1944083720445633,1.0,0.2066139578819275,0.09999999999999998,20000,2469.39408493042
580000,0.0090629318729043,2.997886896133423,2.8644328117370605,0.26164302229881287,1.0,0.35343337059020996,0.09999999999999998,20000,2473.5584807395935
581000,0.006339535117149353,2.8543665409088135,2.823885440826416,0.20175863802433014,1.0,0.3408203125,0.09999999999999998,20000,2477.7765369415283
582000,0.004391453228890896,3.0203490257263184,3.016324520111084,0.1626303344964981,1.0,0.3038926124572754,0.09999999999999998,20000,2481.991737127304
583000,0.004148127976804972,3.1853601932525635,3.092985153198242,0.2169138491153717,1.0,0.21855998039245605,0.09999999999999998,20000,2486.50545501709
584000,0.009954484179615974,2.911325693130493,2.7817306518554688,0.30439814925193787,1.0,0.29556310176849365,0.09999999999999998,20000,2490.8211629390717
585000,0.0038181375712156296,2.764406204223633,2.6580443382263184,0.2823103070259094,1.0,0.1925838589668274,0.09999999999999998,20000,2495.4186658859253
586000,0.009988648816943169,3.0846118927001953,3.0241665840148926,0.22572755813598633,1.0,0.4363180994987488,0.09999999999999998,20000,2499.802964925766
587000,0.001468399539589882,3.0177972316741943,3.0252161026000977,0.13711458444595337,1.0,0.16459794342517853,0.09999999999999998,20000,2504.4023008346558
588000,0.008693583309650421,2.790595531463623,2.8421478271484375,0.3198471665382385,1.0,0.2525273561477661,0.09999999999999998,20000,2508.7943427562714
589000,0.0033370067831128836,2.9613378047943115,2.8923776149749756,0.18720746040344238,1.0,0.20908352732658386,0.09999999999999998,20000,2513.329278945923
590000,0.0026966186705976725,3.3023290634155273,3.3809704780578613,0.19936388731002808,1.0,0.24275462329387665,0.09999999999999998,20000,2517.861473083496
591000,0.0016158467624336481,2.9313762187957764,2.913374423980713,0.25785863399505615,1.0,0.09163711965084076,0.09999999999999998,20000,2522.5605759620667
592000,0.007835609838366508,2.978175163269043,3.0568814277648926,0.1960628628730774,1.0,0.33603543043136597,0.09999999999999998,20000,2527.0786170959473
593000,0.00310571794398129,3.106717109680176,3.0255560874938965,0.16009967029094696,1.0,0.2417716681957245,0.09999999999999998,20000,2531.7636930942535
594000,0.002147294580936432,3.2311575412750244,3.256734609603882,0.16173496842384338,1.0,0.16924120485782623,0.09999999999999998,20000,2537.2774238586426
595000,0.002095706295222044,3.1662516593933105,3.1065855026245117,0.20625077188014984,1.0,0.16539284586906433,0.09999999999999998,20000,2542.8394207954407
596000,0.006915675476193428,3.0773539543151855,3.063647747039795,0.22548319399356842,1.0,0.30597370862960815,0.09999999999999998,20000,2547.183879852295
597000,0.0017495494103059173,3.000683307647705,3.0148637294769287,0.11494103819131851,1.0,0.22006678581237793,0.09999999999999998,20000,2551.378401041031
598000,0.002697922056540847,2.9383695125579834,2.8540523052215576,0.2533211410045624,1.0,0.14430586993694305,0.09999999999999998,20000,2555.6027257442474
599000,0.006212723907083273,2.9406349658966064,2.9657206535339355,0.3146880865097046,1.0,0.16239842772483826,0.09999999999999998,20000,2559.8810307979584
600000,0.0006001148140057921,3.0969455242156982,3.13854718208313,0.1117086410522461,1.0,0.12767478823661804,0.09999999999999998,20000,2564.435325860977
601000,0.002261741552501917,2.9097037315368652,2.921570301055908,0.17286160588264465,1.0,0.17643548548221588,0.09999999999999998,20000,2574.5532190799713
602000,0.007484389469027519,2.7936744689941406,2.589284658432007,0.3258818984031677,1.0,0.22996731102466583,0.09999999999999998,20000,2579.1242780685425
603000,0.0008000161033123732,3.044180393218994,3.00471830368042,0.19839882850646973,1.0,0.06776710599660873,0.09999999999999998,20000,2583.8711149692535
604000,0.0018032616935670376,2.7729668617248535,2.7612671852111816,0.15393050014972687,1.0,0.1869802176952362,0.09999999999999998,20000,2588.3546340465546
605000,0.005040879361331463,3.1677279472351074,3.240138053894043,0.21951979398727417,1.0,0.22737658023834229,0.09999999999999998,20000,2592.597645044327
606000,0.0011547020403668284,2.756403923034668,2.8446731567382812,0.13618706166744232,1.0,0.08919622004032135,0.09999999999999998,20000,2596.8693470954895
607000,0.002597508253529668,2.929837226867676,2.9286179542541504,0.21058516204357147,1.0,0.1285744160413742,0.09999999999999998,20000,2601.5570690631866
608000,0.018280278891324997,2.950542449951172,2.7723548412323,0.345200777053833,1.0,0.34071269631385803,0.09999999999999998,20000,2605.960732936859
609000,0.002591292839497328,2.768151044845581,2.637561798095703,0.22736385464668274,1.0,0.12603026628494263,0.09999999999999998,20000,2610.4968791007996
610000,0.004755199421197176,3.304626941680908,3.2341091632843018,0.21924668550491333,1.0,0.2080114483833313,0.09999999999999998,20000,2615.04571890831
611000,0.008816955611109734,2.8987984657287598,2.741065740585327,0.3169434070587158,1.0,0.23730915784835815,0.09999999999999998,20000,2619.516706943512
612000,0.005776313599199057,3.0744826793670654,3.1189687252044678,0.1728295534849167,1.0,0.3780018389225006,0.09999999999999998,20000,2624.027305841446
613000,0.0024617398157715797,3.214625835418701,3.2566475868225098,0.12190045416355133,1.0,0.31840112805366516,0.09999999999999998,20000,2628.2830789089203
614000,0.003964181058108807,3.1582155227661133,3.199463367462158,0.17631705105304718,1.0,0.29666846990585327,0.09999999999999998,20000,2632.4067149162292
615000,0.0011746964883059263,3.1094260215759277,3.1058950424194336,0.21624846756458282,1.0,0.08248712122440338,0.09999999999999998,20000,2636.6162309646606
616000,0.004269531462341547,3.2464747428894043,3.230656385421753,0.1745280623435974,1.0,0.26878970861434937,0.09999999999999998,20000,2640.9036049842834
617000,0.006765802390873432,3.2501001358032227,3.1091508865356445,0.23260438442230225,1.0,0.3101160526275635,0.09999999999999998,20000,2645.4914429187775
618000,0.010499456897377968,3.10251522064209,2.9684348106384277,0.2591351866722107,1.0,0.33751770853996277,0.09999999999999998,20000,2650.076495885849
619000,0.00643181661143899,3.249526023864746,3.1563162803649902,0.27900099754333496,1.0,0.2363368570804596,0.09999999999999998,20000,2654.4854969978333
620000,0.0013258028775453568,2.9092226028442383,2.9634287357330322,0.12528005242347717,1.0,0.19347700476646423,0.09999999999999998,20000,2658.95578789711
621000,0.0013307159533724189,3.1246814727783203,3.074549913406372,0.11236000061035156,1.0,0.18521514534950256,0.09999999999999998,20000,2663.6310567855835
622000,0.011945351958274841,2.9421615600585938,2.8149526119232178,0.38535547256469727,1.0,0.2744268476963043,0.09999999999999998,20000,2668.055151939392
623000,0.0050321342423558235,3.174180030822754,3.301729202270508,0.22641383111476898,1.0,0.19087666273117065,0.09999999999999998,20000,2672.702647924423
624000,0.007819484919309616,2.965850830078125,2.9150829315185547,0.24740366637706757,1.0,0.3053165078163147,0.09999999999999998,20000,2677.492266893387
625000,0.0011200807057321072,2.995353937149048,3.0150864124298096,0.1132604256272316,1.0,0.17605635523796082,0.09999999999999998,20000,2682.0741817951202
626000,0.006834838539361954,3.336052417755127,3.234584093093872,0.30412375926971436,1.0,0.23285669088363647,0.09999999999999998,20000,2686.710052013397
627000,0.006115628872066736,2.7469615936279297,2.7254273891448975,0.1527317315340042,1.0,0.4318954348564148,0.09999999999999998,20000,2691.3839638233185
628000,0.004716898314654827,3.2475643157958984,3.133455276489258,0.2908061742782593,1.0,0.19227945804595947,0.09999999999999998,20000,2695.9152550697327
629000,0.00793393049389124,3.2820301055908203,3.226628303527832,0.24816156923770905,1.0,0.2743028998374939,0.09999999999999998,20000,2700.6457149982452
630000,0.004621167201548815,3.0995211601257324,2.933224678039551,0.23102200031280518,1.0,0.24880604445934296,0.09999999999999998,20000,2705.1999459266663
631000,0.0025853507686406374,2.932650089263916,2.9382338523864746,0.12531502544879913,1.0,0.29044920206069946,0.09999999999999998,20000,2710.8568699359894
632000,0.00870060920715332,2.877469539642334,2.87674617767334,0.22667615115642548,1.0,0.3175647556781769,0.09999999999999998,20000,2715.632406949997
633000,0.011755838058888912,2.743619203567505,2.656996011734009,0.2804357409477234,1.0,0.3471877872943878,0.09999999999999998,20000,2719.8555738925934
634000,0.0051434943452477455,3.1577110290527344,3.0621025562286377,0.21245652437210083,1.0,0.30480489134788513,0.09999999999999998,20000,2724.334575176239
635000,0.0035195108503103256,3.036336660385132,2.979729175567627,0.2031116485595703,1.0,0.24286600947380066,0.09999999999999998,20000,2728.79350399971
636000,0.004497807938605547,3.1468827724456787,3.209869384765625,0.16648440062999725,1.0,0.34697818756103516,0.09999999999999998,20000,2733.340880870819
637000,0.0032521130051463842,3.097449779510498,3.0349693298339844,0.16428101062774658,1.0,0.21138274669647217,0.09999999999999998,20000,2737.7281630039215
638000,0.006164242513477802,3.1668529510498047,3.1982758045196533,0.1808658242225647,1.0,0.3691595196723938,0.09999999999999998,20000,2743.3331451416016
639000,0.001786333043128252,3.272054672241211,3.3130483627319336,0.1533716768026352,1.0,0.13428495824337006,0.09999999999999998,20000,2747.920431137085
640000,0.0042441170662641525,3.1237354278564453,3.057314872741699,0.18297722935676575,1.0,0.23234736919403076,0.09999999999999998,20000,2752.5536980628967
641000,0.009029478766024113,2.8455233573913574,2.7173092365264893,0.24106353521347046,1.0,0.34185177087783813,0.09999999999999998,20000,2756.9956748485565
642000,0.010721797123551369,3.342583179473877,3.345543384552002,0.2441268265247345,1.0,0.34978753328323364,0.09999999999999998,20000,2761.5870559215546
643000,0.005804029293358326,3.0474343299865723,2.984201431274414,0.20446214079856873,1.0,0.3582686483860016,0.09999999999999998,20000,2766.096524953842
644000,0.005070526152849197,2.7940263748168945,2.790527820587158,0.16605283319950104,1.0,0.39530378580093384,0.09999999999999998,20000,2770.7125759124756
645000,0.006659932434558868,2.7050671577453613,2.7143287658691406,0.2893921732902527,1.0,0.24327236413955688,0.09999999999999998,20000,2775.3914680480957
646000,0.00926401186734438,3.080068588256836,2.9910056591033936,0.27301841974258423,1.0,0.3198370933532715,0.09999999999999998,20000,2779.876378774643
647000,0.00273178331553936,2.9935522079467773,3.043593406677246,0.16978687047958374,1.0,0.19487163424491882,0.09999999999999998,20000,2784.484097957611
648000,0.0013428323436528444,3.431520462036133,3.3723227977752686,0.14018578827381134,1.0,0.13592249155044556,0.09999999999999998,20000,2788.7912838459015
649000,0.008575797080993652,3.0165367126464844,3.077847719192505,0.2717592716217041,1.0,0.26437246799468994,0.09999999999999998,20000,2793.0360219478607
650000,0.003389156423509121,3.213352918624878,3.1567111015319824,0.16529911756515503,1.0,0.26237332820892334,0.09999999999999998,20000,2797.341575860977
651000,0.008526068180799484,3.4181201457977295,3.3861494064331055,0.2247699797153473,1.0,0.3466838300228119,0.09999999999999998,20000,2805.821762084961
652000,0.006050113122910261,3.4565210342407227,3.312636375427246,0.22170506417751312,1.0,0.31263279914855957,0.09999999999999998,20000,2810.4798769950867
653000,0.002704048529267311,3.3456521034240723,3.4536452293395996,0.2447228878736496,1.0,0.1364286243915558,0.09999999999999998,20000,2814.9617669582367
654000,0.005039719399064779,2.8994760513305664,2.9423441886901855,0.21856822073459625,1.0,0.2595053017139435,0.09999999999999998,20000,2819.3932337760925
655000,0.001497418386861682,3.1944420337677,3.227158546447754,0.1351458579301834,1.0,0.19426026940345764,0.09999999999999998,20000,2823.8869030475616
656000,0.0017300519393756986,3.190398693084717,3.169389247894287,0.12790025770664215,1.0,0.23435306549072266,0.09999999999999998,20000,2828.310299873352
657000,0.001006575534120202,3.1415321826934814,3.1714649200439453,0.12687021493911743,1.0,0.17602789402008057,0.09999999999999998,20000,2833.0137209892273
658000,0.002134279813617468,3.100738048553467,3.084655523300171,0.11043049395084381,1.0,0.3109285235404968,0.09999999999999998,20000,2837.652827978134
659000,0.009499911218881607,2.6954760551452637,2.6979715824127197,0.2280576378107071,1.0,0.33675116300582886,0.09999999999999998,20000,2844.3564898967743
660000,0.0018979543820023537,3.2811334133148193,3.282301902770996,0.15163102746009827,1.0,0.15368306636810303,0.09999999999999998,20000,2850.07515501976
661000,0.0028818328864872456,3.3187131881713867,3.2952046394348145,0.18422892689704895,1.0,0.19408592581748962,0.09999999999999998,20000,2855.642660856247
662000,0.0027298082131892443,3.436884641647339,3.3527584075927734,0.1685428023338318,1.0,0.20764702558517456,0.09999999999999998,20000,2860.3580379486084
663000,0.0019474129658192396,3.134324073791504,3.1563796997070312,0.19006073474884033,1.0,0.15680930018424988,0.09999999999999998,20000,2865.023204803467
664000,0.00048567383782938123,3.3897085189819336,3.411195755004883,0.12238960713148117,1.0,0.0788109302520752,0.09999999999999998,20000,2869.475835800171
665000,0.001247504842467606,2.988306760787964,2.9462647438049316,0.17222367227077484,1.0,0.08955124765634537,0.09999999999999998,20000,2873.8277609348297
666000,0.003627167548984289,3.0927770137786865,3.1945934295654297,0.20018160343170166,1.0,0.19481578469276428,0.09999999999999998,20000,2878.1971549987793
667000,0.0018378434469923377,3.2524988651275635,3.2819719314575195,0.1572054922580719,1.0,0.1813395619392395,0.09999999999999998,20000,2882.6616649627686
668000,0.0028415562119334936,3.1125268936157227,3.0511083602905273,0.24188248813152313,1.0,0.14587852358818054,0.09999999999999998,20000,2887.08607006073
669000,0.009604468941688538,2.890439987182617,2.837299346923828,0.26481160521507263,1.0,0.37814778089523315,0.09999999999999998,20000,2891.526381969452
670000,0.0008885731222108006,3.3861968517303467,3.426983118057251,0.21579739451408386,1.0,0.07355190068483353,0.09999999999999998,20000,2896.240928888321
671000,0.0020601986907422543,2.9591064453125,2.8770501613616943,0.16574859619140625,1.0,0.1646701693534851,0.09999999999999998,20000,2900.717106819153
672000,0.0019191907485947013,3.317070484161377,3.3139803409576416,0.16236096620559692,1.0,0.151765376329422,0.09999999999999998,20000,2905.3159160614014
673000,0.0013156228233128786,3.087907552719116,2.970144748687744,0.2476426661014557,1.0,0.0753883421421051,0.09999999999999998,20000,2910.015552997589
674000,0.0029514357447624207,3.811814308166504,3.731281280517578,0.13802462816238403,1.0,0.31604766845703125,0.09999999999999998,20000,2914.787759065628
675000,0.005354797467589378,3.202230930328369,3.035706043243408,0.22729045152664185,1.0,0.25692105293273926,0.09999999999999998,20000,2919.548071861267
676000,0.007054411806166172,3.5244665145874023,3.373201370239258,0.21683990955352783,1.0,0.29970890283584595,0.09999999999999998,20000,2924.3021829128265
677000,0.0018561921315267682,3.120098829269409,3.2097973823547363,0.14060808718204498,1.0,0.20943918824195862,0.09999999999999998,20000,2928.84454703331
678000,0.0018568444065749645,3.549732208251953,3.6002399921417236,0.15697728097438812,1.0,0.15008017420768738,0.09999999999999998,20000,2933.345129966736
679000,0.0052225226536393166,3.1998724937438965,3.2956812381744385,0.20358514785766602,1.0,0.30893856287002563,0.09999999999999998,20000,2937.841288805008
680000,0.005256225820630789,3.173518180847168,3.1043405532836914,0.1752680391073227,1.0,0.3654254078865051,0.09999999999999998,20000,2942.3424680233
681000,0.01406449917703867,2.874549388885498,2.7214508056640625,0.3446144759654999,1.0,0.34744584560394287,0.09999999999999998,20000,2946.9470388889313
682000,0.004929237999022007,3.4147300720214844,3.4350531101226807,0.14266513288021088,1.0,0.3583214282989502,0.09999999999999998,20000,2951.2826409339905
683000,0.00505975354462862,3.1109488010406494,3.222651720046997,0.20811206102371216,1.0,0.2854979634284973,0.09999999999999998,20000,2955.922362089157
684000,0.003167798276990652,3.238158702850342,3.270901679992676,0.19134026765823364,1.0,0.18525749444961548,0.09999999999999998,20000,2960.26544880867
685000,0.003301388816908002,3.0650978088378906,2.9917874336242676,0.16684024035930634,1.0,0.2453787475824356,0.09999999999999998,20000,2964.5660769939423
686000,0.0042343055829405785,3.028613567352295,3.008150577545166,0.32610177993774414,1.0,0.1464691162109375,0.09999999999999998,20000,2968.768415927887
687000,0.0018391680205240846,3.483755111694336,3.453187942504883,0.14191405475139618,1.0,0.18306052684783936,0.09999999999999998,20000,2972.9744691848755
688000,0.004926628898829222,3.4377856254577637,3.4403936862945557,0.17883440852165222,1.0,0.28719210624694824,0.09999999999999998,20000,2977.5438249111176
689000,0.0035236335825175047,2.9421629905700684,2.6884498596191406,0.3580639362335205,1.0,0.11456865817308426,0.09999999999999998,20000,2982.3656430244446
690000,0.012729300186038017,3.4087672233581543,3.2613980770111084,0.2727562189102173,1.0,0.41583624482154846,0.09999999999999998,20000,2988.4225227832794
691000,0.002556536579504609,3.268950939178467,3.2617483139038086,0.1934245526790619,1.0,0.18818974494934082,0.09999999999999998,20000,2993.262430906296
692000,0.002033776603639126,3.2316927909851074,3.248669147491455,0.15471233427524567,1.0,0.18737007677555084,0.09999999999999998,20000,2997.9151599407196
693000,0.008061991073191166,3.105350971221924,3.078960418701172,0.23519007861614227,1.0,0.3166714310646057,0.09999999999999998,20000,3002.4996547698975
694000,0.0021769972518086433,3.245666980743408,3.2077155113220215,0.2195490598678589,1.0,0.10728299617767334,0.09999999999999998,20000,3007.0776200294495
695000,0.0026458296924829483,3.4867136478424072,3.5037925243377686,0.17434343695640564,1.0,0.19096209108829498,0.09999999999999998,20000,3011.636489868164
696000,0.005105237010866404,2.757749319076538,2.696737289428711,0.14653150737285614,1.0,0.3709782063961029,0.09999999999999998,20000,3016.4074261188507
697000,0.0021610036492347717,3.536980628967285,3.51530122756958,0.13279005885124207,1.0,0.24615293741226196,0.09999999999999998,20000,3021.207237958908
698000,0.006364939734339714,3.3910892009735107,3.293213129043579,0.23543056845664978,1.0,0.3296935558319092,0.09999999999999998,20000,3025.7511711120605
699000,0.0023675281554460526,3.329874038696289,3.309521198272705,0.12665875256061554,1.0,0.34396833181381226,0.09999999999999998,20000,3030.2428438663483
700000,0.002213236875832081,2.7908501625061035,2.70286226272583,0.18532505631446838,1.0,0.17541199922561646,0.09999999999999998,20000,3034.8769640922546
701000,0.0016716495156288147,3.649286985397339,3.5742673873901367,0.17065276205539703,1.0,0.1292075216770172,0.09999999999999998,20000,3044.287341117859
702000,0.009364386089146137,3.711683511734009,3.6739275455474854,0.2442842572927475,1.0,0.3524109721183777,0.09999999999999998,20000,3048.6065928936005
703000,0.0073989941738545895,3.020535469055176,2.8949360847473145,0.18664121627807617,1.0,0.41878706216812134,0.09999999999999998,20000,3052.8512618541718
704000,0.003279384458437562,3.3325014114379883,3.283367156982422,0.17084340751171112,1.0,0.25015202164649963,0.09999999999999998,20000,3057.0734457969666
705000,0.0030628894455730915,3.2309205532073975,3.1646456718444824,0.1884669065475464,1.0,0.19361263513565063,0.09999999999999998,20000,3061.852511882782
706000,0.006683765910565853,3.1380021572113037,3.275656223297119,0.233976811170578,1.0,0.30316704511642456,0.09999999999999998,20000,3066.1128220558167
707000,0.0026541268453001976,3.1451847553253174,3.1041111946105957,0.14300036430358887,1.0,0.26585495471954346,0.09999999999999998,20000,3070.559233903885
708000,0.0015488708158954978,3.5606112480163574,3.560638666152954,0.12878651916980743,1.0,0.1751295030117035,0.09999999999999998,20000,3074.810883998871
709000,0.0013447084929794073,3.504241466522217,3.493144989013672,0.1309206336736679,1.0,0.15565255284309387,0.09999999999999998,20000,3079.147416114807
710000,0.003244900843128562,3.7694637775421143,3.7633283138275146,0.14425186812877655,1.0,0.2845451831817627,0.09999999999999998,20000,3083.6739439964294
711000,0.004608025774359703,3.5021562576293945,3.6047399044036865,0.1391681581735611,1.0,0.3783484101295471,0.09999999999999998,20000,3088.1422760486603
712000,0.007423185743391514,3.4366064071655273,3.3800103664398193,0.21259215474128723,1.0,0.40649038553237915,0.09999999999999998,20000,3092.742597103119
713000,0.007174449972808361,3.1349315643310547,3.2120566368103027,0.23721393942832947,1.0,0.24541369080543518,0.09999999999999998,20000,3097.186619758606
714000,0.00855310820043087,3.622144937515259,3.590311050415039,0.2877739667892456,1.0,0.24832092225551605,0.09999999999999998,20000,3101.8470199108124
715000,0.00246636476367712,3.455817461013794,3.529916763305664,0.18843723833560944,1.0,0.20247450470924377,0.09999999999999998,20000,3106.512192964554
716000,0.0035537404473870993,3.4824109077453613,3.469451427459717,0.1452421247959137,1.0,0.30194908380508423,0.09999999999999998,20000,3111.1244819164276
717000,0.007523056585341692,3.4536428451538086,3.437445640563965,0.2745435833930969,1.0,0.24761712551116943,0.09999999999999998,20000,3115.6943480968475
718000,0.010712905786931515,3.1368470191955566,2.9407882690429688,0.268903911113739,1.0,0.3793299198150635,0.09999999999999998,20000,3120.3530349731445
719000,0.008536335080862045,3.163064479827881,3.05747652053833,0.17905867099761963,1.0,0.43537986278533936,0.09999999999999998,20000,3124.6478888988495
720000,0.00032980888499878347,3.169494152069092,3.1254773139953613,0.19200840592384338,1.0,0.04782554879784584,0.09999999999999998,20000,3129.7250039577484
721000,0.005443429574370384,3.346989154815674,3.4410996437072754,0.195154070854187,1.0,0.2812940180301666,0.09999999999999998,20000,3135.1174557209015
722000,0.0021525791380554438,3.469860315322876,3.4913649559020996,0.19095724821090698,1.0,0.139582559466362,0.09999999999999998,20000,3139.390709877014
723000,0.006792441941797733,3.2888805866241455,3.335124969482422,0.24567759037017822,1.0,0.24280425906181335,0.09999999999999998,20000,3144.3761987686157
724000,0.007978592999279499,3.352663993835449,3.2106711864471436,0.2914889454841614,1.0,0.2595905065536499,0.09999999999999998,20000,3149.2973189353943
725000,0.006428971886634827,3.7488760948181152,3.8383545875549316,0.17984077334403992,1.0,0.3544679582118988,0.09999999999999998,20000,3153.671564102173
726000,0.004293547011911869,3.4207282066345215,3.4672279357910156,0.18081128597259521,1.0,0.26540622115135193,0.09999999999999998,20000,3158.1097688674927
727000,0.001233719289302826,3.442704677581787,3.460137367248535,0.1369141936302185,1.0,0.14353030920028687,0.09999999999999998,20000,3163.1800940036774
728000,0.007660245522856712,3.5613579750061035,3.563068389892578,0.22130200266838074,1.0,0.32906824350357056,0.09999999999999998,20000,3168.0560340881348
729000,0.001337523222900927,3.4331376552581787,3.4446654319763184,0.11023876070976257,1.0,0.22101451456546783,0.09999999999999998,20000,3172.5717029571533
730000,0.003873781068250537,3.206134796142578,3.2778782844543457,0.1964815855026245,1.0,0.2656618356704712,0.09999999999999998,20000,3177.2007830142975
731000,0.0024758728686720133,3.7594597339630127,3.732743740081787,0.17389315366744995,1.0,0.1300661414861679,0.09999999999999998,20000,3181.8230199813843
732000,0.0024380742106586695,3.733999013900757,3.675114870071411,0.12337883561849594,1.0,0.313345730304718,0.09999999999999998,20000,3186.740045070648
733000,0.001748453825712204,3.607743740081787,3.6176650524139404,0.10459069907665253,1.0,0.22802546620368958,0.09999999999999998,20000,3191.6321330070496
734000,0.0016690625343471766,3.4690351486206055,3.4963955879211426,0.2558315694332123,1.0,0.08063236624002457,0.09999999999999998,20000,3196.425743818283
735000,0.005744789727032185,3.3859524726867676,3.4371750354766846,0.2531577944755554,1.0,0.1966489851474762,0.09999999999999998,20000,3201.527792930603
736000,0.007630507927387953,3.421682834625244,3.438962936401367,0.21764536201953888,1.0,0.3603626489639282,0.09999999999999998,20000,3207.139305830002
737000,0.006800706032663584,3.1301767826080322,3.0243186950683594,0.30082643032073975,1.0,0.25648972392082214,0.09999999999999998,20000,3211.8533067703247
738000,0.0065096523612737656,3.4574294090270996,3.4205586910247803,0.1966063231229782,1.0,0.40994542837142944,0.09999999999999998,20000,3216.1307578086853
739000,0.0028706504963338375,3.7086410522460938,3.811922550201416,0.24044427275657654,1.0,0.08047928661108017,0.09999999999999998,20000,3220.726868867874
740000,0.009028037078678608,3.3310890197753906,3.2652781009674072,0.2645491361618042,1.0,0.3293997049331665,0.09999999999999998,20000,3225.1179258823395
741000,0.009518343023955822,3.4389312267303467,3.4021668434143066,0.3747771978378296,1.0,0.2638927698135376,0.09999999999999998,20000,3229.389701128006
742000,0.0030673411674797535,3.1003103256225586,3.08197021484375,0.20165055990219116,1.0,0.20349529385566711,0.09999999999999998,20000,3233.836184024811
743000,0.0025653326883912086,3.5620665550231934,3.5887084007263184,0.11730614304542542,1.0,0.30058228969573975,0.09999999999999998,20000,3238.3556339740753
744000,0.006070241332054138,3.6788363456726074,3.5524699687957764,0.2754462957382202,1.0,0.20139308273792267,0.09999999999999998,20000,3242.9198620319366
745000,0.0053230952471494675,3.626976490020752,3.60685396194458,0.15881378948688507,1.0,0.4404783844947815,0.09999999999999998,20000,3247.543790102005
746000,0.004830493591725826,3.499816417694092,3.5620265007019043,0.2890368103981018,1.0,0.18115952610969543,0.09999999999999998,20000,3252.1194858551025
747000,0.0053975265473127365,3.237170696258545,3.303946018218994,0.18095871806144714,1.0,0.3612355887889862,0.09999999999999998,20000,3256.5918850898743
748000,0.0028441385366022587,3.459073066711426,3.5793895721435547,0.21418510377407074,1.0,0.15242713689804077,0.09999999999999998,20000,3261.137781858444
749000,0.007627755403518677,2.9900741577148438,2.964876413345337,0.3937457501888275,1.0,0.19393524527549744,0.09999999999999998,20000,3265.5744318962097
750000,0.0020719338208436966,3.5005412101745605,3.5090131759643555,0.13138984143733978,1.0,0.22566625475883484,0.09999999999999998,20000,3270.2489421367645
751000,0.012959934771060944,3.1113908290863037,3.2264575958251953,0.5299490094184875,1.0,0.19641004502773285,0.09999999999999998,20000,3280.434012889862
752000,0.0038501557428389788,3.7717440128326416,3.642277717590332,0.33067601919174194,1.0,0.11897420883178711,0.09999999999999998,20000,3284.7096269130707
753000,0.001593420165590942,3.5513200759887695,3.6359519958496094,0.181022047996521,1.0,0.11047127842903137,0.09999999999999998,20000,3288.9403278827667
754000,0.0015751117607578635,3.259805679321289,3.4593758583068848,0.30803146958351135,1.0,0.07277537882328033,0.09999999999999998,20000,3293.1216130256653
755000,0.002568451687693596,3.2617125511169434,3.217772960662842,0.17395688593387604,1.0,0.24304470419883728,0.09999999999999998,20000,3297.309993982315
756000,0.002004624344408512,3.487718105316162,3.486546516418457,0.11470252275466919,1.0,0.31291836500167847,0.09999999999999998,20000,3301.786214828491
757000,0.002029795665293932,3.2943079471588135,3.245044231414795,0.13961543142795563,1.0,0.22485756874084473,0.09999999999999998,20000,3306.3000688552856
758000,0.014069744385778904,3.447237014770508,3.4396047592163086,0.3182646632194519,1.0,0.34308773279190063,0.09999999999999998,20000,3310.750761985779
759000,0.010637590661644936,3.2602555751800537,3.3701982498168945,0.36248642206192017,1.0,0.20281147956848145,0.09999999999999998,20000,3315.214644908905
760000,0.0041320230811834335,3.2745718955993652,3.3425486087799072,0.16134709119796753,1.0,0.32573777437210083,0.09999999999999998,20000,3319.4679670333862
761000,0.014995435252785683,3.684021472930908,3.854325771331787,0.2775113582611084,1.0,0.43121612071990967,0.09999999999999998,20000,3324.0999858379364
762000,0.011147653684020042,3.6842570304870605,3.8360424041748047,0.3353516459465027,1.0,0.2427247017621994,0.09999999999999998,20000,3328.632777929306
763000,0.010652722790837288,3.4644172191619873,3.3125152587890625,0.3057398200035095,1.0,0.33976036310195923,0.09999999999999998,20000,3333.0305359363556
764000,0.007748404052108526,3.064399003982544,3.1510543823242188,0.24338003993034363,1.0,0.36334043741226196,0.09999999999999998,20000,3337.5957520008087
765000,0.010701533406972885,3.2143850326538086,3.2517988681793213,0.3328988254070282,1.0,0.3005450367927551,0.09999999999999998,20000,3343.015217781067
766000,0.007048059720546007,3.490993022918701,3.525465726852417,0.3511091470718384,1.0,0.21066083014011383,0.09999999999999998,20000,3347.4233100414276
767000,0.0008862658869475126,3.4621474742889404,3.489614963531494,0.1250443160533905,1.0,0.11999715864658356,0.09999999999999998,20000,3352.083387851715
768000,0.008891964331269264,3.334775447845459,3.047455072402954,0.4297668933868408,1.0,0.24571499228477478,0.09999999999999998,20000,3356.6075100898743
769000,0.0024782977998256683,3.2311527729034424,3.230983257293701,0.12766605615615845,1.0,0.3050937056541443,0.09999999999999998,20000,3361.229125738144
770000,0.0017298224847763777,3.519958019256592,3.4355125427246094,0.15128298103809357,1.0,0.17306411266326904,0.09999999999999998,20000,3365.54181599617
771000,0.0015805293805897236,3.45076322555542,3.3913822174072266,0.37487566471099854,1.0,0.07333674281835556,0.09999999999999998,20000,3369.758775949478
772000,0.014684335328638554,3.466658592224121,3.2908990383148193,0.2709280848503113,1.0,0.41602635383605957,0.09999999999999998,20000,3373.9600188732147
773000,0.0037603985983878374,3.595195770263672,3.46698260307312,0.18049469590187073,1.0,0.2507737874984741,0.09999999999999998,20000,3378.211890935898
774000,0.0017644676845520735,3.5447988510131836,3.5338144302368164,0.17027634382247925,1.0,0.13815289735794067,0.09999999999999998,20000,3382.476708173752
775000,0.0035825606901198626,3.0123744010925293,2.9073760509490967,0.18601077795028687,1.0,0.23515692353248596,0.09999999999999998,20000,3386.9706649780273
776000,0.007656237110495567,3.489337205886841,3.624251365661621,0.25837886333465576,1.0,0.2558860182762146,0.09999999999999998,20000,3391.610128879547
777000,0.006076811347156763,3.5369513034820557,3.646674633026123,0.2425675243139267,1.0,0.2666724920272827,0.09999999999999998,20000,3396.2447509765625
778000,0.00373410084284842,3.283937931060791,3.142730712890625,0.3712810277938843,1.0,0.14653396606445312,0.09999999999999998,20000,3400.778305053711
779000,0.005205943714827299,3.3318428993225098,3.3628334999084473,0.1905321329832077,1.0,0.3130933940410614,0.09999999999999998,20000,3406.295809030533
780000,0.0013170421589165926,3.6247572898864746,3.62784481048584,0.08711505681276321,1.0,0.31175661087036133,0.09999999999999998,20000,3411.698991060257
781000,0.00456102192401886,3.229370594024658,3.2686800956726074,0.1740383505821228,1.0,0.310153603553772,0.09999999999999998,20000,3416.4648158550262
782000,0.0035481411032378674,3.1661109924316406,3.2177271842956543,0.2592788338661194,1.0,0.1451948583126068,0.09999999999999998,20000,3422.396933078766
783000,0.0036792121827602386,3.6818032264709473,3.6790881156921387,0.2083619236946106,1.0,0.22552858293056488,0.09999999999999998,20000,3427.8314039707184
784000,0.007045240141451359,3.273284912109375,3.288430690765381,0.22774654626846313,1.0,0.3198101222515106,0.09999999999999998,20000,3432.8928780555725
785000,0.0019945837557315826,3.6272802352905273,3.604836940765381,0.14877520501613617,1.0,0.22335921227931976,0.09999999999999998,20000,3438.2692427635193
786000,0.0016137555940076709,3.5022952556610107,3.6963534355163574,0.30431219935417175,1.0,0.08816725760698318,0.09999999999999998,20000,3443.3665239810944
787000,0.004089163616299629,3.288447380065918,3.3648223876953125,0.243035227060318,1.0,0.16641166806221008,0.09999999999999998,20000,3448.426553964615
788000,0.024370308965444565,3.430569887161255,3.5133514404296875,0.4953773319721222,1.0,0.39652538299560547,0.09999999999999998,20000,3453.050434112549
789000,0.016083816066384315,3.2806169986724854,3.4514503479003906,0.3321313261985779,1.0,0.377358615398407,0.09999999999999998,20000,3458.040555000305
790000,0.004631241783499718,3.7040817737579346,3.7031302452087402,0.17218336462974548,1.0,0.32898128032684326,0.09999999999999998,20000,3462.483850955963
791000,0.005094972439110279,3.4788100719451904,3.6532387733459473,0.22215908765792847,1.0,0.20988455414772034,0.09999999999999998,20000,3467.086311817169
792000,0.006049854215234518,3.8135268688201904,3.8500072956085205,0.17123648524284363,1.0,0.36273932456970215,0.09999999999999998,20000,3472.5135490894318
793000,0.014552830718457699,3.4345970153808594,3.4078917503356934,0.2952864170074463,1.0,0.4237035810947418,0.09999999999999998,20000,3478.270311832428
794000,0.0040051755495369434,3.536709785461426,3.4892659187316895,0.2810341715812683,1.0,0.14272886514663696,0.09999999999999998,20000,3483.2164368629456
795000,0.005891767330467701,3.491182804107666,3.652667999267578,0.2688692510128021,1.0,0.24044978618621826,0.09999999999999998,20000,3488.692722797394
796000,0.0010541892843320966,3.4992122650146484,3.4269700050354004,0.23094263672828674,1.0,0.07341491430997849,0.09999999999999998,20000,3493.8306679725647
797000,0.002603827975690365,3.7492258548736572,3.726349353790283,0.15741285681724548,1.0,0.230290025472641,0.09999999999999998,20000,3498.3468420505524
798000,0.0048253219574689865,3.7851264476776123,3.7759222984313965,0.14294767379760742,1.0,0.35948145389556885,0.09999999999999998,20000,3503.9079899787903
799000,0.002241844078525901,3.9290690422058105,3.9646244049072266,0.147262841463089,1.0,0.16655145585536957,0.09999999999999998,20000,3508.9997549057007
800000,0.002266733907163143,3.508396625518799,3.46256685256958,0.16284626722335815,1.0,0.20026558637619019,0.09999999999999998,20000,3514.134439945221
801000,0.006331881508231163,3.6926703453063965,3.788214921951294,0.1920214295387268,1.0,0.33538830280303955,0.09999999999999998,20000,3524.8300421237946
802000,0.0035074367187917233,3.139455795288086,3.1941776275634766,0.19073179364204407,1.0,0.18219514191150665,0.09999999999999998,20000,3529.953659772873
803000,0.0048296405002474785,3.6209263801574707,3.57102108001709,0.2631744146347046,1.0,0.20467984676361084,0.09999999999999998,20000,3534.587755918503
804000,0.01422092318534851,3.656189441680908,3.6850311756134033,0.29555565118789673,1.0,0.33446577191352844,0.09999999999999998,20000,3538.9893770217896
805000,0.002011148724704981,3.379763603210449,3.3851165771484375,0.1764916479587555,1.0,0.1557718813419342,0.09999999999999998,20000,3544.0606849193573
806000,0.0030789640732109547,3.525887966156006,3.4764578342437744,0.12614893913269043,1.0,0.3054329752922058,0.09999999999999998,20000,3549.0281569957733
807000,0.004401896148920059,3.7234573364257812,3.7234714031219482,0.20530477166175842,1.0,0.19488070905208588,0.09999999999999998,20000,3553.879812002182
808000,0.008172500878572464,3.2543833255767822,3.2815568447113037,0.23091480135917664,1.0,0.36143165826797485,0.09999999999999998,20000,3558.99111700058
809000,0.001045301789417863,4.039864540100098,4.089641571044922,0.15597090125083923,1.0,0.08884827792644501,0.09999999999999998,20000,3564.170249938965
810000,0.007875645533204079,3.3473258018493652,3.3719120025634766,0.21364672482013702,1.0,0.3048816919326782,0.09999999999999998,20000,3568.8836278915405
811000,0.012216264382004738,3.736229419708252,3.7763333320617676,0.309558629989624,1.0,0.35630857944488525,0.09999999999999998,20000,3573.4838531017303
812000,0.006198433693498373,3.7329611778259277,3.570849657058716,0.2549766004085541,1.0,0.27352407574653625,0.09999999999999998,20000,3578.0103240013123
813000,0.00913863256573677,3.15694522857666,3.380939483642578,0.305431604385376,1.0,0.2713022828102112,0.09999999999999998,20000,3582.5703160762787
814000,0.003082416718825698,3.69150447845459,3.654920816421509,0.15802857279777527,1.0,0.25141799449920654,0.09999999999999998,20000,3587.201819896698
815000,0.0017655410338193178,3.70361328125,3.683481454849243,0.15995147824287415,1.0,0.1586180031299591,0.09999999999999998,20000,3591.7102200984955
816000,0.008947070688009262,3.404191017150879,3.4679760932922363,0.28673577308654785,1.0,0.29649093747138977,0.09999999999999998,20000,3596.288719892502
817000,0.0029557368252426386,3.678088665008545,3.8108386993408203,0.23173972964286804,1.0,0.16290411353111267,0.09999999999999998,20000,3601.0174169540405
818000,0.0020098257809877396,3.66972017288208,3.6951651573181152,0.13230960071086884,1.0,0.2553555965423584,0.09999999999999998,20000,3605.5043029785156
819000,0.0028873186092823744,3.3392586708068848,3.4481358528137207,0.21682323515415192,1.0,0.14121851325035095,0.09999999999999998,20000,3609.8173277378082
820000,0.002342784544453025,3.556425094604492,3.6163833141326904,0.12299883365631104,1.0,0.2997194528579712,0.09999999999999998,20000,3614.0736799240112
821000,0.005356059409677982,3.4251413345336914,3.431318998336792,0.2021506428718567,1.0,0.2925761044025421,0.09999999999999998,20000,3618.29074883461
822000,0.015943819656968117,3.2865023612976074,3.2564404010772705,0.34516119956970215,1.0,0.4089551866054535,0.09999999999999998,20000,3622.5941150188446
823000,0.0021747457794845104,3.786780834197998,3.77457332611084,0.10505259037017822,1.0,0.30713120102882385,0.09999999999999998,20000,3627.1834778785706
824000,0.004715471528470516,3.064405679702759,3.0950469970703125,0.4053887724876404,1.0,0.12904946506023407,0.09999999999999998,20000,3632.1547577381134
825000,0.009264330379664898,3.4410557746887207,3.3880271911621094,0.2874688506126404,1.0,0.2920013964176178,0.09999999999999998,20000,3636.9950199127197
826000,0.0017493058694526553,3.629690408706665,3.826660633087158,0.31739258766174316,1.0,0.09641824662685394,0.09999999999999998,20000,3642.563481092453
827000,0.0009574138675816357,3.7476344108581543,3.7932612895965576,0.15578249096870422,1.0,0.11703967303037643,0.09999999999999998,20000,3647.230567932129
828000,0.009910308755934238,3.6152451038360596,3.54168963432312,0.2588903307914734,1.0,0.38104134798049927,0.09999999999999998,20000,3652.221517086029
829000,0.007710164412856102,3.483691692352295,3.405764579772949,0.2296435832977295,1.0,0.3587046265602112,0.09999999999999998,20000,3656.6609778404236
830000,0.0030337730422616005,3.8222622871398926,3.8412089347839355,0.22678770124912262,1.0,0.17511522769927979,0.09999999999999998,20000,3661.3356940746307
831000,0.0020301449112594128,3.580718994140625,3.6275134086608887,0.15288394689559937,1.0,0.19910144805908203,0.09999999999999998,20000,3665.9730570316315
832000,0.0038609676994383335,3.78037166595459,3.90850830078125,0.18882472813129425,1.0,0.2077857255935669,0.09999999999999998,20000,3671.1563460826874
833000,0.0020377307664602995,3.7343497276306152,3.7196288108825684,0.12464922666549683,1.0,0.24080145359039307,0.09999999999999998,20000,3676.4213860034943
834000,0.0071651022881269455,3.7983362674713135,3.720703601837158,0.25210779905319214,1.0,0.26250970363616943,0.09999999999999998,20000,3681.832237958908
835000,0.0031915009021759033,3.607059955596924,3.552699565887451,0.16183049976825714,1.0,0.3216826915740967,0.09999999999999998,20000,3686.81236410141
836000,0.0036625440698117018,3.682699203491211,3.8035359382629395,0.20448410511016846,1.0,0.1981317698955536,0.09999999999999998,20000,3691.722382068634
837000,0.002735184971243143,3.509629011154175,3.611541986465454,0.19615314900875092,1.0,0.1850590705871582,0.09999999999999998,20000,3696.28812789917
838000,0.00991709716618061,3.6532254219055176,3.6625800132751465,0.2422797679901123,1.0,0.3692401647567749,0.09999999999999998,20000,3700.4173200130463
839000,0.0010694897500798106,3.402050495147705,3.3100738525390625,0.2056187242269516,1.0,0.09065781533718109,0.09999999999999998,20000,3704.7734808921814
840000,0.0006028583738952875,3.6300883293151855,3.614546060562134,0.108246810734272,1.0,0.18082520365715027,0.09999999999999998,20000,3709.0371530056
841000,0.004320620559155941,3.6199324131011963,3.5066986083984375,0.2756592631340027,1.0,0.1736113429069519,0.09999999999999998,20000,3713.242218017578
842000,0.005584612023085356,3.5479726791381836,3.4989590644836426,0.20157885551452637,1.0,0.2929871082305908,0.09999999999999998,20000,3717.646867990494
843000,0.002718417439609766,3.7411961555480957,3.873824119567871,0.29827767610549927,1.0,0.09834414720535278,0.09999999999999998,20000,3721.971692085266
844000,0.0027068303897976875,3.919013500213623,3.9379749298095703,0.14099186658859253,1.0,0.26706036925315857,0.09999999999999998,20000,3726.375646829605
845000,0.002289853058755398,3.640070915222168,3.663328170776367,0.18106043338775635,1.0,0.1529977023601532,0.09999999999999998,20000,3730.6605508327484
846000,0.016641240566968918,3.5856189727783203,3.523555278778076,0.39542341232299805,1.0,0.36017438769340515,0.09999999999999998,20000,3735.014274120331
847000,0.0036759800277650356,3.9140686988830566,3.796114206314087,0.206308975815773,1.0,0.262916624546051,0.09999999999999998,20000,3739.318354845047
848000,0.00800192542374134,3.81337308883667,3.609057664871216,0.28938329219818115,1.0,0.29250216484069824,0.09999999999999998,20000,3743.5924191474915
849000,0.007758088409900665,3.4510035514831543,3.3810367584228516,0.25420117378234863,1.0,0.2756015360355377,0.09999999999999998,20000,3748.0304169654846
850000,0.0039298441261053085,3.563810348510742,3.647359848022461,0.23723658919334412,1.0,0.19675174355506897,0.09999999999999998,20000,3752.448528766632
851000,0.0049105072394013405,3.738062858581543,3.86984920501709,0.19678539037704468,1.0,0.26755639910697937,0.09999999999999998,20000,3761.9456219673157
852000,0.011954743415117264,4.051569938659668,4.105839729309082,0.2955474257469177,1.0,0.3342786729335785,0.09999999999999998,20000,3766.2279238700867
853000,0.00367154274135828,3.856520414352417,3.9187071323394775,0.19689418375492096,1.0,0.20397526025772095,0.09999999999999998,20000,3770.4019787311554
854000,0.004802923649549484,3.7238807678222656,3.7562429904937744,0.1581733226776123,1.0,0.35180068016052246,0.09999999999999998,20000,3774.4856808185577
855000,0.00879028532654047,4.031765937805176,3.8550357818603516,0.3019513487815857,1.0,0.24577194452285767,0.09999999999999998,20000,3778.5521309375763
856000,0.005086532793939114,3.8623046875,3.7844722270965576,0.292618989944458,1.0,0.16123217344284058,0.09999999999999998,20000,3783.010684967041
857000,0.008325722999870777,3.622776508331299,3.782702922821045,0.34969884157180786,1.0,0.2437010258436203,0.09999999999999998,20000,3787.2915971279144
858000,0.009019056335091591,3.7349979877471924,3.75700044631958,0.29405561089515686,1.0,0.30215388536453247,0.09999999999999998,20000,3791.5493681430817
859000,0.003620085772126913,3.7611911296844482,3.858825445175171,0.18480634689331055,1.0,0.22516241669654846,0.09999999999999998,20000,3795.8197059631348
860000,0.01454916875809431,3.5212039947509766,3.2274346351623535,0.45523032546043396,1.0,0.27333444356918335,0.09999999999999998,20000,3800.231850862503
861000,0.008760776370763779,3.6466848850250244,3.7129857540130615,0.2910468280315399,1.0,0.2534250319004059,0.09999999999999998,20000,3804.610753059387
862000,0.0037074503488838673,3.606595039367676,3.5957188606262207,0.18935394287109375,1.0,0.22799015045166016,0.09999999999999998,20000,3808.898619890213
863000,0.00679490203037858,3.375141143798828,3.338615894317627,0.22435826063156128,1.0,0.3202517032623291,0.09999999999999998,20000,3813.3035798072815
864000,0.0024554741103202105,3.5242252349853516,3.5329785346984863,0.12657511234283447,1.0,0.24710626900196075,0.09999999999999998,20000,3817.5517880916595
865000,0.007079750299453735,3.984934091567993,4.125287055969238,0.2540989816188812,1.0,0.2541809380054474,0.09999999999999998,20000,3822.016581058502
866000,0.0069817304611206055,3.661900043487549,3.6987667083740234,0.24313122034072876,1.0,0.30961349606513977,0.09999999999999998,20000,3826.598193883896
867000,0.007848918437957764,3.7153422832489014,3.5511703491210938,0.26120269298553467,1.0,0.29064908623695374,0.09999999999999998,20000,3831.4523339271545
868000,0.00903678871691227,3.4805591106414795,3.6518568992614746,0.2469567358493805,1.0,0.2881145775318146,0.09999999999999998,20000,3836.026757955551
869000,0.003719530301168561,3.971834182739258,3.8840746879577637,0.2797430157661438,1.0,0.16553819179534912,0.09999999999999998,20000,3840.6267058849335
870000,0.0013884457293897867,3.530880928039551,3.5426673889160156,0.13633838295936584,1.0,0.15162652730941772,0.09999999999999998,20000,3844.9543108940125
871000,0.0030644042417407036,4.24951696395874,4.283475875854492,0.1257811188697815,1.0,0.39508411288261414,0.09999999999999998,20000,3849.0432929992676
872000,0.004859190434217453,3.734410285949707,3.760869026184082,0.18957674503326416,1.0,0.2911592125892639,0.09999999999999998,20000,3853.0798950195312
873000,0.012513536028563976,3.8795061111450195,3.9672412872314453,0.318695992231369,1.0,0.29218703508377075,0.09999999999999998,20000,3857.079061985016
874000,0.01002940721809864,3.286961793899536,3.3633759021759033,0.3271024823188782,1.0,0.27084094285964966,0.09999999999999998,20000,3861.1140949726105
875000,0.014236046932637691,3.749748468399048,3.5919318199157715,0.3802976608276367,1.0,0.36346960067749023,0.09999999999999998,20000,3865.1904649734497
876000,0.004104007966816425,3.5628104209899902,3.5398783683776855,0.26782751083374023,1.0,0.14395537972450256,0.09999999999999998,20000,3869.2330589294434
877000,0.006182929966598749,3.458230972290039,3.482309341430664,0.21486066281795502,1.0,0.28917765617370605,0.09999999999999998,20000,3873.3148589134216
878000,0.00789630226790905,3.789583206176758,3.7216482162475586,0.22974219918251038,1.0,0.3202681243419647,0.09999999999999998,20000,3877.2896769046783
879000,0.012945594266057014,3.5783891677856445,3.6071770191192627,0.2575974464416504,1.0,0.37922370433807373,0.09999999999999998,20000,3881.271718978882
880000,0.005379880778491497,3.7095866203308105,3.7667784690856934,0.18379294872283936,1.0,0.3048710227012634,0.09999999999999998,20000,3885.294618844986
881000,0.0013486378593370318,3.9846606254577637,4.085038185119629,0.36489787697792053,1.0,0.06925321370363235,0.09999999999999998,20000,3889.380998849869
882000,0.0041051339358091354,3.810610294342041,3.8402023315429688,0.1302511990070343,1.0,0.42164716124534607,0.09999999999999998,20000,3893.5409977436066
883000,0.006805778481066227,3.810162305831909,3.936814785003662,0.22514790296554565,1.0,0.28436386585235596,0.09999999999999998,20000,3897.606160879135
884000,0.008141799829900265,3.7511796951293945,3.893517017364502,0.23969466984272003,1.0,0.4059180021286011,0.09999999999999998,20000,3901.6898028850555
885000,0.004944971762597561,3.6682050228118896,3.662757396697998,0.22188618779182434,1.0,0.26983967423439026,0.09999999999999998,20000,3906.1425647735596
886000,0.011485630646348,3.818065643310547,3.959362506866455,0.2908429503440857,1.0,0.3527536988258362,0.09999999999999998,20000,3910.3638651371
887000,0.002990232314914465,4.18016242980957,4.142024993896484,0.19021287560462952,1.0,0.19222910702228546,0.09999999999999998,20000,3914.6728818416595
888000,0.0029974316712468863,3.4911975860595703,3.6145029067993164,0.263839989900589,1.0,0.15306121110916138,0.09999999999999998,20000,3919.0178270339966
889000,0.01209457777440548,3.8531978130340576,3.8406968116760254,0.37338876724243164,1.0,0.28420186042785645,0.09999999999999998,20000,3923.1615369319916
890000,0.0041488101705908775,3.9737002849578857,4.04572868347168,0.14414125680923462,1.0,0.3269280791282654,0.09999999999999998,20000,3927.656180858612
891000,0.003354486310854554,3.184718370437622,3.2426917552948,0.2048339694738388,1.0,0.1889774203300476,0.09999999999999998,20000,3931.9623308181763
892000,0.007356762886047363,3.4851691722869873,3.4929306507110596,0.43484926223754883,1.0,0.1470588892698288,0.09999999999999998,20000,3936.4100620746613
893000,0.002983052283525467,3.7012057304382324,3.8111095428466797,0.3245084285736084,1.0,0.11661981046199799,0.09999999999999998,20000,3941.6871857643127
894000,0.002983441576361656,4.06511926651001,4.161435127258301,0.18774551153182983,1.0,0.1955341398715973,0.09999999999999998,20000,3946.0945389270782
895000,0.0018450873903930187,3.488199234008789,3.740485429763794,0.3214581310749054,1.0,0.09096645563840866,0.09999999999999998,20000,3950.33939409256
896000,0.006326380651444197,3.873692035675049,4.011665344238281,0.3041001558303833,1.0,0.22306175529956818,0.09999999999999998,20000,3954.8530638217926
897000,0.004975622519850731,3.4834728240966797,3.6073474884033203,0.24791403114795685,1.0,0.22979393601417542,0.09999999999999998,20000,3959.1499049663544
898000,0.004973531235009432,3.7050399780273438,3.7756259441375732,0.16214773058891296,1.0,0.3485088646411896,0.09999999999999998,20000,3963.5354239940643
899000,0.003815341042354703,3.534611940383911,3.5517470836639404,0.19941236078739166,1.0,0.24005819857120514,0.09999999999999998,20000,3967.7697007656097
900000,0.008422973565757275,3.4365038871765137,3.457056999206543,0.3158077597618103,1.0,0.29956966638565063,0.09999999999999998,20000,3971.913204908371
901000,0.005296876188367605,3.595719814300537,3.6041576862335205,0.4507973790168762,1.0,0.12333959341049194,0.09999999999999998,20000,3980.0003719329834
902000,0.0028482708148658276,4.129035949707031,4.205753326416016,0.16583377122879028,1.0,0.20177814364433289,0.09999999999999998,20000,3984.393146753311
903000,0.010865608230233192,3.501877546310425,3.4816484451293945,0.4152432978153229,1.0,0.21759909391403198,0.09999999999999998,20000,3988.4458639621735
904000,0.002671509748324752,4.004123210906982,3.9503140449523926,0.12324610352516174,1.0,0.3173639178276062,0.09999999999999998,20000,3992.704073905945
905000,0.002037609927356243,3.6237952709198,3.6230010986328125,0.15584710240364075,1.0,0.21337538957595825,0.09999999999999998,20000,3997.093700170517
906000,0.004931740462779999,3.735288143157959,3.758409261703491,0.1651628017425537,1.0,0.32541757822036743,0.09999999999999998,20000,4001.410834789276
907000,0.014592153951525688,3.8958001136779785,3.9415953159332275,0.44361308217048645,1.0,0.2885007858276367,0.09999999999999998,20000,4005.6125869750977
908000,0.004450698383152485,3.620068311691284,3.586942434310913,0.35165494680404663,1.0,0.16919873654842377,0.09999999999999998,20000,4009.97314786911
909000,0.019893961027264595,3.385911703109741,3.2012767791748047,0.3877320885658264,1.0,0.41309696435928345,0.09999999999999998,20000,4014.187237739563
910000,0.003849281230941415,3.739611864089966,3.622938871383667,0.22524535655975342,1.0,0.21739903092384338,0.09999999999999998,20000,4018.4576659202576
911000,0.0011756347957998514,3.8318581581115723,3.8914127349853516,0.17201796174049377,1.0,0.10737594962120056,0.09999999999999998,20000,4022.735209941864
912000,0.00551610067486763,3.625147819519043,3.665468215942383,0.2473410665988922,1.0,0.21816250681877136,0.09999999999999998,20000,4027.1688771247864
913000,0.009637342765927315,3.9715416431427,4.078166484832764,0.2625056505203247,1.0,0.37216734886169434,0.09999999999999998,20000,4031.50989484787
914000,0.008743774145841599,3.715017795562744,3.696331024169922,0.40890249609947205,1.0,0.22661206126213074,0.09999999999999998,20000,4035.779632806778
915000,0.006987495347857475,3.988128185272217,3.8725619316101074,0.3250178098678589,1.0,0.24915289878845215,0.09999999999999998,20000,4040.1563918590546
916000,0.003071962157264352,3.9234237670898438,3.706721305847168,0.2693624198436737,1.0,0.13636940717697144,0.09999999999999998,20000,4044.329869031906
917000,0.008520698174834251,3.6079797744750977,3.708599805831909,0.321965754032135,1.0,0.26306408643722534,0.09999999999999998,20000,4048.5567169189453
918000,0.01729375496506691,3.628986358642578,3.647886037826538,0.34576213359832764,1.0,0.4679086208343506,0.09999999999999998,20000,4052.755219936371
919000,0.004397223703563213,3.7969260215759277,3.7385382652282715,0.17131802439689636,1.0,0.2966945767402649,0.09999999999999998,20000,4056.8747520446777
920000,0.008480467833578587,3.740257740020752,3.732512950897217,0.29582610726356506,1.0,0.29494476318359375,0.09999999999999998,20000,4061.2190368175507
921000,0.006022599525749683,4.194668769836426,4.213632583618164,0.2285340428352356,1.0,0.29755011200904846,0.09999999999999998,20000,4065.5037939548492
922000,0.0007951853331178427,3.725797653198242,3.6861677169799805,0.2472103238105774,1.0,0.07004983723163605,0.09999999999999998,20000,4069.75989818573
923000,0.008184609934687614,3.835211992263794,3.905056953430176,0.23309913277626038,1.0,0.29468202590942383,0.09999999999999998,20000,4073.9865889549255
924000,0.009306060150265694,3.4291343688964844,3.486619472503662,0.2246837019920349,1.0,0.41588741540908813,0.09999999999999998,20000,4078.210287809372
925000,0.002745644189417362,3.3991379737854004,3.376577138900757,0.12862269580364227,1.0,0.257928729057312,0.09999999999999998,20000,4082.491441965103
926000,0.004294754937291145,3.7331767082214355,3.6935722827911377,0.20828300714492798,1.0,0.25687023997306824,0.09999999999999998,20000,4086.763638973236
927000,0.003706982359290123,3.743377208709717,3.694634437561035,0.2362746149301529,1.0,0.18987759947776794,0.09999999999999998,20000,4091.271908760071
928000,0.008991936221718788,3.88755202293396,4.07694673538208,0.3156040906906128,1.0,0.28813880681991577,0.09999999999999998,20000,4095.5927097797394
929000,0.003717479296028614,3.7868151664733887,3.752840995788574,0.15938961505889893,1.0,0.268218457698822,0.09999999999999998,20000,4100.000122785568
930000,0.002599145518615842,3.731937885284424,3.691225528717041,0.12305518239736557,1.0,0.2693643271923065,0.09999999999999998,20000,4104.415727853775
931000,0.028199072927236557,3.296576499938965,3.2592239379882812,0.5997185707092285,1.0,0.3446553945541382,0.09999999999999998,20000,4108.799489021301
932000,0.009731050580739975,4.134759902954102,4.1034417152404785,0.3063705563545227,1.0,0.36121660470962524,0.09999999999999998,20000,4113.224249124527
933000,0.001494328724220395,3.9499387741088867,3.950352191925049,0.10773177444934845,1.0,0.2893327474594116,0.09999999999999998,20000,4117.398223876953
934000,0.005627164617180824,4.097774505615234,3.9659996032714844,0.24651256203651428,1.0,0.26142919063568115,0.09999999999999998,20000,4121.754057884216
935000,0.003542514517903328,3.775534152984619,3.6779794692993164,0.26516664028167725,1.0,0.15750619769096375,0.09999999999999998,20000,4125.883193969727
936000,0.01532045379281044,3.9484829902648926,3.8875510692596436,0.3206638693809509,1.0,0.394754022359848,0.09999999999999998,20000,4130.03129696846
937000,0.0010001147165894508,4.491908073425293,4.543895721435547,0.14138832688331604,1.0,0.10324368625879288,0.09999999999999998,20000,4134.062544822693
938000,0.007913773879408836,3.4292895793914795,3.2726356983184814,0.29842883348464966,1.0,0.30098962783813477,0.09999999999999998,20000,4138.442578792572
939000,0.011336302384734154,3.7350425720214844,3.660348415374756,0.311118483543396,1.0,0.2887154221534729,0.09999999999999998,20000,4142.773295879364
940000,0.0033770320005714893,3.5575735569000244,3.659294605255127,0.18351903557777405,1.0,0.3023685812950134,0.09999999999999998,20000,4147.016220808029
941000,0.0005398245994001627,4.171474456787109,4.044698715209961,0.17921817302703857,1.0,0.05902501940727234,0.09999999999999998,20000,4151.378300905228
942000,0.004132173024117947,3.6095046997070312,3.680338144302368,0.20089508593082428,1.0,0.27561628818511963,0.09999999999999998,20000,4155.671121835709
943000,0.01465227548032999,3.647209644317627,3.6520538330078125,0.30544596910476685,1.0,0.4216664433479309,0.09999999999999998,20000,4159.965860128403
944000,0.007221460808068514,3.432097911834717,3.450497627258301,0.2941841781139374,1.0,0.23239320516586304,0.09999999999999998,20000,4164.347365856171
945000,0.0034458981826901436,4.081347465515137,4.0261311531066895,0.16392606496810913,1.0,0.2572510242462158,0.09999999999999998,20000,4168.627295970917
946000,0.013718200847506523,4.15522575378418,4.161545753479004,0.44791463017463684,1.0,0.3100900650024414,0.09999999999999998,20000,4172.98740696907
947000,0.011441539973020554,3.770775079727173,3.6381282806396484,0.3582592010498047,1.0,0.2801941931247711,0.09999999999999998,20000,4177.388854026794
948000,0.010470608249306679,3.6959428787231445,3.8051071166992188,0.42673778533935547,1.0,0.25133487582206726,0.09999999999999998,20000,4181.781839847565
949000,0.003858541836962104,3.8983426094055176,3.865370035171509,0.19075796008110046,1.0,0.24300619959831238,0.09999999999999998,20000,4186.0391528606415
950000,0.005627601407468319,3.831592321395874,3.9289395809173584,0.22530552744865417,1.0,0.243473619222641,0.09999999999999998,20000,4190.535007953644
951000,0.0016797834541648626,3.4540553092956543,3.5040411949157715,0.24741937220096588,1.0,0.08949773013591766,0.09999999999999998,20000,4199.6580929756165
952000,0.01756996288895607,3.784097194671631,3.836852550506592,0.3671022057533264,1.0,0.41926056146621704,0.09999999999999998,20000,4203.940244913101
953000,0.0035104339476674795,4.349449634552002,4.278392314910889,0.14505788683891296,1.0,0.3368554711341858,0.09999999999999998,20000,4208.06208896637
954000,0.001948544871993363,4.331488609313965,4.309649467468262,0.10548698902130127,1.0,0.32063865661621094,0.09999999999999998,20000,4212.197189807892
955000,0.012893008068203926,3.6370034217834473,3.768372058868408,0.4201756417751312,1.0,0.30277031660079956,0.09999999999999998,20000,4216.572359800339
956000,0.0015703403623774648,3.794975519180298,3.711277961730957,0.2028513252735138,1.0,0.09241738170385361,0.09999999999999998,20000,4220.733122110367
957000,0.004757284186780453,3.74666690826416,3.803151845932007,0.1413324773311615,1.0,0.4001444876194,0.09999999999999998,20000,4224.736445903778
958000,0.004125191830098629,4.0373640060424805,3.9923980236053467,0.19420123100280762,1.0,0.2660626173019409,0.09999999999999998,20000,4228.750070095062
959000,0.014013171195983887,3.9489078521728516,3.9134645462036133,0.46465861797332764,1.0,0.2339576929807663,0.09999999999999998,20000,4232.868520975113
960000,0.02045395039021969,3.701089382171631,3.7358713150024414,0.480031818151474,1.0,0.3237617015838623,0.09999999999999998,20000,4237.106910943985
961000,0.0037290165200829506,3.9341492652893066,4.216907501220703,0.550836443901062,1.0,0.09285987168550491,0.09999999999999998,20000,4241.361588001251
962000,0.0004945446271449327,3.8876891136169434,3.917086601257324,0.14601746201515198,1.0,0.05422903597354889,0.09999999999999998,20000,4245.737843990326
963000,0.009003864601254463,3.6762311458587646,3.81636905670166,0.273102730512619,1.0,0.34464678168296814,0.09999999999999998,20000,4250.000621080399
964000,0.00489787757396698,3.9461798667907715,3.9614827632904053,0.1863330602645874,1.0,0.2616957426071167,0.09999999999999998,20000,4254.360235929489
965000,0.003918560221791267,4.025489330291748,3.9013237953186035,0.3253020942211151,1.0,0.14310985803604126,0.09999999999999998,20000,4258.732811927795
966000,0.002230128739029169,3.8969621658325195,4.01662015914917,0.2582886517047882,1.0,0.12740200757980347,0.09999999999999998,20000,4263.169007062912
967000,0.0025740310084074736,4.022536754608154,4.130627632141113,0.2508273422718048,1.0,0.13713912665843964,0.09999999999999998,20000,4267.555584907532
968000,0.005553754046559334,3.9988017082214355,4.132826805114746,0.26881685853004456,1.0,0.20030789077281952,0.09999999999999998,20000,4272.139986991882
969000,0.002562366658821702,3.5019383430480957,3.5703282356262207,0.2408895194530487,1.0,0.13244804739952087,0.09999999999999998,20000,4276.3196449279785
970000,0.009873143397271633,4.073333740234375,3.986583709716797,0.44158273935317993,1.0,0.20337677001953125,0.09999999999999998,20000,4280.451486825943
971000,0.003354728454723954,4.172589302062988,4.081417083740234,0.24170330166816711,1.0,0.17664484679698944,0.09999999999999998,20000,4284.529582977295
972000,0.000734969915356487,4.151845455169678,4.139575481414795,0.13835623860359192,1.0,0.12011764198541641,0.09999999999999998,20000,4288.640650987625
973000,0.009659123606979847,4.0621137619018555,3.965386152267456,0.25887221097946167,1.0,0.3553510010242462,0.09999999999999998,20000,4292.9472069740295
974000,0.009091164916753769,4.286803245544434,4.177284240722656,0.23276543617248535,1.0,0.41742807626724243,0.09999999999999998,20000,4297.2130517959595
975000,0.0024035563692450523,3.8427412509918213,3.9583959579467773,0.17165425419807434,1.0,0.18383078277111053,0.09999999999999998,20000,4301.558388948441
976000,0.003952175844460726,3.9103846549987793,3.7885618209838867,0.2520340383052826,1.0,0.17469540238380432,0.09999999999999998,20000,4305.825318813324
977000,0.005391949787735939,4.095471382141113,4.159387588500977,0.17428947985172272,1.0,0.3696414828300476,0.09999999999999998,20000,4310.059551954269
978000,0.006794320419430733,3.90541672706604,3.8490991592407227,0.25258392095565796,1.0,0.22732868790626526,0.09999999999999998,20000,4314.458623886108
979000,0.007081782445311546,3.8793554306030273,3.9133853912353516,0.3232344686985016,1.0,0.22795194387435913,0.09999999999999998,20000,4318.769134044647
980000,0.0046356734819710255,3.766420841217041,3.703242778778076,0.25550898909568787,1.0,0.18610449135303497,0.09999999999999998,20000,4323.192826032639
981000,0.005437416955828667,3.926816701889038,3.9701790809631348,0.1917746663093567,1.0,0.3110946714878082,0.09999999999999998,20000,4327.575648069382
982000,0.005469347350299358,3.9671199321746826,4.0569562911987305,0.20198988914489746,1.0,0.305446982383728,0.09999999999999998,20000,4332.030831813812
983000,0.0018056321423500776,3.7292356491088867,3.689849376678467,0.1179608553647995,1.0,0.17206613719463348,0.09999999999999998,20000,4338.34642291069
984000,0.00868702121078968,3.9893200397491455,4.042523384094238,0.23630373179912567,1.0,0.32917243242263794,0.09999999999999998,20000,4343.4321229457855
985000,0.0015224330127239227,4.1044535636901855,4.0306715965271,0.2134707272052765,1.0,0.10462716221809387,0.09999999999999998,20000,4348.427407026291
986000,0.002174185123294592,3.959807872772217,4.117929458618164,0.23700115084648132,1.0,0.13259586691856384,0.09999999999999998,20000,4353.7222237586975
987000,0.0011934236390516162,3.8401761054992676,3.8370916843414307,0.15019063651561737,1.0,0.17625796794891357,0.09999999999999998,20000,4357.998199939728
988000,0.004136326257139444,3.907735586166382,3.7828242778778076,0.21266154944896698,1.0,0.21763156354427338,0.09999999999999998,20000,4362.403445959091
989000,0.007253949996083975,4.060900688171387,4.048677921295166,0.20232413709163666,1.0,0.36751341819763184,0.09999999999999998,20000,4366.724531888962
990000,0.008340030908584595,3.8227555751800537,4.028414726257324,0.3780761957168579,1.0,0.24291805922985077,0.09999999999999998,20000,4370.987791776657
991000,0.0026503917761147022,3.9337940216064453,3.9011011123657227,0.12138693779706955,1.0,0.2964497208595276,0.09999999999999998,20000,4375.694346904755
992000,0.0016580424271523952,4.0133562088012695,4.034936428070068,0.14813023805618286,1.0,0.15087172389030457,0.09999999999999998,20000,4380.164155960083
993000,0.005172752775251865,3.9979891777038574,3.928248882293701,0.1584499180316925,1.0,0.3307008743286133,0.09999999999999998,20000,4385.05460190773
994000,0.0018419981934130192,4.211509704589844,4.207467079162598,0.12680146098136902,1.0,0.2265334129333496,0.09999999999999998,20000,4389.914656877518
995000,0.006056085228919983,3.808387279510498,3.8465211391448975,0.30033373832702637,1.0,0.21375726163387299,0.09999999999999998,20000,4394.887918949127
996000,0.005359754431992769,4.1281280517578125,4.339520454406738,0.3639313578605652,1.0,0.15326082706451416,0.09999999999999998,20000,4399.531382083893
997000,0.0014145480236038566,3.8205816745758057,3.7672109603881836,0.18368525803089142,1.0,0.1167278066277504,0.09999999999999998,20000,4404.222650766373
998000,0.00479064229875803,4.352477073669434,4.403378486633301,0.1921532154083252,1.0,0.22343221306800842,0.09999999999999998,20000,4408.810528039932
999000,0.002156114438548684,3.99072003364563,3.9840610027313232,0.15073883533477783,1.0,0.18107283115386963,0.09999999999999998,20000,4413.788100004196
1000000,0.0026465076953172684,4.130006313323975,4.1893229484558105,0.18194739520549774,1.0,0.15005779266357422,0.09999999999999998,20000,4418.496317863464
