paso_global,loss,q_promedio,target_promedio,error_td_promedio,beta_per,peso_importancia_promedio,epsilon,tamano_buffer,tiempo_segundos
10000,0.05499079078435898,0.0056969765573740005,0.1412384957075119,0.1366124004125595,0.41200000000000003,1.0,0.964,9998,5.682547092437744
11000,0.013530545867979527,0.10564824193716049,0.1070457175374031,0.12220228463411331,0.4132,0.49698078632354736,0.9604,10998,9.028341054916382
12000,0.039942558854818344,0.16735559701919556,0.29424533247947693,0.2916452884674072,0.41440000000000005,0.580737292766571,0.9568,11998,12.101104974746704
13000,0.035292938351631165,0.17420077323913574,0.2327437400817871,0.2546886205673218,0.4156,0.6405881643295288,0.9532,13000,15.131847858428955
14000,0.033139992505311966,0.17780746519565582,0.20187638700008392,0.24696069955825806,0.4168,0.6596789360046387,0.9496,13998,18.148634910583496
15000,0.04958505183458328,0.1875724196434021,0.26030421257019043,0.3032247722148895,0.41800000000000004,0.7163284420967102,0.946,14998,21.156559944152832
16000,0.03283011168241501,0.12677979469299316,0.29257604479789734,0.26294374465942383,0.4192,0.5318357944488525,0.9424,15998,24.244084119796753
17000,0.01568354293704033,0.16416558623313904,0.20083920657634735,0.2160768061876297,0.4204,0.4274068772792816,0.9388,16998,27.273791074752808
18000,0.028854768723249435,0.22994837164878845,0.26376277208328247,0.30048730969429016,0.42160000000000003,0.4736511707305908,0.9352,17998,30.418514013290405
19000,0.022494012489914894,0.17117656767368317,0.16823405027389526,0.21537338197231293,0.4228,0.5833661556243896,0.9316,18998,33.46259617805481
20000,0.02199714630842209,0.20750896632671356,0.23075143992900848,0.22820694744586945,0.42400000000000004,0.5559787750244141,0.9279999999999999,19998,36.44484901428223
21000,0.022822009399533272,0.42221152782440186,0.3764718174934387,0.2631765604019165,0.4252,0.5148512125015259,0.9244,20000,39.48990321159363
22000,0.027164142578840256,0.4348602294921875,0.37522339820861816,0.24395523965358734,0.4264,0.657936692237854,0.9208000000000001,20000,42.609090089797974
23000,0.02074015513062477,0.3212639093399048,0.3145837187767029,0.1792062520980835,0.42760000000000004,0.6997030377388,0.9172,20000,45.86056089401245
24000,0.023787612095475197,0.2942735552787781,0.3415135145187378,0.24332983791828156,0.4288,0.49046590924263,0.9136,20000,48.96307897567749
25000,0.02358071692287922,0.36103251576423645,0.3916970491409302,0.2546459138393402,0.43000000000000005,0.47426551580429077,0.91,20000,52.145172119140625
26000,0.021216493099927902,0.3983980417251587,0.5291613340377808,0.2718423306941986,0.4312,0.43838977813720703,0.9064,20000,55.61717414855957
27000,0.014426697045564651,0.3497329354286194,0.39372581243515015,0.18327738344669342,0.4324,0.49394387006759644,0.9028,20000,58.75475192070007
28000,0.016156842932105064,0.310478538274765,0.3764057159423828,0.20941919088363647,0.43360000000000004,0.44314906001091003,0.8992,20000,61.87336087226868
29000,0.013463303446769714,0.394204705953598,0.4685979187488556,0.22887542843818665,0.4348,0.3579241633415222,0.8956,20000,64.98395800590515
30000,0.0067776464857161045,0.34894731640815735,0.23962795734405518,0.1457173228263855,0.436,0.4347802400588989,0.892,20000,67.98324704170227
31000,0.006515678949654102,0.4360957145690918,0.44023799896240234,0.17256388068199158,0.43720000000000003,0.2810404896736145,0.8884,20000,70.99505686759949
32000,0.03071078285574913,0.5245019197463989,0.4824731945991516,0.2576991319656372,0.4384,0.590028703212738,0.8848,20000,74.0640799999237
33000,0.01873042806982994,0.5178660154342651,0.42531272768974304,0.23176875710487366,0.43960000000000005,0.5515483617782593,0.8812,20000,77.33174085617065
34000,0.02477017045021057,0.5187044143676758,0.5095513463020325,0.2649085521697998,0.4408,0.5061661005020142,0.8775999999999999,20000,80.87775707244873
35000,0.012274405919015408,0.5151609182357788,0.5512109994888306,0.2186734527349472,0.442,0.37551119923591614,0.874,20000,84.2673659324646
36000,0.022063184529542923,0.42294904589653015,0.558122992515564,0.207667276263237,0.44320000000000004,0.5720840692520142,0.8704000000000001,20000,87.67532587051392
37000,0.012806784361600876,0.40958306193351746,0.43769940733909607,0.2077198028564453,0.4444,0.41422104835510254,0.8668,20000,91.03617596626282
38000,0.01847304403781891,0.5179449319839478,0.4949793815612793,0.20362798869609833,0.4456,0.6551569700241089,0.8632,20000,94.65818190574646
39000,0.015383298508822918,0.47289639711380005,0.5320828557014465,0.1845441609621048,0.44680000000000003,0.5178954601287842,0.8596,20000,98.19506406784058
40000,0.015085605904459953,0.4730072617530823,0.44734644889831543,0.2028760313987732,0.448,0.5074916481971741,0.856,20000,101.49712300300598
41000,0.02566595748066902,0.6355619430541992,0.683296799659729,0.23201456665992737,0.44920000000000004,0.5922787189483643,0.8524,20000,105.18222904205322
42000,0.023146601393818855,0.6047738790512085,0.6294293403625488,0.25017303228378296,0.4504,0.5322722792625427,0.8488,20000,108.4162609577179
43000,0.03883037716150284,0.5304666757583618,0.7142621874809265,0.30510228872299194,0.4516,0.5291878581047058,0.8452,20000,111.93424201011658
44000,0.0063063474372029305,0.5914502739906311,0.5170592069625854,0.1451374590396881,0.45280000000000004,0.5154638290405273,0.8416,20000,115.25019383430481
45000,0.02067139372229576,0.551038384437561,0.6893258690834045,0.23168107867240906,0.454,0.5175180435180664,0.838,20000,118.83219885826111
46000,0.01327306218445301,0.6095601916313171,0.638084888458252,0.16345429420471191,0.45520000000000005,0.5938993096351624,0.8344,20000,122.23488903045654
47000,0.020015545189380646,0.6654306054115295,0.6551786065101624,0.22036898136138916,0.45640000000000003,0.5296510457992554,0.8308,20000,125.89638090133667
48000,0.012654457241296768,0.6797720789909363,0.619399905204773,0.21171294152736664,0.4576,0.4052791893482208,0.8271999999999999,20000,130.29897499084473
49000,0.009548502042889595,0.546758770942688,0.5709965229034424,0.16431447863578796,0.45880000000000004,0.41527777910232544,0.8236,20000,133.74237394332886
50000,0.02278062328696251,0.6901509761810303,0.7176576852798462,0.22002986073493958,0.46,0.6367220878601074,0.82,20000,137.29919695854187
51000,0.013111673295497894,0.8355849981307983,0.8063880801200867,0.22155508399009705,0.4612,0.38362085819244385,0.8164,20000,146.1906270980835
52000,0.016666684299707413,0.6873297691345215,0.7205510139465332,0.18508973717689514,0.46240000000000003,0.5423316359519958,0.8128,20000,149.55284714698792
53000,0.01329045556485653,0.7095831632614136,0.7129050493240356,0.19546526670455933,0.4636,0.4949861466884613,0.8092,20000,153.54821515083313
54000,0.03528394550085068,0.7322735786437988,0.7996518611907959,0.30687427520751953,0.4648,0.5719153881072998,0.8056,20000,157.5600290298462
55000,0.017058156430721283,0.8863891363143921,0.9420612454414368,0.2071618288755417,0.466,0.5438215136528015,0.802,20000,161.90941214561462
56000,0.02047979272902012,0.7948963642120361,0.7464108467102051,0.23145237565040588,0.4672,0.5356673002243042,0.7984,20000,165.39997506141663
57000,0.011833775788545609,0.6951504945755005,0.655388593673706,0.18468332290649414,0.46840000000000004,0.5096810460090637,0.7948,20000,168.64017415046692
58000,0.019288044422864914,0.7365360260009766,0.7513134479522705,0.20985357463359833,0.4696,0.6402080059051514,0.7912,20000,172.2723090648651
59000,0.017530526965856552,0.5814084410667419,0.6180974245071411,0.20358215272426605,0.4708,0.5703675746917725,0.7876,20000,175.90530514717102
60000,0.00990278273820877,0.5760901570320129,0.6044836044311523,0.15869656205177307,0.47200000000000003,0.5541009902954102,0.784,20000,179.447350025177
61000,0.020610151812434196,0.8536984324455261,0.8850712776184082,0.23988094925880432,0.4732,0.467041939496994,0.7804,20000,183.0009069442749
62000,0.022052373737096786,0.8548834323883057,0.8195822834968567,0.26151102781295776,0.47440000000000004,0.48995107412338257,0.7767999999999999,20000,186.67813515663147
63000,0.019074421375989914,0.8414922952651978,0.8685338497161865,0.2028556764125824,0.4756,0.5843285918235779,0.7732,20000,190.33470106124878
64000,0.01862812414765358,0.8649238348007202,0.8800277709960938,0.20611852407455444,0.4768,0.6170671582221985,0.7696,20000,194.0826370716095
65000,0.01381660159677267,0.7765592336654663,0.819466233253479,0.17284876108169556,0.47800000000000004,0.6130771636962891,0.766,20000,197.75948691368103
66000,0.01607630029320717,0.8571513295173645,0.9633544087409973,0.2696288526058197,0.4792,0.36750972270965576,0.7624,20000,201.34657216072083
67000,0.01847589574754238,0.7945274114608765,0.8416018486022949,0.23001565039157867,0.48040000000000005,0.46710970997810364,0.7587999999999999,20000,205.11242389678955
68000,0.01828131638467312,0.8555535078048706,0.904351532459259,0.2302195280790329,0.48160000000000003,0.5182747840881348,0.7552,20000,208.67608308792114
69000,0.026243897154927254,0.7425795197486877,0.8043262958526611,0.2626419961452484,0.4828,0.5406613349914551,0.7515999999999999,20000,212.3394000530243
70000,0.007954556494951248,0.6849206686019897,0.6529978513717651,0.17879784107208252,0.48400000000000004,0.3399752974510193,0.748,20000,215.9779679775238
71000,0.01567571423947811,0.8019397854804993,0.7362124919891357,0.20746175944805145,0.4852,0.47139087319374084,0.7444,20000,219.44743394851685
72000,0.02301967144012451,0.9954445362091064,0.9455429315567017,0.27875834703445435,0.4864,0.46209436655044556,0.7408,20000,222.9213161468506
73000,0.010286158882081509,0.810572624206543,0.8519892692565918,0.16082650423049927,0.48760000000000003,0.49991804361343384,0.7372000000000001,20000,226.3811390399933
74000,0.022193340584635735,0.8560002446174622,0.9167624115943909,0.2104686200618744,0.4888,0.6188304424285889,0.7336,20000,229.7398600578308
75000,0.027943585067987442,0.7972137928009033,0.9281020164489746,0.2864578366279602,0.49,0.4744558334350586,0.73,20000,233.15813088417053
76000,0.017615048214793205,0.7529580593109131,0.8804415464401245,0.24150533974170685,0.4912,0.42396655678749084,0.7263999999999999,20000,236.47616410255432
77000,0.01716814935207367,0.8039617538452148,0.7714556455612183,0.21174171566963196,0.4924,0.6006126403808594,0.7228,20000,240.00833892822266
78000,0.021902678534388542,0.9941502213478088,0.9275311231613159,0.27667802572250366,0.49360000000000004,0.4312365651130676,0.7192000000000001,20000,243.77780723571777
79000,0.012873673811554909,0.862635612487793,0.9043506383895874,0.18035033345222473,0.4948,0.5506801605224609,0.7156,20000,247.4249758720398
80000,0.011052371002733707,0.7217577695846558,0.6432087421417236,0.18253520131111145,0.496,0.4884222447872162,0.712,20000,251.2652781009674
81000,0.017418567091226578,1.0321693420410156,1.0419921875,0.22045978903770447,0.49720000000000003,0.5083871483802795,0.7083999999999999,20000,255.0305790901184
82000,0.011238090693950653,0.8815773129463196,0.9484598636627197,0.2248942255973816,0.4984,0.31351137161254883,0.7048,20000,258.92126202583313
83000,0.01822621375322342,1.0574554204940796,1.0020899772644043,0.26870203018188477,0.49960000000000004,0.3379896283149719,0.7012,20000,262.6330759525299
84000,0.0147597910836339,0.928409993648529,0.978483259677887,0.242079496383667,0.5008,0.39541542530059814,0.6976,20000,266.3412890434265
85000,0.010132702998816967,1.007145881652832,0.9527074098587036,0.22440814971923828,0.502,0.307766854763031,0.694,20000,269.9878489971161
86000,0.014123214408755302,0.7718393802642822,0.7122170925140381,0.18637962639331818,0.5032,0.5969813466072083,0.6904,20000,273.767196893692
87000,0.009161755442619324,1.022562026977539,1.0055991411209106,0.21214166283607483,0.5044,0.3040020763874054,0.6868000000000001,20000,277.52450680732727
88000,0.020092342048883438,0.9291216731071472,0.8873958587646484,0.23789750039577484,0.5056,0.5021557807922363,0.6832,20000,281.34417700767517
89000,0.009748760610818863,1.098402500152588,1.0046709775924683,0.1602555215358734,0.5068,0.566554069519043,0.6796,20000,285.0723788738251
90000,0.024288415908813477,0.9153456091880798,0.9015723466873169,0.23299765586853027,0.508,0.5835201144218445,0.6759999999999999,20000,288.9110939502716
91000,0.02074192836880684,0.9920818209648132,0.9284290075302124,0.2263593077659607,0.5092,0.5101146697998047,0.6724,20000,292.71749210357666
92000,0.010910853743553162,1.1682915687561035,1.24068284034729,0.2363104671239853,0.5104,0.33190327882766724,0.6688000000000001,20000,296.45892310142517
93000,0.017432086169719696,1.1504817008972168,1.0217792987823486,0.23930412530899048,0.5116,0.45822402834892273,0.6652,20000,300.1214830875397
94000,0.01897691935300827,1.006446361541748,1.1617166996002197,0.2936491370201111,0.5128,0.323269784450531,0.6616,20000,303.65735507011414
95000,0.03223225474357605,1.0035734176635742,0.8735761642456055,0.28390419483184814,0.514,0.5551714897155762,0.6579999999999999,20000,307.1397109031677
96000,0.03411087393760681,0.9047452211380005,0.9880506992340088,0.2790745198726654,0.5152,0.6102135181427002,0.6544,20000,310.5534348487854
97000,0.012689817696809769,0.8933232426643372,0.9974125027656555,0.2022729367017746,0.5164,0.4806164503097534,0.6508,20000,314.02806186676025
98000,0.027712475508451462,1.039785623550415,1.0437686443328857,0.2643793225288391,0.5176000000000001,0.6696896553039551,0.6472,20000,317.5811719894409
99000,0.007439593318849802,1.0398831367492676,1.078246831893921,0.18067072331905365,0.5188,0.3744885325431824,0.6436,20000,321.3439199924469
100000,0.018222372978925705,1.3536611795425415,1.3037126064300537,0.2425006926059723,0.52,0.5399664044380188,0.6399999999999999,20000,325.07642006874084
101000,0.016306694597005844,1.0594477653503418,1.1254103183746338,0.2483719289302826,0.5212,0.4120634198188782,0.6364,20000,335.8750660419464
102000,0.012757268734276295,1.0624101161956787,1.080367922782898,0.19988803565502167,0.5224,0.4382189214229584,0.6328,20000,339.4622778892517
103000,0.02224608324468136,1.2998374700546265,1.1235647201538086,0.27120065689086914,0.5236000000000001,0.4777843952178955,0.6292,20000,343.5401668548584
104000,0.007304169237613678,1.0751045942306519,1.0891286134719849,0.17996792495250702,0.5248,0.32422935962677,0.6255999999999999,20000,347.4215519428253
105000,0.020535990595817566,1.0767455101013184,1.1912627220153809,0.23228253424167633,0.526,0.609658420085907,0.622,20000,351.25377798080444
106000,0.027444209903478622,0.9963363409042358,1.0472687482833862,0.2613683342933655,0.5272,0.6221092939376831,0.6184000000000001,20000,355.2605450153351
107000,0.011157825589179993,1.2062397003173828,1.1590874195098877,0.20003022253513336,0.5284,0.4132523536682129,0.6148,20000,358.9985599517822
108000,0.013688097707927227,1.2298474311828613,1.1881167888641357,0.23220042884349823,0.5296000000000001,0.3992411196231842,0.6112,20000,362.9069240093231
109000,0.012401474639773369,1.0994138717651367,1.1924464702606201,0.1959405541419983,0.5308,0.535954475402832,0.6075999999999999,20000,366.8282630443573
110000,0.01608031615614891,1.1982998847961426,1.215291976928711,0.2657025456428528,0.532,0.37997180223464966,0.604,20000,370.73986315727234
111000,0.017392680048942566,1.3515808582305908,1.3860487937927246,0.263192355632782,0.5332,0.448696494102478,0.6004,20000,374.5847911834717
112000,0.01105322316288948,1.2700433731079102,1.2588765621185303,0.20306947827339172,0.5344,0.39438697695732117,0.5968,20000,378.5909900665283
113000,0.016124721616506577,1.212568759918213,1.1262980699539185,0.22278954088687897,0.5356000000000001,0.5075279474258423,0.5932,20000,382.54321908950806
114000,0.020352181047201157,1.0617928504943848,1.0760042667388916,0.25613874197006226,0.5368,0.44841182231903076,0.5895999999999999,20000,386.19459199905396
115000,0.009975843131542206,1.1201424598693848,1.0844050645828247,0.1705344021320343,0.538,0.5832299590110779,0.586,20000,389.83762097358704
116000,0.024122685194015503,1.2139641046524048,1.296874761581421,0.27390390634536743,0.5392,0.5216808915138245,0.5824,20000,393.3714950084686
117000,0.017747219651937485,1.3890156745910645,1.4834246635437012,0.24059242010116577,0.5404,0.4419001340866089,0.5788,20000,396.90686893463135
118000,0.012779241427779198,1.329795241355896,1.3245543241500854,0.24928374588489532,0.5416,0.34207746386528015,0.5751999999999999,20000,400.60135102272034
119000,0.009359405376017094,1.253794550895691,1.3138772249221802,0.18074414134025574,0.5428,0.36684492230415344,0.5716,20000,404.65547490119934
120000,0.008788231760263443,1.1064924001693726,1.052788257598877,0.2172827124595642,0.544,0.3348628878593445,0.5680000000000001,20000,408.61037492752075
121000,0.0043091257102787495,1.36476469039917,1.4538419246673584,0.18488991260528564,0.5452,0.20196712017059326,0.5644,20000,412.6539750099182
122000,0.013712409883737564,1.1789751052856445,1.0881508588790894,0.2183910608291626,0.5464,0.38719087839126587,0.5608,20000,416.6990888118744
123000,0.008001534268260002,1.610642910003662,1.5723953247070312,0.196793794631958,0.5476,0.3095782399177551,0.5571999999999999,20000,420.8844401836395
124000,0.015635989606380463,1.2554558515548706,1.3512884378433228,0.2774214744567871,0.5488,0.34289002418518066,0.5536,20000,424.9209349155426
125000,0.014167435467243195,1.3736233711242676,1.3205169439315796,0.206356018781662,0.55,0.5617815256118774,0.55,20000,428.76272892951965
126000,0.010562672279775143,1.5436897277832031,1.4857945442199707,0.2249211072921753,0.5512,0.3565969169139862,0.5464,20000,432.7673270702362
127000,0.019609160721302032,1.3925817012786865,1.4465413093566895,0.2370164543390274,0.5524,0.5230566263198853,0.5428,20000,436.85872316360474
128000,0.014299582690000534,1.3321164846420288,1.3400026559829712,0.21545258164405823,0.5536,0.4786534011363983,0.5391999999999999,20000,440.81056213378906
129000,0.023255418986082077,1.5238453149795532,1.514500379562378,0.2897319793701172,0.5548,0.46441224217414856,0.5356,20000,444.9855740070343
130000,0.009797371923923492,1.3850396871566772,1.350341796875,0.21454936265945435,0.556,0.3790740370750427,0.532,20000,448.8013119697571
131000,0.010818172246217728,1.5161466598510742,1.5333597660064697,0.20118448138237,0.5572,0.3948270380496979,0.5284,20000,452.9016649723053
132000,0.012488252483308315,1.3430390357971191,1.3107929229736328,0.2504667043685913,0.5584,0.3101760745048523,0.5247999999999999,20000,457.0896420478821
133000,0.009722845628857613,1.4535082578659058,1.4476745128631592,0.180159330368042,0.5596,0.49684715270996094,0.5211999999999999,20000,461.3568630218506
134000,0.020333928987383842,1.6669182777404785,1.6921372413635254,0.2633516788482666,0.5608,0.3834255635738373,0.5176,20000,465.2261140346527
135000,0.014721455052495003,1.3726118803024292,1.3961877822875977,0.22826087474822998,0.562,0.37561604380607605,0.514,20000,468.9543192386627
136000,0.018320053815841675,1.6015602350234985,1.66770339012146,0.23410989344120026,0.5632,0.49837708473205566,0.5104,20000,472.72360491752625
137000,0.008157718926668167,1.4913270473480225,1.5724084377288818,0.22057804465293884,0.5644,0.2586289048194885,0.5067999999999999,20000,476.54616594314575
138000,0.00799800269305706,1.1199736595153809,1.0927422046661377,0.16570736467838287,0.5656,0.4596644639968872,0.5031999999999999,20000,480.33318996429443
139000,0.01189308799803257,1.476109504699707,1.52358078956604,0.18859295547008514,0.5668,0.4637283980846405,0.49959999999999993,20000,484.12122917175293
140000,0.013081839308142662,1.2808507680892944,1.291346788406372,0.2790350615978241,0.5680000000000001,0.2693660259246826,0.4959999999999999,20000,487.9973702430725
141000,0.013701592572033405,1.4624816179275513,1.5612473487854004,0.284955769777298,0.5692,0.2918350398540497,0.49240000000000006,20000,491.9140980243683
142000,0.01830153539776802,1.4390976428985596,1.5028223991394043,0.26058241724967957,0.5704,0.3920981287956238,0.4888,20000,496.12940216064453
143000,0.024820011109113693,1.5747406482696533,1.6190376281738281,0.28899723291397095,0.5716,0.4737875461578369,0.4852000000000001,20000,500.22138595581055
144000,0.006116580218076706,1.5510749816894531,1.5616785287857056,0.1685398370027542,0.5728,0.3806019425392151,0.48160000000000003,20000,504.55267095565796
145000,0.011483369395136833,1.5522871017456055,1.5514273643493652,0.19475725293159485,0.5740000000000001,0.43838605284690857,0.478,20000,508.54108595848083
146000,0.010851907543838024,1.7581970691680908,1.6313236951828003,0.2741270661354065,0.5752,0.2587389349937439,0.47440000000000004,20000,512.753828048706
147000,0.015306361019611359,1.5766017436981201,1.625538945198059,0.24824315309524536,0.5764,0.3888585567474365,0.4708,20000,516.9448781013489
148000,0.01316257193684578,1.4687764644622803,1.5506821870803833,0.186979740858078,0.5776,0.5703144669532776,0.46720000000000006,20000,520.9846289157867
149000,0.00676548108458519,1.5454072952270508,1.4965219497680664,0.17383494973182678,0.5788,0.35740095376968384,0.4636,20000,525.2140648365021
150000,0.01057395525276661,1.5106548070907593,1.4775463342666626,0.19864806532859802,0.5800000000000001,0.462921142578125,0.45999999999999996,20000,529.3249249458313
151000,0.011215131729841232,1.521488904953003,1.5247187614440918,0.20205919444561005,0.5812,0.44354933500289917,0.45640000000000003,20000,540.6248919963837
152000,0.011381713673472404,1.5556235313415527,1.6132042407989502,0.21949300169944763,0.5824,0.4134367108345032,0.4528,20000,544.6320290565491
153000,0.021271687000989914,1.7809380292892456,1.8950321674346924,0.26011982560157776,0.5836,0.4549151062965393,0.44920000000000004,20000,548.6114680767059
154000,0.009882508777081966,1.5901726484298706,1.5868667364120483,0.1719466745853424,0.5848,0.5175023078918457,0.4456,20000,552.3470101356506
155000,0.014743262901902199,1.4975659847259521,1.532504916191101,0.20608612895011902,0.5860000000000001,0.4719323515892029,0.44199999999999995,20000,556.2212660312653
156000,0.020674929022789,1.6375778913497925,1.6560508012771606,0.25612008571624756,0.5872,0.4228382706642151,0.4384,20000,560.017117023468
157000,0.01764768362045288,1.5916099548339844,1.659077763557434,0.23661434650421143,0.5884,0.46342217922210693,0.43479999999999996,20000,563.8393139839172
158000,0.013556074351072311,1.6915380954742432,1.5656393766403198,0.2489708662033081,0.5896,0.3572383522987366,0.4312,20000,567.7263381481171
159000,0.010688910260796547,1.2934379577636719,1.3085007667541504,0.1861514151096344,0.5908,0.46674782037734985,0.4276,20000,571.600790977478
160000,0.00783398374915123,1.9744503498077393,2.035400867462158,0.16703078150749207,0.5920000000000001,0.39701390266418457,0.42399999999999993,20000,575.5241007804871
161000,0.014582579955458641,1.5747615098953247,1.6780695915222168,0.22874264419078827,0.5932000000000001,0.3722499907016754,0.4204,20000,579.3669970035553
162000,0.016321595758199692,1.8530206680297852,1.8715894222259521,0.23648354411125183,0.5944,0.4626659154891968,0.41679999999999995,20000,583.2887601852417
163000,0.01493544690310955,1.7457934617996216,1.7549091577529907,0.23737303912639618,0.5956,0.46870678663253784,0.4132,20000,587.0989089012146
164000,0.019955188035964966,1.5265772342681885,1.6067829132080078,0.2570072412490845,0.5968,0.49128901958465576,0.40959999999999996,20000,590.9611330032349
165000,0.015130596235394478,1.7903659343719482,1.8524349927902222,0.2040386199951172,0.5980000000000001,0.577262282371521,0.4059999999999999,20000,594.7791690826416
166000,0.010460374876856804,1.6895591020584106,1.7643795013427734,0.2018667459487915,0.5992000000000001,0.40688419342041016,0.4024,20000,598.636066198349
167000,0.011616356670856476,1.7197518348693848,1.672786831855774,0.2262391448020935,0.6004,0.32854774594306946,0.39879999999999993,20000,602.4588251113892
168000,0.007816902361810207,1.756937861442566,1.6586822271347046,0.19926506280899048,0.6016,0.32211506366729736,0.3952,20000,606.4036259651184
169000,0.009353704750537872,1.7119334936141968,1.574639916419983,0.2292705774307251,0.6028,0.3178449869155884,0.39159999999999995,20000,610.2061178684235
170000,0.009980458766222,1.7550548315048218,1.7881543636322021,0.1902979463338852,0.6040000000000001,0.399688184261322,0.3879999999999999,20000,614.1142609119415
171000,0.02458268776535988,1.8264482021331787,1.8457129001617432,0.2925192713737488,0.6052000000000001,0.4829905331134796,0.38439999999999996,20000,618.032243013382
172000,0.019102154299616814,1.7792434692382812,1.8534740209579468,0.2105896770954132,0.6064,0.6338304281234741,0.3808,20000,622.7266490459442
173000,0.018952269107103348,1.8797578811645508,2.042123317718506,0.255470871925354,0.6076,0.4157640039920807,0.3772,20000,627.3485901355743
174000,0.01648782566189766,1.9744771718978882,1.9276176691055298,0.21138986945152283,0.6088,0.569337785243988,0.37360000000000004,20000,631.7621781826019
175000,0.015255682170391083,1.5530236959457397,1.5876743793487549,0.22489610314369202,0.61,0.4884093105792999,0.37,20000,635.7651798725128
176000,0.0030920286662876606,1.5128824710845947,1.4523165225982666,0.18802008032798767,0.6112,0.15955181419849396,0.36640000000000006,20000,639.7464971542358
177000,0.006413343362510204,1.720358967781067,1.742218017578125,0.170204758644104,0.6124,0.3767094612121582,0.3628,20000,643.6463830471039
178000,0.011601476930081844,1.9107316732406616,1.8749098777770996,0.2226763218641281,0.6136,0.3460114598274231,0.35919999999999996,20000,647.93705701828
179000,0.01319056935608387,1.5532729625701904,1.6648070812225342,0.2784234285354614,0.6148,0.29321205615997314,0.3556,20000,652.1421270370483
180000,0.011082092300057411,1.7912689447402954,1.6743004322052002,0.2180188000202179,0.616,0.32874977588653564,0.352,20000,656.3854541778564
181000,0.021492982283234596,1.826162338256836,1.7748969793319702,0.2430148422718048,0.6172,0.512304961681366,0.34840000000000004,20000,660.4357271194458
182000,0.014694475568830967,1.7401269674301147,1.7413761615753174,0.2443506419658661,0.6184000000000001,0.40474244952201843,0.3448,20000,664.8000330924988
183000,0.021118687465786934,1.5409049987792969,1.4564931392669678,0.29340749979019165,0.6196,0.4151574969291687,0.34119999999999995,20000,668.8513059616089
184000,0.016195140779018402,1.9931857585906982,1.8939356803894043,0.21723678708076477,0.6208,0.5310623645782471,0.3376,20000,673.0502660274506
185000,0.024948306381702423,1.9597110748291016,1.8434463739395142,0.2795642018318176,0.622,0.44528746604919434,0.33399999999999996,20000,677.3093719482422
186000,0.01073334738612175,2.036381483078003,1.991231918334961,0.19642555713653564,0.6232,0.4271399974822998,0.3304,20000,681.357537984848
187000,0.02669285237789154,2.0887937545776367,2.0526065826416016,0.3285309076309204,0.6244000000000001,0.4255557060241699,0.3268,20000,685.5211441516876
188000,0.016817394644021988,1.8294644355773926,1.8419554233551025,0.2350161075592041,0.6256,0.4720309376716614,0.32319999999999993,20000,689.655354976654
189000,0.008737071417272091,2.0157666206359863,2.0377159118652344,0.21490079164505005,0.6268,0.3334607183933258,0.3196,20000,693.8351230621338
190000,0.009467054158449173,1.6569044589996338,1.738969087600708,0.31947433948516846,0.628,0.1811109483242035,0.31599999999999995,20000,698.3017389774323
191000,0.012833992019295692,1.889862060546875,1.9286242723464966,0.23726049065589905,0.6292,0.39230477809906006,0.3124,20000,702.4439868927002
192000,0.019306115806102753,1.7648422718048096,1.787905216217041,0.2885345220565796,0.6304000000000001,0.3692217171192169,0.30879999999999996,20000,706.6824660301208
193000,0.017382070422172546,2.1415469646453857,2.0369200706481934,0.2927428185939789,0.6316,0.3138858675956726,0.3051999999999999,20000,710.6132740974426
194000,0.011790839023888111,2.159637928009033,2.1297361850738525,0.24271142482757568,0.6328,0.32940950989723206,0.3016,20000,714.6150619983673
195000,0.031970009207725525,2.1472697257995605,2.087756633758545,0.3214109539985657,0.634,0.45513996481895447,0.29799999999999993,20000,718.5816540718079
196000,0.017266713082790375,2.125715732574463,2.1060619354248047,0.2647818326950073,0.6352,0.42136135697364807,0.2944,20000,722.4817180633545
197000,0.012250534258782864,1.945194125175476,1.8492279052734375,0.23535886406898499,0.6364000000000001,0.34363484382629395,0.29079999999999995,20000,727.5567500591278
198000,0.021387049928307533,2.03358793258667,2.0523223876953125,0.2964879274368286,0.6376000000000001,0.4061264395713806,0.2871999999999999,20000,731.7221839427948
199000,0.010207337327301502,1.8945059776306152,1.92775297164917,0.24490083754062653,0.6388,0.29629677534103394,0.28359999999999996,20000,736.0859351158142
200000,0.008847024291753769,2.0079097747802734,2.0733118057250977,0.20316597819328308,0.64,0.4110323190689087,0.2799999999999999,20000,740.5985951423645
201000,0.01504051499068737,2.118386745452881,2.0787956714630127,0.2131403386592865,0.6412,0.47025513648986816,0.2764,20000,751.0146241188049
202000,0.008857361972332,2.163451910018921,2.3713278770446777,0.31782788038253784,0.6424000000000001,0.16701823472976685,0.27279999999999993,20000,755.0285210609436
203000,0.01129390299320221,1.8008143901824951,1.903879165649414,0.25028926134109497,0.6436000000000001,0.348837673664093,0.2691999999999999,20000,759.0200090408325
204000,0.016357561573386192,1.984970211982727,2.091665744781494,0.34192943572998047,0.6448,0.2599572241306305,0.26560000000000006,20000,763.0529019832611
205000,0.00828680582344532,1.8565638065338135,1.8211766481399536,0.22611308097839355,0.646,0.2649956941604614,0.262,20000,767.0593140125275
206000,0.013902131468057632,1.6195261478424072,1.5802724361419678,0.20582368969917297,0.6472,0.47035127878189087,0.2584000000000001,20000,771.0558550357819
207000,0.014407278038561344,2.0186798572540283,1.9245233535766602,0.24655437469482422,0.6484,0.38621875643730164,0.2548,20000,775.0001111030579
208000,0.007694438099861145,2.1240506172180176,2.024386405944824,0.22958964109420776,0.6496,0.2751089036464691,0.2512,20000,779.1821639537811
209000,0.011525156907737255,1.768100380897522,1.8216221332550049,0.2465324103832245,0.6508,0.34369710087776184,0.24760000000000004,20000,783.191241979599
210000,0.024942509829998016,1.9957939386367798,2.073690414428711,0.27030763030052185,0.652,0.5541049242019653,0.244,20000,787.211578130722
211000,0.023783240467309952,2.145476818084717,2.18194580078125,0.2873184084892273,0.6532,0.47535091638565063,0.24040000000000006,20000,791.1853470802307
212000,0.03157234936952591,1.978711724281311,2.0865097045898438,0.3081555962562561,0.6544,0.4759569466114044,0.2368,20000,795.2189838886261
213000,0.011733759194612503,2.145219326019287,2.174065589904785,0.2613532245159149,0.6556,0.33459362387657166,0.23319999999999996,20000,799.2034969329834
214000,0.019985612481832504,1.7486839294433594,1.8722896575927734,0.35730963945388794,0.6568,0.28604403138160706,0.22960000000000003,20000,803.2298920154572
215000,0.03078204207122326,1.9331762790679932,1.9950932264328003,0.30374258756637573,0.658,0.5128369331359863,0.22599999999999998,20000,807.3456041812897
216000,0.00838096346706152,1.7868921756744385,1.9165503978729248,0.2252940684556961,0.6592,0.2509707808494568,0.22240000000000004,20000,811.5326788425446
217000,0.019591864198446274,2.0991969108581543,2.179886817932129,0.2874215841293335,0.6604,0.4180402159690857,0.2188,20000,815.8586790561676
218000,0.006805193144828081,2.241708278656006,2.244400978088379,0.2346881777048111,0.6616,0.2237122356891632,0.21519999999999995,20000,820.2801990509033
219000,0.004146677441895008,2.024193048477173,2.084913730621338,0.20109301805496216,0.6628000000000001,0.18071326613426208,0.2116,20000,824.3993389606476
220000,0.014582091942429543,1.8320345878601074,1.8056265115737915,0.2633202373981476,0.664,0.3569975793361664,0.20799999999999996,20000,828.8663611412048
221000,0.027595607563853264,2.159749984741211,2.2389259338378906,0.2650076746940613,0.6652,0.6094936728477478,0.20440000000000003,20000,833.7835891246796
222000,0.010041112080216408,1.9598941802978516,1.9002537727355957,0.25689461827278137,0.6664,0.2579496502876282,0.20079999999999998,20000,839.564973115921
223000,0.02232327312231064,2.0707054138183594,2.0457544326782227,0.27483344078063965,0.6676,0.4152979850769043,0.19719999999999993,20000,844.3404989242554
224000,0.007421536836773157,1.9634944200515747,1.9256666898727417,0.20587769150733948,0.6688000000000001,0.2737187147140503,0.1936,20000,848.7183501720428
225000,0.0033068337943404913,1.8546717166900635,1.9203792810440063,0.19530540704727173,0.67,0.18916243314743042,0.18999999999999995,20000,853.3917279243469
226000,0.021604057401418686,2.3557186126708984,2.330153465270996,0.3173593282699585,0.6712,0.3556123971939087,0.1864,20000,857.9655728340149
227000,0.01472843810915947,1.9782917499542236,2.0215253829956055,0.24036909639835358,0.6724,0.4418499767780304,0.18279999999999996,20000,862.1890361309052
228000,0.01640862412750721,2.1799964904785156,2.1761393547058105,0.2406468242406845,0.6736,0.4137438237667084,0.17919999999999991,20000,866.5795679092407
229000,0.022904139012098312,2.034268856048584,1.8862226009368896,0.3050960898399353,0.6748000000000001,0.4469220042228699,0.17559999999999998,20000,870.7058198451996
230000,0.015849120914936066,2.0815675258636475,2.096262216567993,0.27513110637664795,0.676,0.3580229878425598,0.17199999999999993,20000,874.8477640151978
231000,0.02005280926823616,2.0058982372283936,2.072503089904785,0.2362985461950302,0.6772,0.39454954862594604,0.1684,20000,879.0137751102448
232000,0.018506091088056564,2.2742762565612793,2.307748794555664,0.3561456799507141,0.6784,0.2574182450771332,0.16479999999999995,20000,882.946259021759
233000,0.019352473318576813,2.126988410949707,2.234140634536743,0.25799286365509033,0.6796,0.4618801176548004,0.1611999999999999,20000,886.9950211048126
234000,0.01525922305881977,2.2164855003356934,2.2125370502471924,0.28759706020355225,0.6808000000000001,0.29321756958961487,0.15759999999999996,20000,891.4213609695435
235000,0.02042585238814354,2.1152873039245605,2.0249674320220947,0.35042640566825867,0.6819999999999999,0.2988242506980896,0.15400000000000003,20000,895.572261095047
236000,0.022750092670321465,2.3217692375183105,2.2231907844543457,0.2551802694797516,0.6832,0.47521159052848816,0.15039999999999998,20000,899.9175250530243
237000,0.013589274138212204,2.1238183975219727,2.2041821479797363,0.255354642868042,0.6844,0.3445765972137451,0.14680000000000004,20000,904.1800298690796
238000,0.008657880127429962,2.254920482635498,2.356318950653076,0.22212404012680054,0.6856,0.32070037722587585,0.1432,20000,908.4243929386139
239000,0.016381077468395233,2.4416754245758057,2.622042655944824,0.24380862712860107,0.6868000000000001,0.3686107099056244,0.13960000000000006,20000,913.0288372039795
240000,0.01030284445732832,2.272707462310791,2.276911973953247,0.24018141627311707,0.688,0.2955966591835022,0.136,20000,918.1304340362549
241000,0.013214172795414925,2.418768882751465,2.4929723739624023,0.3170621991157532,0.6892,0.25771141052246094,0.13239999999999996,20000,923.4178440570831
242000,0.023840855807065964,2.0900802612304688,2.1375155448913574,0.26290619373321533,0.6904,0.48008036613464355,0.12880000000000003,20000,928.7530801296234
243000,0.01352827250957489,1.9608144760131836,1.9017034769058228,0.2507386803627014,0.6916,0.3593102991580963,0.12519999999999998,20000,933.376424074173
244000,0.01329970546066761,2.6323094367980957,2.537341594696045,0.2385178506374359,0.6928000000000001,0.369519978761673,0.12160000000000004,20000,937.8955111503601
245000,0.01451198197901249,2.1415061950683594,2.180769443511963,0.2602173388004303,0.694,0.3811221122741699,0.118,20000,942.6310610771179
246000,0.004248039796948433,2.2469751834869385,2.3170523643493652,0.24541625380516052,0.6952,0.15547102689743042,0.11439999999999995,20000,947.4554259777069
247000,0.012666381895542145,2.1616873741149902,2.356365442276001,0.33541086316108704,0.6964,0.19301438331604004,0.11080000000000001,20000,952.1185548305511
248000,0.030082540586590767,2.1953930854797363,2.225820541381836,0.31962475180625916,0.6976,0.5224337577819824,0.10719999999999996,20000,956.4637660980225
249000,0.02382833883166313,2.3216934204101562,2.3458855152130127,0.31200161576271057,0.6988000000000001,0.4369833469390869,0.10360000000000003,20000,960.7680261135101
250000,0.017135873436927795,2.4006524085998535,2.3916258811950684,0.2537139058113098,0.7,0.3646724820137024,0.09999999999999998,20000,965.1268799304962
251000,0.03566010668873787,2.4730968475341797,2.530219078063965,0.3224491775035858,0.7012,0.5176657438278198,0.09999999999999998,20000,974.073972940445
252000,0.025977857410907745,2.5630290508270264,2.630232572555542,0.2701565623283386,0.7024,0.526534378528595,0.09999999999999998,20000,978.2473630905151
253000,0.025111008435487747,2.540926456451416,2.415114402770996,0.32540711760520935,0.7036,0.440360426902771,0.09999999999999998,20000,982.4472980499268
254000,0.01442454382777214,2.5720291137695312,2.443044662475586,0.29877936840057373,0.7048000000000001,0.31587570905685425,0.09999999999999998,20000,986.6527690887451
255000,0.017149150371551514,2.158320903778076,2.1421446800231934,0.3101155459880829,0.706,0.2921501696109772,0.09999999999999998,20000,991.3122630119324
256000,0.013409186154603958,2.1157989501953125,2.175395965576172,0.27041709423065186,0.7072,0.31720227003097534,0.09999999999999998,20000,995.8035860061646
257000,0.038818635046482086,2.169255256652832,2.40352201461792,0.35451334714889526,0.7084,0.5605766773223877,0.09999999999999998,20000,1000.010792016983
258000,0.028938589617609978,2.206045627593994,2.2632241249084473,0.34942513704299927,0.7096,0.38534510135650635,0.09999999999999998,20000,1004.1717891693115
259000,0.011862216517329216,2.357910633087158,2.3690054416656494,0.2839880585670471,0.7108000000000001,0.294111430644989,0.09999999999999998,20000,1008.5180580615997
260000,0.011967736296355724,2.5136070251464844,2.504476547241211,0.2655782699584961,0.712,0.28155088424682617,0.09999999999999998,20000,1012.9703669548035
261000,0.016985084861516953,2.4232921600341797,2.447340965270996,0.23176643252372742,0.7132000000000001,0.42009681463241577,0.09999999999999998,20000,1017.8251321315765
262000,0.010626355186104774,2.4364748001098633,2.5241641998291016,0.20362544059753418,0.7144,0.39260560274124146,0.09999999999999998,20000,1022.3270239830017
263000,0.01615780033171177,2.5435914993286133,2.5223569869995117,0.2192767709493637,0.7156,0.46680063009262085,0.09999999999999998,20000,1026.7587280273438
264000,0.015684641897678375,2.21105694770813,2.217689037322998,0.2636864185333252,0.7168000000000001,0.32878899574279785,0.09999999999999998,20000,1031.209851026535
265000,0.034233950078487396,2.638915777206421,2.6767749786376953,0.37037068605422974,0.718,0.42418164014816284,0.09999999999999998,20000,1035.7541980743408
266000,0.009462371468544006,2.3704047203063965,2.430920124053955,0.2641429007053375,0.7192000000000001,0.2161865532398224,0.09999999999999998,20000,1040.0270330905914
267000,0.013216258957982063,2.3799891471862793,2.4405040740966797,0.27015265822410583,0.7204,0.2992599904537201,0.09999999999999998,20000,1044.0652930736542
268000,0.003642396070063114,2.2697930335998535,2.2688395977020264,0.17626354098320007,0.7216,0.18942174315452576,0.09999999999999998,20000,1048.142364025116
269000,0.014949772506952286,2.3548519611358643,2.3374738693237305,0.24831238389015198,0.7228000000000001,0.4302527904510498,0.09999999999999998,20000,1052.3192880153656
270000,0.022195180878043175,2.3358330726623535,2.6017470359802246,0.3483392298221588,0.724,0.2974948287010193,0.09999999999999998,20000,1056.8064250946045
271000,0.008775737136602402,2.453211784362793,2.387986660003662,0.21025267243385315,0.7252000000000001,0.3200524151325226,0.09999999999999998,20000,1061.1341660022736
272000,0.011373747140169144,2.700575351715088,2.7744524478912354,0.25459378957748413,0.7264,0.29504677653312683,0.09999999999999998,20000,1065.726970911026
273000,0.01874079927802086,2.28365159034729,2.283031940460205,0.23610246181488037,0.7276,0.4847974181175232,0.09999999999999998,20000,1070.3095660209656
274000,0.005267876200377941,2.4051990509033203,2.380462646484375,0.21909010410308838,0.7288000000000001,0.18158891797065735,0.09999999999999998,20000,1074.9026970863342
275000,0.012992043048143387,2.6422929763793945,2.7733912467956543,0.2574314773082733,0.73,0.2769831120967865,0.09999999999999998,20000,1079.3513050079346
276000,0.013212732970714569,2.5693395137786865,2.595524549484253,0.20566412806510925,0.7312000000000001,0.47704946994781494,0.09999999999999998,20000,1085.217540025711
277000,0.011275360360741615,2.1421520709991455,2.192579746246338,0.1990751326084137,0.7324,0.4794042706489563,0.09999999999999998,20000,1091.8030569553375
278000,0.01385771669447422,2.195814609527588,2.152592182159424,0.23997801542282104,0.7336,0.40261924266815186,0.09999999999999998,20000,1097.4334981441498
279000,0.01929648220539093,2.340193748474121,2.416133403778076,0.2757408022880554,0.7348000000000001,0.45573529601097107,0.09999999999999998,20000,1102.174068927765
280000,0.006318696774542332,2.6302733421325684,2.6589746475219727,0.27411699295043945,0.736,0.15838798880577087,0.09999999999999998,20000,1107.657763004303
281000,0.008932339027523994,2.627875328063965,2.648115873336792,0.19094514846801758,0.7372000000000001,0.4474802017211914,0.09999999999999998,20000,1112.5546140670776
282000,0.015129037201404572,2.4683218002319336,2.4433131217956543,0.2803196609020233,0.7384,0.3449855446815491,0.09999999999999998,20000,1117.3399469852448
283000,0.031281471252441406,2.5578558444976807,2.4030838012695312,0.35877496004104614,0.7396,0.41658058762550354,0.09999999999999998,20000,1121.4357929229736
284000,0.009391700848937035,2.556403875350952,2.5621800422668457,0.24758900701999664,0.7407999999999999,0.261279821395874,0.09999999999999998,20000,1125.8020250797272
285000,0.018888942897319794,2.5721988677978516,2.5914506912231445,0.2620379626750946,0.742,0.49205759167671204,0.09999999999999998,20000,1130.7921769618988
286000,0.01011965423822403,2.4576828479766846,2.477095603942871,0.22413085401058197,0.7432,0.36098983883857727,0.09999999999999998,20000,1135.3245000839233
287000,0.0118479635566473,2.4859347343444824,2.4607462882995605,0.24204164743423462,0.7444,0.33847713470458984,0.09999999999999998,20000,1140.6366930007935
288000,0.00646089157089591,2.616840362548828,2.607053279876709,0.2178725302219391,0.7456,0.2670695185661316,0.09999999999999998,20000,1145.9276449680328
289000,0.010900814086198807,2.307793140411377,2.2948620319366455,0.2442646324634552,0.7467999999999999,0.2935353219509125,0.09999999999999998,20000,1151.8029000759125
290000,0.011219521053135395,2.6102633476257324,2.515296459197998,0.24723060429096222,0.748,0.34963545203208923,0.09999999999999998,20000,1156.4990499019623
291000,0.006414233241230249,2.3208518028259277,2.4107179641723633,0.17514407634735107,0.7492,0.3471808135509491,0.09999999999999998,20000,1160.8954648971558
292000,0.017279256135225296,2.5639781951904297,2.7873830795288086,0.33313632011413574,0.7504,0.2844623327255249,0.09999999999999998,20000,1165.5165610313416
293000,0.009960075840353966,2.9319305419921875,2.9327445030212402,0.2084483653306961,0.7516,0.2831464409828186,0.09999999999999998,20000,1170.2746739387512
294000,0.024002179503440857,2.495072603225708,2.363713264465332,0.3139398396015167,0.7527999999999999,0.46313348412513733,0.09999999999999998,20000,1174.8845791816711
295000,0.007358257658779621,2.134054660797119,2.1404285430908203,0.19467997550964355,0.754,0.3879515528678894,0.09999999999999998,20000,1179.4680750370026
296000,0.011715522967278957,2.408135175704956,2.371783971786499,0.2103751003742218,0.7552,0.4553827941417694,0.09999999999999998,20000,1184.0622720718384
297000,0.015649519860744476,2.613476276397705,2.544833183288574,0.22215823829174042,0.7564,0.43214935064315796,0.09999999999999998,20000,1188.6514019966125
298000,0.013790667057037354,2.4875166416168213,2.4596381187438965,0.22696219384670258,0.7576,0.4357590079307556,0.09999999999999998,20000,1193.1651170253754
299000,0.01536561083048582,2.7633063793182373,2.837242603302002,0.2240343689918518,0.7587999999999999,0.5052047371864319,0.09999999999999998,20000,1197.8469750881195
300000,0.020245006307959557,2.1904592514038086,2.1541271209716797,0.28174272179603577,0.76,0.4203873872756958,0.09999999999999998,20000,1202.1313769817352
301000,0.01707167737185955,2.5826916694641113,2.528669834136963,0.3026368319988251,0.7612,0.36531442403793335,0.09999999999999998,20000,1212.29349899292
302000,0.01107315719127655,2.669095754623413,2.5595242977142334,0.3070427477359772,0.7624,0.2562113404273987,0.09999999999999998,20000,1217.2263610363007
303000,0.01074251253157854,2.6922621726989746,2.7783358097076416,0.2094588577747345,0.7636000000000001,0.444070041179657,0.09999999999999998,20000,1221.9964470863342
304000,0.007664454635232687,2.9894142150878906,3.013486862182617,0.20651835203170776,0.7647999999999999,0.3262736201286316,0.09999999999999998,20000,1226.3006110191345
305000,0.016855889931321144,2.395540475845337,2.4065122604370117,0.26468271017074585,0.766,0.3728278577327728,0.09999999999999998,20000,1230.4881489276886
306000,0.005803544539958239,2.6255381107330322,2.755251407623291,0.2527928948402405,0.7672,0.17091074585914612,0.09999999999999998,20000,1234.5424408912659
307000,0.007331640925258398,2.5062108039855957,2.561157464981079,0.17117668688297272,0.7684,0.3592301309108734,0.09999999999999998,20000,1238.765370130539
308000,0.01028306782245636,2.2816543579101562,2.276811122894287,0.2241411954164505,0.7696000000000001,0.3894859254360199,0.09999999999999998,20000,1242.9579429626465
309000,0.01808948442339897,2.738971710205078,2.7007861137390137,0.28401875495910645,0.7707999999999999,0.38941824436187744,0.09999999999999998,20000,1247.3848741054535
310000,0.006480824667960405,2.842759609222412,2.898784637451172,0.20185932517051697,0.772,0.2783125042915344,0.09999999999999998,20000,1251.933764219284
311000,0.025631096214056015,2.829746961593628,2.7711119651794434,0.3189947307109833,0.7732,0.4594617486000061,0.09999999999999998,20000,1256.5631811618805
312000,0.012816241011023521,2.7577128410339355,2.74835205078125,0.2367522120475769,0.7744,0.3679349422454834,0.09999999999999998,20000,1261.0080330371857
313000,0.010386353358626366,2.989119052886963,3.0172128677368164,0.24693433940410614,0.7756000000000001,0.29740187525749207,0.09999999999999998,20000,1265.7539730072021
314000,0.020620740950107574,2.4475913047790527,2.4717555046081543,0.2478564828634262,0.7767999999999999,0.473278671503067,0.09999999999999998,20000,1270.2062380313873
315000,0.014732521027326584,3.0386476516723633,2.9423563480377197,0.2944936156272888,0.778,0.3292538523674011,0.09999999999999998,20000,1274.8580741882324
316000,0.006075939163565636,2.7879691123962402,2.8805487155914307,0.19645047187805176,0.7792,0.21033747494220734,0.09999999999999998,20000,1279.3984892368317
317000,0.015495182946324348,2.804070234298706,2.8169143199920654,0.2855578064918518,0.7804,0.31332552433013916,0.09999999999999998,20000,1283.673679113388
318000,0.004535313695669174,2.5855300426483154,2.5971786975860596,0.25403180718421936,0.7816000000000001,0.14213410019874573,0.09999999999999998,20000,1287.8845520019531
319000,0.015046007931232452,2.6483259201049805,2.7246952056884766,0.28196680545806885,0.7827999999999999,0.3194439113140106,0.09999999999999998,20000,1291.9272110462189
320000,0.023553669452667236,2.7635927200317383,2.9114365577697754,0.3096909821033478,0.784,0.45880454778671265,0.09999999999999998,20000,1295.9459609985352
321000,0.013977007940411568,2.937863349914551,2.9727983474731445,0.2557969391345978,0.7852,0.4231993556022644,0.09999999999999998,20000,1300.4693608283997
322000,0.009020879864692688,3.152543067932129,3.206150531768799,0.23929859697818756,0.7864,0.23276758193969727,0.09999999999999998,20000,1304.8430669307709
323000,0.007606988772749901,2.5309011936187744,2.468491792678833,0.21009880304336548,0.7876000000000001,0.25412464141845703,0.09999999999999998,20000,1309.27317404747
324000,0.012356930412352085,2.689950942993164,2.8226094245910645,0.24508894979953766,0.7888,0.35177505016326904,0.09999999999999998,20000,1313.736508846283
325000,0.010427217930555344,2.329993724822998,2.321489095687866,0.23447167873382568,0.79,0.3494141399860382,0.09999999999999998,20000,1318.405620098114
326000,0.016040639951825142,2.6229705810546875,2.6724495887756348,0.22000840306282043,0.7912,0.43681401014328003,0.09999999999999998,20000,1324.1451652050018
327000,0.009119035676121712,2.566596269607544,2.5745015144348145,0.25640833377838135,0.7924,0.28792038559913635,0.09999999999999998,20000,1329.9869241714478
328000,0.01636974886059761,2.611027479171753,2.726151466369629,0.2655404210090637,0.7936000000000001,0.4485781192779541,0.09999999999999998,20000,1334.8209841251373
329000,0.015882866457104683,2.864819049835205,2.972139358520508,0.30097320675849915,0.7948,0.31895604729652405,0.09999999999999998,20000,1339.3253200054169
330000,0.01061884593218565,2.6827244758605957,2.6942174434661865,0.2502293884754181,0.796,0.29961639642715454,0.09999999999999998,20000,1343.903578042984
331000,0.014693338423967361,3.1826868057250977,3.2866759300231934,0.3049052953720093,0.7972,0.31631195545196533,0.09999999999999998,20000,1348.2364039421082
332000,0.024800052866339684,2.7197606563568115,2.7279272079467773,0.37098824977874756,0.7984,0.33058255910873413,0.09999999999999998,20000,1352.873591184616
333000,0.022001100704073906,2.818790912628174,3.0051331520080566,0.331845760345459,0.7996000000000001,0.3941933810710907,0.09999999999999998,20000,1357.3528380393982
334000,0.013713032007217407,2.846219301223755,2.9369664192199707,0.3047906160354614,0.8008,0.29046937823295593,0.09999999999999998,20000,1361.9782211780548
335000,0.009005425497889519,2.900479316711426,2.8357961177825928,0.19782288372516632,0.802,0.36492571234703064,0.09999999999999998,20000,1366.2097499370575
336000,0.022218650206923485,3.093330144882202,3.08123779296875,0.2954843044281006,0.8032,0.4223281443119049,0.09999999999999998,20000,1370.3661580085754
337000,0.007495106663554907,2.5042619705200195,2.5400078296661377,0.20160377025604248,0.8044,0.30474913120269775,0.09999999999999998,20000,1374.4804391860962
338000,0.009025134146213531,2.547363758087158,2.4451236724853516,0.20454537868499756,0.8056000000000001,0.4443895220756531,0.09999999999999998,20000,1378.7138738632202
339000,0.010873930528759956,2.8887076377868652,2.802252769470215,0.23862549662590027,0.8068,0.24557709693908691,0.09999999999999998,20000,1383.1354701519012
340000,0.01478520780801773,3.1986398696899414,3.299247980117798,0.26568636298179626,0.808,0.3284824788570404,0.09999999999999998,20000,1387.5671832561493
341000,0.00826685968786478,2.707273483276367,2.6898279190063477,0.29069453477859497,0.8092,0.23733481764793396,0.09999999999999998,20000,1391.8566148281097
342000,0.019754208624362946,2.997015953063965,3.0334091186523438,0.3025209903717041,0.8104,0.3649523854255676,0.09999999999999998,20000,1396.5536451339722
343000,0.011940587311983109,2.946841239929199,2.9400839805603027,0.3316698670387268,0.8116000000000001,0.22104290127754211,0.09999999999999998,20000,1400.8960168361664
344000,0.0246213898062706,3.089585781097412,3.0329885482788086,0.2765098512172699,0.8128,0.5030319690704346,0.09999999999999998,20000,1405.5436780452728
345000,0.016086792573332787,2.975198268890381,3.0317111015319824,0.2508941888809204,0.8140000000000001,0.44558003544807434,0.09999999999999998,20000,1410.3047881126404
346000,0.013364164158701897,3.056626319885254,3.112736701965332,0.27964872121810913,0.8151999999999999,0.28514543175697327,0.09999999999999998,20000,1414.8824090957642
347000,0.01533089391887188,2.867119550704956,2.924262523651123,0.31560301780700684,0.8164,0.318382203578949,0.09999999999999998,20000,1420.5457730293274
348000,0.013599524274468422,2.863220691680908,2.8204164505004883,0.2648812234401703,0.8176,0.33530473709106445,0.09999999999999998,20000,1425.6038699150085
349000,0.015562956221401691,2.8787484169006348,2.9953150749206543,0.34140992164611816,0.8188,0.23531752824783325,0.09999999999999998,20000,1430.1418838500977
350000,0.013610444962978363,3.0680389404296875,3.0868782997131348,0.3387657403945923,0.8200000000000001,0.24855464696884155,0.09999999999999998,20000,1434.8764081001282
351000,0.014696731232106686,3.080681800842285,3.136003255844116,0.28627270460128784,0.8211999999999999,0.3422543406486511,0.09999999999999998,20000,1445.521458864212
352000,0.015771007165312767,3.4390153884887695,3.420142889022827,0.24262136220932007,0.8224,0.4682147800922394,0.09999999999999998,20000,1449.5509250164032
353000,0.0064533306285738945,3.0408830642700195,3.097928047180176,0.22312495112419128,0.8236,0.2504129707813263,0.09999999999999998,20000,1453.6988291740417
354000,0.007767736911773682,2.911566734313965,2.8517894744873047,0.2768843173980713,0.8248,0.22041377425193787,0.09999999999999998,20000,1457.8718028068542
355000,0.0008278246968984604,3.1266121864318848,3.091454029083252,0.1730591058731079,0.8260000000000001,0.0792832151055336,0.09999999999999998,20000,1462.3904180526733
356000,0.004375912714749575,2.80928373336792,2.699308156967163,0.18016144633293152,0.8271999999999999,0.26461321115493774,0.09999999999999998,20000,1466.5486040115356
357000,0.008869912475347519,2.7046618461608887,2.61423659324646,0.3040006160736084,0.8284,0.22696855664253235,0.09999999999999998,20000,1470.8581550121307
358000,0.009375106543302536,3.0004639625549316,2.8801040649414062,0.30795979499816895,0.8296,0.21038663387298584,0.09999999999999998,20000,1475.2105829715729
359000,0.012263821437954903,3.02781343460083,3.0623745918273926,0.24005252122879028,0.8308,0.3846825361251831,0.09999999999999998,20000,1479.7192378044128
360000,0.016598302870988846,3.034470558166504,3.0566437244415283,0.3080116808414459,0.8320000000000001,0.3066057562828064,0.09999999999999998,20000,1484.3304030895233
361000,0.01142374612390995,2.8135318756103516,2.8452935218811035,0.2438156008720398,0.8331999999999999,0.37233665585517883,0.09999999999999998,20000,1488.9922559261322
362000,0.013470598496496677,3.051283359527588,3.1155917644500732,0.2895221412181854,0.8344,0.28785282373428345,0.09999999999999998,20000,1493.675255060196
363000,0.02045504003763199,3.113557815551758,3.1019392013549805,0.2531079649925232,0.8356,0.48417168855667114,0.09999999999999998,20000,1498.143952846527
364000,0.004952480085194111,3.0160484313964844,2.986074209213257,0.21963730454444885,0.8368,0.18999752402305603,0.09999999999999998,20000,1502.779228925705
365000,0.0059179505333304405,2.7775840759277344,2.6522982120513916,0.33764728903770447,0.8380000000000001,0.14742571115493774,0.09999999999999998,20000,1507.2180180549622
366000,0.008230839855968952,3.0296154022216797,3.1089975833892822,0.22884580492973328,0.8392,0.2985953092575073,0.09999999999999998,20000,1511.9816691875458
367000,0.009318073280155659,2.937001943588257,2.9062142372131348,0.2422879934310913,0.8404,0.3033080995082855,0.09999999999999998,20000,1516.3520250320435
368000,0.009128665551543236,2.9980592727661133,2.9517769813537598,0.23111677169799805,0.8416,0.3061370849609375,0.09999999999999998,20000,1520.9538249969482
369000,0.008527607657015324,2.854494571685791,2.9719245433807373,0.2783767580986023,0.8428,0.1961391717195511,0.09999999999999998,20000,1525.395124912262
370000,0.008382201194763184,3.178821086883545,3.290879726409912,0.25170284509658813,0.8440000000000001,0.2596449553966522,0.09999999999999998,20000,1529.903567790985
371000,0.016506848856806755,2.7109546661376953,2.6525397300720215,0.27421706914901733,0.8452,0.3404774069786072,0.09999999999999998,20000,1534.567330121994
372000,0.012598665431141853,2.825471878051758,2.8417415618896484,0.22728019952774048,0.8464,0.4372239112854004,0.09999999999999998,20000,1539.12362408638
373000,0.013977759517729282,3.2289297580718994,3.008073091506958,0.2687280774116516,0.8476,0.3595544099807739,0.09999999999999998,20000,1543.3996710777283
374000,0.027961768209934235,3.083533763885498,3.1122922897338867,0.3116561770439148,0.8488,0.47856104373931885,0.09999999999999998,20000,1548.0457990169525
375000,0.008681342005729675,3.0272061824798584,3.0193822383880615,0.28705644607543945,0.85,0.24597682058811188,0.09999999999999998,20000,1552.2753729820251
376000,0.004327789880335331,2.9042510986328125,2.9914655685424805,0.26829269528388977,0.8512,0.11610406637191772,0.09999999999999998,20000,1556.8303492069244
377000,0.010265499353408813,3.395775318145752,3.4538145065307617,0.2291707992553711,0.8524,0.34089696407318115,0.09999999999999998,20000,1561.2314200401306
378000,0.010569024831056595,2.919478416442871,2.926926851272583,0.2658127248287201,0.8536,0.24998469650745392,0.09999999999999998,20000,1565.9947710037231
379000,0.013319101184606552,2.6496286392211914,2.5555951595306396,0.2670814096927643,0.8548,0.4000060558319092,0.09999999999999998,20000,1570.3804669380188
380000,0.018996896222233772,3.367072343826294,3.4082603454589844,0.28353774547576904,0.856,0.4278242290019989,0.09999999999999998,20000,1575.1063060760498
381000,0.026477253064513206,3.337345600128174,3.336617946624756,0.3498465418815613,0.8572,0.4004420042037964,0.09999999999999998,20000,1579.4566640853882
382000,0.011906757950782776,2.8662426471710205,2.959698438644409,0.3088434338569641,0.8584,0.26790890097618103,0.09999999999999998,20000,1584.156354188919
383000,0.0041007488034665585,3.0698800086975098,3.071962833404541,0.18042385578155518,0.8596,0.22342807054519653,0.09999999999999998,20000,1588.4894390106201
384000,0.0057381633669137955,2.9423322677612305,2.8645875453948975,0.2576543092727661,0.8608,0.1804734468460083,0.09999999999999998,20000,1593.0761620998383
385000,0.009728873148560524,2.971729040145874,2.9332900047302246,0.1954365223646164,0.862,0.36666202545166016,0.09999999999999998,20000,1597.5787761211395
386000,0.011006619781255722,3.3789048194885254,3.525519847869873,0.27043938636779785,0.8632,0.30761706829071045,0.09999999999999998,20000,1602.1120629310608
387000,0.0022470070980489254,2.885192632675171,2.907914400100708,0.25992631912231445,0.8644000000000001,0.07299844175577164,0.09999999999999998,20000,1606.7230710983276
388000,0.007801894098520279,3.186911106109619,3.0943944454193115,0.2196122407913208,0.8656,0.250244140625,0.09999999999999998,20000,1611.2270650863647
389000,0.01017230749130249,2.9761526584625244,2.9759790897369385,0.33731168508529663,0.8668,0.165867879986763,0.09999999999999998,20000,1615.7341928482056
390000,0.008455333299934864,3.212815761566162,3.2238059043884277,0.2123841941356659,0.868,0.3486897945404053,0.09999999999999998,20000,1620.156944990158
391000,0.008846446871757507,3.146273612976074,3.139984607696533,0.29867711663246155,0.8692,0.2038675993680954,0.09999999999999998,20000,1624.7593040466309
392000,0.009464306756854057,3.128103256225586,3.2635281085968018,0.3140237033367157,0.8704000000000001,0.15722347795963287,0.09999999999999998,20000,1629.0197150707245
393000,0.013193689286708832,2.928988218307495,2.980562448501587,0.2539962828159332,0.8716,0.344538152217865,0.09999999999999998,20000,1633.4718899726868
394000,0.006195080932229757,3.274616241455078,3.298953056335449,0.24190649390220642,0.8728,0.2054452896118164,0.09999999999999998,20000,1638.0343942642212
395000,0.006815561093389988,3.128284215927124,3.067986011505127,0.19837912917137146,0.874,0.35479897260665894,0.09999999999999998,20000,1642.3572170734406
396000,0.012221639975905418,3.163555145263672,3.1797521114349365,0.24346216022968292,0.8752,0.33645185828208923,0.09999999999999998,20000,1646.8108439445496
397000,0.016872592270374298,3.1209259033203125,3.128969192504883,0.28696590662002563,0.8764000000000001,0.32447177171707153,0.09999999999999998,20000,1651.0698828697205
398000,0.006461965851485729,3.319272994995117,3.44736909866333,0.34116220474243164,0.8776,0.13064326345920563,0.09999999999999998,20000,1655.5094232559204
399000,0.015419607050716877,2.909804344177246,2.9434614181518555,0.2367134690284729,0.8788,0.4771168529987335,0.09999999999999998,20000,1659.7210400104523
400000,0.009131267666816711,3.040505886077881,3.0408482551574707,0.2521475553512573,0.88,0.2935144603252411,0.09999999999999998,20000,1664.2660710811615
401000,0.010810820385813713,3.0982797145843506,3.1293582916259766,0.37723755836486816,0.8812,0.15834647417068481,0.09999999999999998,20000,1674.9557418823242
402000,0.015440755523741245,3.320697784423828,3.3464221954345703,0.24422553181648254,0.8824000000000001,0.43446648120880127,0.09999999999999998,20000,1679.1200330257416
403000,0.019608628004789352,2.836238384246826,2.7692174911499023,0.3205800950527191,0.8836,0.3426765203475952,0.09999999999999998,20000,1683.253743171692
404000,0.00522356852889061,3.2876572608947754,3.333263874053955,0.25097692012786865,0.8848,0.16540803015232086,0.09999999999999998,20000,1687.426950931549
405000,0.007923503406345844,3.2194838523864746,3.242032051086426,0.19476233422756195,0.886,0.3659925162792206,0.09999999999999998,20000,1691.4127600193024
406000,0.018391523510217667,2.829059362411499,3.0051369667053223,0.31379589438438416,0.8872,0.2955450415611267,0.09999999999999998,20000,1695.468228816986
407000,0.010086656548082829,3.3750085830688477,3.47100830078125,0.1960698366165161,0.8884,0.43740642070770264,0.09999999999999998,20000,1699.5875420570374
408000,0.020595649257302284,3.255647897720337,3.2217135429382324,0.3130719065666199,0.8896,0.3949544429779053,0.09999999999999998,20000,1703.6874849796295
409000,0.0074761053547263145,3.0126514434814453,3.119321346282959,0.23916134238243103,0.8908,0.280565083026886,0.09999999999999998,20000,1707.7434089183807
410000,0.0030272523872554302,3.297642469406128,3.170971393585205,0.25470083951950073,0.8919999999999999,0.11581379175186157,0.09999999999999998,20000,1711.7581760883331
411000,0.01951022446155548,3.425001621246338,3.49159836769104,0.33497077226638794,0.8932,0.3411998748779297,0.09999999999999998,20000,1715.7930397987366
412000,0.012529587373137474,3.4492735862731934,3.4539427757263184,0.2845074534416199,0.8944,0.3146742284297943,0.09999999999999998,20000,1719.853971004486
413000,0.01544902753084898,3.224595069885254,3.4257473945617676,0.4035338759422302,0.8956,0.19718299806118011,0.09999999999999998,20000,1723.9364521503448
414000,0.0068109044805169106,3.371788501739502,3.4467179775238037,0.26813173294067383,0.8968,0.1833585798740387,0.09999999999999998,20000,1727.9926550388336
415000,0.00921341311186552,3.3612537384033203,3.4867606163024902,0.33435288071632385,0.8979999999999999,0.2061043083667755,0.09999999999999998,20000,1731.9944760799408
416000,0.007875234819948673,3.360344886779785,3.3880038261413574,0.23903214931488037,0.8992,0.2227427214384079,0.09999999999999998,20000,1736.0929930210114
417000,0.00692226504907012,2.8324198722839355,2.837547779083252,0.2661086618900299,0.9004,0.2106587290763855,0.09999999999999998,20000,1740.6761028766632
418000,0.01683589443564415,3.0037989616394043,3.0089683532714844,0.35598334670066833,0.9016,0.2983667254447937,0.09999999999999998,20000,1744.7902128696442
419000,0.01988573558628559,2.78456974029541,2.8041205406188965,0.35282957553863525,0.9027999999999999,0.3938106298446655,0.09999999999999998,20000,1749.0257699489594
420000,0.008586381562054157,3.352121353149414,3.427907943725586,0.2573452591896057,0.904,0.21678771078586578,0.09999999999999998,20000,1754.2353930473328
421000,0.016578882932662964,3.628408432006836,3.521615982055664,0.26496365666389465,0.9052,0.42383068799972534,0.09999999999999998,20000,1759.3083460330963
422000,0.018113765865564346,3.114227533340454,3.024026393890381,0.2729461193084717,0.9064,0.41082870960235596,0.09999999999999998,20000,1764.2966480255127
423000,0.003471973817795515,2.9997754096984863,3.0153064727783203,0.24513503909111023,0.9076,0.12137056887149811,0.09999999999999998,20000,1769.2801809310913
424000,0.012758245691657066,3.086984395980835,3.135035276412964,0.2604507803916931,0.9087999999999999,0.34464025497436523,0.09999999999999998,20000,1773.787674188614
425000,0.006434580311179161,3.283247947692871,3.29685115814209,0.2593878507614136,0.91,0.21101874113082886,0.09999999999999998,20000,1777.9792110919952
426000,0.019404280930757523,3.320540428161621,3.264955759048462,0.2914513945579529,0.9112,0.41380831599235535,0.09999999999999998,20000,1782.144730091095
427000,0.01666821911931038,3.296351909637451,2.9931650161743164,0.4977782964706421,0.9124,0.22540883719921112,0.09999999999999998,20000,1786.7674040794373
428000,0.011191749945282936,3.299001455307007,3.252073287963867,0.23430272936820984,0.9136,0.36451709270477295,0.09999999999999998,20000,1791.067449092865
429000,0.015687787905335426,2.982203245162964,2.8859028816223145,0.2547436058521271,0.9148,0.4245457649230957,0.09999999999999998,20000,1795.5782940387726
430000,0.008168966509401798,3.7199783325195312,3.6997032165527344,0.2171626091003418,0.916,0.31642770767211914,0.09999999999999998,20000,1799.9525198936462
431000,0.02820415236055851,3.0101850032806396,3.085292339324951,0.314922571182251,0.9172,0.48967209458351135,0.09999999999999998,20000,1804.5181381702423
432000,0.0033348992001265287,3.26010799407959,3.252774238586426,0.23459666967391968,0.9184,0.1529853641986847,0.09999999999999998,20000,1808.9211690425873
433000,0.006229705642908812,2.928065538406372,2.8412985801696777,0.2903045117855072,0.9196,0.14270943403244019,0.09999999999999998,20000,1813.5514149665833
434000,0.008112618699669838,3.6018643379211426,3.623516321182251,0.28348010778427124,0.9208,0.2057734876871109,0.09999999999999998,20000,1817.965595960617
435000,0.00784457940608263,3.2913718223571777,3.2791481018066406,0.22124749422073364,0.922,0.2790529727935791,0.09999999999999998,20000,1822.5159261226654
436000,0.018354641273617744,3.7039992809295654,3.5387520790100098,0.3184751272201538,0.9232,0.39071720838546753,0.09999999999999998,20000,1827.166671037674
437000,0.011389615014195442,3.557011127471924,3.4661946296691895,0.2451920509338379,0.9244,0.32949429750442505,0.09999999999999998,20000,1831.6232268810272
438000,0.012621842324733734,3.370457649230957,3.262578010559082,0.2740597128868103,0.9256,0.3558570146560669,0.09999999999999998,20000,1836.2025699615479
439000,0.009370783343911171,3.221635341644287,3.169435501098633,0.23823216557502747,0.9268,0.28237032890319824,0.09999999999999998,20000,1840.6239800453186
440000,0.011988325975835323,3.346287727355957,3.3114724159240723,0.28373032808303833,0.928,0.30419838428497314,0.09999999999999998,20000,1845.2926862239838
441000,0.008252757601439953,3.5937671661376953,3.520094871520996,0.24639815092086792,0.9292,0.2503282129764557,0.09999999999999998,20000,1849.887372970581
442000,0.008293179795145988,3.2859725952148438,3.249742031097412,0.27646470069885254,0.9304,0.19711604714393616,0.09999999999999998,20000,1854.5951130390167
443000,0.012471260502934456,3.2124781608581543,3.3051652908325195,0.33351612091064453,0.9316,0.23490320146083832,0.09999999999999998,20000,1859.1015710830688
444000,0.007988844066858292,3.666154384613037,3.601055145263672,0.2744047939777374,0.9328,0.19285595417022705,0.09999999999999998,20000,1863.7205169200897
445000,0.010142747312784195,3.2407422065734863,3.2136688232421875,0.3019780218601227,0.934,0.22338949143886566,0.09999999999999998,20000,1868.0566668510437
446000,0.011897413060069084,3.0860862731933594,3.07033371925354,0.34465518593788147,0.9352,0.22819501161575317,0.09999999999999998,20000,1872.8071911334991
447000,0.004765975754708052,3.570122241973877,3.53041410446167,0.29645711183547974,0.9364,0.14958341419696808,0.09999999999999998,20000,1877.177953004837
448000,0.004362855106592178,3.266594171524048,3.3836402893066406,0.2861374020576477,0.9376,0.11686275899410248,0.09999999999999998,20000,1881.595901966095
449000,0.012087383307516575,3.3311376571655273,3.37164568901062,0.28359177708625793,0.9388,0.346275269985199,0.09999999999999998,20000,1886.2199940681458
450000,0.017337307333946228,3.090709924697876,3.041217803955078,0.2952430844306946,0.9400000000000001,0.34950047731399536,0.09999999999999998,20000,1890.8766310214996
451000,0.010734464973211288,3.4417853355407715,3.5943031311035156,0.2520821988582611,0.9412,0.31174683570861816,0.09999999999999998,20000,1902.1913621425629
452000,0.013696843758225441,3.3210766315460205,3.2176644802093506,0.29085680842399597,0.9424,0.3027709722518921,0.09999999999999998,20000,1906.6040019989014
453000,0.007562628481537104,3.522311210632324,3.6539297103881836,0.21534796059131622,0.9436,0.31867802143096924,0.09999999999999998,20000,1910.739014863968
454000,0.02158140204846859,3.2588727474212646,3.229316234588623,0.3673585057258606,0.9448,0.3481431007385254,0.09999999999999998,20000,1915.5785479545593
455000,0.012474377639591694,3.475172996520996,3.3951992988586426,0.3275282382965088,0.9460000000000001,0.26200246810913086,0.09999999999999998,20000,1920.3860638141632
456000,0.009961875155568123,3.800281286239624,3.850083112716675,0.2589113116264343,0.9472,0.3195990025997162,0.09999999999999998,20000,1924.9780850410461
457000,0.013703273609280586,3.50637149810791,3.5271241664886475,0.3486502170562744,0.9484,0.2568920850753784,0.09999999999999998,20000,1930.245078086853
458000,0.027730312198400497,3.4702422618865967,3.4039857387542725,0.3572261333465576,0.9496,0.3942319452762604,0.09999999999999998,20000,1934.7355210781097
459000,0.013243965804576874,3.2623300552368164,3.258125066757202,0.3243831992149353,0.9508,0.2840985655784607,0.09999999999999998,20000,1939.2170491218567
460000,0.00696580670773983,3.4964590072631836,3.5319125652313232,0.26524782180786133,0.9520000000000001,0.23273345828056335,0.09999999999999998,20000,1943.9163210391998
461000,0.012771914713084698,3.4360973834991455,3.4309563636779785,0.2860395312309265,0.9532,0.30881184339523315,0.09999999999999998,20000,1948.3939859867096
462000,0.006152614951133728,3.2987749576568604,3.3847708702087402,0.22988387942314148,0.9544,0.2353975772857666,0.09999999999999998,20000,1952.82412815094
463000,0.007752011064440012,3.0147831439971924,2.981234550476074,0.27637964487075806,0.9556,0.23041771352291107,0.09999999999999998,20000,1957.2460091114044
464000,0.028888504952192307,3.621227264404297,3.586840867996216,0.32770976424217224,0.9568,0.4989083409309387,0.09999999999999998,20000,1962.3741550445557
465000,0.007656494155526161,3.7557716369628906,3.828059673309326,0.23306745290756226,0.9580000000000001,0.31278014183044434,0.09999999999999998,20000,1966.963427066803
466000,0.022063259035348892,2.911879539489746,2.848263740539551,0.4517478942871094,0.9592,0.27211588621139526,0.09999999999999998,20000,1971.5289511680603
467000,0.018521081656217575,3.6972198486328125,3.6956419944763184,0.32202377915382385,0.9604,0.37230783700942993,0.09999999999999998,20000,1976.2974650859833
468000,0.004801271483302116,3.595796585083008,3.472968578338623,0.19815102219581604,0.9616,0.2165519893169403,0.09999999999999998,20000,1980.8639402389526
469000,0.0016162814572453499,3.731637954711914,3.780510663986206,0.1579498052597046,0.9628,0.10618819296360016,0.09999999999999998,20000,1985.5890350341797
470000,0.006070151925086975,3.702312707901001,3.630260944366455,0.19857077300548553,0.964,0.2617844343185425,0.09999999999999998,20000,1990.1562249660492
471000,0.015073256567120552,3.4217939376831055,3.478520393371582,0.2564597725868225,0.9652,0.43648022413253784,0.09999999999999998,20000,1994.7418911457062
472000,0.0038298843428492546,3.7456517219543457,3.6326732635498047,0.36323294043540955,0.9663999999999999,0.0998508483171463,0.09999999999999998,20000,1999.2514901161194
473000,0.01184021309018135,3.6509878635406494,3.6368398666381836,0.2728726863861084,0.9676,0.3381187319755554,0.09999999999999998,20000,2003.9459960460663
474000,0.009313369169831276,3.784048557281494,3.8789234161376953,0.24050086736679077,0.9688,0.29986608028411865,0.09999999999999998,20000,2008.3851850032806
475000,0.0011034421622753143,4.060770034790039,4.240988254547119,0.2295255959033966,0.97,0.06372575461864471,0.09999999999999998,20000,2013.0152280330658
476000,0.016364850103855133,3.6688013076782227,3.326141357421875,0.5002647638320923,0.9712,0.2231431007385254,0.09999999999999998,20000,2017.470486164093
477000,0.001973008271306753,3.535684108734131,3.647189140319824,0.18139052391052246,0.9723999999999999,0.14025558531284332,0.09999999999999998,20000,2022.1677930355072
478000,0.018587198108434677,3.3994834423065186,3.3144516944885254,0.34215131402015686,0.9736,0.3641802668571472,0.09999999999999998,20000,2026.8269350528717
479000,0.01223040372133255,3.738431930541992,3.790536880493164,0.289589524269104,0.9748,0.33652427792549133,0.09999999999999998,20000,2031.4965300559998
480000,0.01438959315419197,3.5677828788757324,3.481377363204956,0.3425416946411133,0.976,0.30035722255706787,0.09999999999999998,20000,2036.0598652362823
481000,0.005323187448084354,3.7731900215148926,3.7827394008636475,0.2016487419605255,0.9772,0.25638461112976074,0.09999999999999998,20000,2040.6643090248108
482000,0.009017609991133213,3.766618251800537,3.6202449798583984,0.29747307300567627,0.9783999999999999,0.20272767543792725,0.09999999999999998,20000,2045.3710510730743
483000,0.0032004322856664658,3.7487168312072754,3.6883511543273926,0.21817734837532043,0.9796,0.12905552983283997,0.09999999999999998,20000,2050.025684118271
484000,0.0009499150328338146,3.7022459506988525,3.7353405952453613,0.2582976818084717,0.9808,0.06398017704486847,0.09999999999999998,20000,2054.7807371616364
485000,0.010166715830564499,3.78994083404541,3.6929502487182617,0.2550146281719208,0.982,0.3379175662994385,0.09999999999999998,20000,2059.4141068458557
486000,0.017876029014587402,3.458467960357666,3.3965487480163574,0.3554244935512543,0.9832,0.3405942916870117,0.09999999999999998,20000,2063.9768471717834
487000,0.004587562754750252,3.8235983848571777,3.8232855796813965,0.20638108253479004,0.9843999999999999,0.19630394876003265,0.09999999999999998,20000,2068.6895418167114
488000,0.012660762295126915,3.9977223873138428,3.906932830810547,0.24387457966804504,0.9856,0.39076727628707886,0.09999999999999998,20000,2073.419447183609
489000,0.00665297219529748,3.774412155151367,3.904984474182129,0.23935949802398682,0.9868,0.25637075304985046,0.09999999999999998,20000,2078.088567018509
490000,0.007800205610692501,3.9379842281341553,3.8975963592529297,0.3224099278450012,0.988,0.16766098141670227,0.09999999999999998,20000,2082.534191131592
491000,0.015802664682269096,3.9223859310150146,3.914311647415161,0.28047534823417664,0.9892,0.3731999695301056,0.09999999999999998,20000,2087.2954399585724
492000,0.012585313990712166,3.742765188217163,3.6616008281707764,0.30227142572402954,0.9904,0.33190789818763733,0.09999999999999998,20000,2092.5458891391754
493000,0.00048564872122369707,4.087584972381592,4.053225040435791,0.20915541052818298,0.9916,0.046643465757369995,0.09999999999999998,20000,2097.2200059890747
494000,0.013169404119253159,3.5588204860687256,3.466729164123535,0.3233870565891266,0.9928,0.32612454891204834,0.09999999999999998,20000,2101.724244117737
495000,0.009059779345989227,4.029099464416504,4.168452262878418,0.2678973972797394,0.994,0.2510487735271454,0.09999999999999998,20000,2106.301850795746
496000,0.006565053015947342,3.6663990020751953,3.588212728500366,0.296090304851532,0.9952,0.215488463640213,0.09999999999999998,20000,2110.8103811740875
497000,0.017990609630942345,3.610567092895508,3.602285623550415,0.3267919421195984,0.9964,0.3534175455570221,0.09999999999999998,20000,2115.669336080551
498000,0.013862773776054382,3.9367311000823975,3.889906406402588,0.2641030550003052,0.9976,0.3622278571128845,0.09999999999999998,20000,2120.210771083832
499000,0.0042150188237428665,3.9619555473327637,4.0606865882873535,0.25600966811180115,0.9988,0.13000577688217163,0.09999999999999998,20000,2124.6543831825256
500000,0.008173421025276184,3.806082248687744,3.8088159561157227,0.204252228140831,1.0,0.35492631793022156,0.09999999999999998,20000,2129.1924529075623
501000,0.003347111865878105,3.682464361190796,3.6659507751464844,0.23792964220046997,1.0,0.12552733719348907,0.09999999999999998,20000,2138.949402809143
502000,0.017525387927889824,3.6236252784729004,3.6037299633026123,0.38571539521217346,1.0,0.25116217136383057,0.09999999999999998,20000,2143.2928540706635
503000,0.01235074270516634,3.529968738555908,3.54498291015625,0.28594017028808594,1.0,0.34068894386291504,0.09999999999999998,20000,2147.9698519706726
504000,0.009578777477145195,3.791224956512451,3.810309410095215,0.20577409863471985,1.0,0.39508700370788574,0.09999999999999998,20000,2152.557704925537
505000,0.012804527767002583,3.884068727493286,3.7819325923919678,0.3205794095993042,1.0,0.2589932978153229,0.09999999999999998,20000,2157.1218712329865
506000,0.010111680254340172,3.9119224548339844,3.929425001144409,0.23205044865608215,1.0,0.3341132402420044,0.09999999999999998,20000,2161.573800086975
507000,0.012241404503583908,3.779209852218628,3.8699584007263184,0.26250794529914856,1.0,0.32409918308258057,0.09999999999999998,20000,2165.9617190361023
508000,0.006375102326273918,3.973400115966797,3.9181718826293945,0.3003408908843994,1.0,0.19625288248062134,0.09999999999999998,20000,2170.4613630771637
509000,0.01932677812874317,3.9506471157073975,3.6889233589172363,0.4188336133956909,1.0,0.23582760989665985,0.09999999999999998,20000,2174.993220090866
510000,0.005784148350358009,4.1367034912109375,4.210859298706055,0.22586973011493683,1.0,0.22719046473503113,0.09999999999999998,20000,2179.692603826523
511000,0.00986862275749445,4.051669120788574,4.020185470581055,0.27519798278808594,1.0,0.23532328009605408,0.09999999999999998,20000,2184.234179019928
512000,0.008659055456519127,3.814897060394287,3.860854148864746,0.23397311568260193,1.0,0.27258843183517456,0.09999999999999998,20000,2188.9094150066376
513000,0.006264032330363989,3.787627935409546,3.7655277252197266,0.24259887635707855,1.0,0.19504636526107788,0.09999999999999998,20000,2193.4293088912964
514000,0.00941584911197424,3.8645448684692383,3.762991189956665,0.21712389588356018,1.0,0.32070761919021606,0.09999999999999998,20000,2197.917163133621
515000,0.012400480918586254,3.408450126647949,3.377838134765625,0.32541555166244507,1.0,0.24510078132152557,0.09999999999999998,20000,2202.4653210639954
516000,0.009957784786820412,4.0984296798706055,4.06794548034668,0.24809354543685913,1.0,0.3394683599472046,0.09999999999999998,20000,2207.076668024063
517000,0.003512166440486908,3.9994378089904785,3.9998393058776855,0.17922446131706238,1.0,0.22036239504814148,0.09999999999999998,20000,2211.6938660144806
518000,0.007619632873684168,3.74448299407959,3.717021942138672,0.2721664011478424,1.0,0.2360527068376541,0.09999999999999998,20000,2216.5338690280914
519000,0.006162960082292557,3.962594985961914,3.925652503967285,0.2764849066734314,1.0,0.19566591084003448,0.09999999999999998,20000,2220.870096921921
520000,0.003411895129829645,3.852513313293457,3.8468618392944336,0.1902197003364563,1.0,0.2033691108226776,0.09999999999999998,20000,2225.4067199230194
521000,0.006822681054472923,3.382117748260498,3.519730806350708,0.2765137851238251,1.0,0.1713438630104065,0.09999999999999998,20000,2229.7958002090454
522000,0.021865934133529663,3.5648388862609863,3.5467329025268555,0.418193519115448,1.0,0.30659106373786926,0.09999999999999998,20000,2234.4247019290924
523000,0.014963814057409763,3.830125331878662,3.739071846008301,0.35801512002944946,1.0,0.2589608430862427,0.09999999999999998,20000,2238.838523864746
524000,0.010970924980938435,3.4064714908599854,3.4588751792907715,0.2777933180332184,1.0,0.2892240583896637,0.09999999999999998,20000,2243.413470029831
525000,0.009898226708173752,4.020535469055176,3.9982731342315674,0.23882775008678436,1.0,0.3387179374694824,0.09999999999999998,20000,2248.1028349399567
526000,0.01382775790989399,3.687291145324707,3.586275577545166,0.3636060655117035,1.0,0.2661837339401245,0.09999999999999998,20000,2252.843024969101
527000,0.008481311611831188,3.95540189743042,4.039556980133057,0.27586257457733154,1.0,0.24411052465438843,0.09999999999999998,20000,2257.6130650043488
528000,0.005576708819717169,3.627232789993286,3.653205633163452,0.22273120284080505,1.0,0.24083104729652405,0.09999999999999998,20000,2261.917799949646
529000,0.0021253228187561035,3.8454647064208984,3.8880484104156494,0.2807329595088959,1.0,0.08819806575775146,0.09999999999999998,20000,2266.5731341838837
530000,0.005583737976849079,4.007140159606934,4.019204139709473,0.23048436641693115,1.0,0.20857444405555725,0.09999999999999998,20000,2271.0699388980865
531000,0.0028992225416004658,3.8399181365966797,3.8650307655334473,0.25877100229263306,1.0,0.11211402714252472,0.09999999999999998,20000,2275.766139984131
532000,0.0040262676775455475,3.700416088104248,3.583090305328369,0.3093920350074768,1.0,0.14200890064239502,0.09999999999999998,20000,2282.239135980606
533000,0.011500646360218525,3.8190512657165527,3.9207308292388916,0.3210721015930176,1.0,0.1917252242565155,0.09999999999999998,20000,2287.5447900295258
534000,0.012219549156725407,3.875624656677246,3.8669557571411133,0.23962482810020447,1.0,0.29446306824684143,0.09999999999999998,20000,2292.897387981415
535000,0.006779656745493412,3.9603586196899414,3.940558910369873,0.23306792974472046,1.0,0.26564347743988037,0.09999999999999998,20000,2298.616353034973
536000,0.01004687137901783,4.047524452209473,4.07157039642334,0.26840466260910034,1.0,0.28680098056793213,0.09999999999999998,20000,2303.274827003479
537000,0.03572997450828552,4.173792839050293,4.196847438812256,0.39978325366973877,1.0,0.440676748752594,0.09999999999999998,20000,2315.4856309890747
538000,0.023249555379152298,3.9154067039489746,3.854520082473755,0.2984984815120697,1.0,0.47752588987350464,0.09999999999999998,20000,2327.938560962677
539000,0.007377991918474436,3.815568208694458,3.789127826690674,0.22619833052158356,1.0,0.2988991439342499,0.09999999999999998,20000,2342.2357199192047
540000,0.009865164756774902,3.986027956008911,4.003765106201172,0.29922908544540405,1.0,0.21643002331256866,0.09999999999999998,20000,2959.7159349918365
541000,0.01939011923968792,3.9286203384399414,3.858785629272461,0.3102216124534607,1.0,0.3834914267063141,0.09999999999999998,20000,2964.077658891678
542000,0.01411035843193531,4.191052436828613,4.18917179107666,0.24041590094566345,1.0,0.4808906316757202,0.09999999999999998,20000,2976.1100890636444
543000,0.006457693874835968,3.820819139480591,3.7952027320861816,0.3571087718009949,1.0,0.10056696832180023,0.09999999999999998,20000,2985.006411075592
544000,0.010929565876722336,3.868265151977539,3.882706642150879,0.28925609588623047,1.0,0.3066534399986267,0.09999999999999998,20000,2999.679552078247
545000,0.012276495806872845,4.153594017028809,4.126046180725098,0.2693119943141937,1.0,0.33675163984298706,0.09999999999999998,20000,3007.453649997711
546000,0.006783147808164358,4.410708427429199,4.396124839782715,0.22578637301921844,1.0,0.2398013323545456,0.09999999999999998,20000,3011.7451808452606
547000,0.008388543501496315,4.089118957519531,4.060546875,0.23804821074008942,1.0,0.25300702452659607,0.09999999999999998,20000,3024.741940021515
548000,0.009016544558107853,4.007513999938965,3.908491373062134,0.22882720828056335,1.0,0.35885000228881836,0.09999999999999998,20000,3040.3232510089874
549000,0.005790740717202425,4.199654579162598,4.153412818908691,0.28799402713775635,1.0,0.16612911224365234,0.09999999999999998,20000,3413.892228126526
550000,0.015251632779836655,4.150238990783691,4.2512688636779785,0.2675514221191406,1.0,0.3800061345100403,0.09999999999999998,20000,3418.7461099624634
551000,0.0184983778744936,3.8972363471984863,3.832974433898926,0.318928986787796,1.0,0.46449312567710876,0.09999999999999998,20000,3446.402867078781
552000,0.005400416441261768,3.5913734436035156,3.6006217002868652,0.29979902505874634,1.0,0.14135828614234924,0.09999999999999998,20000,3459.4441542625427
553000,0.010337425395846367,4.292067527770996,4.235164642333984,0.31922197341918945,1.0,0.24032840132713318,0.09999999999999998,20000,3557.232609987259
554000,0.008510577492415905,4.282969951629639,4.216445446014404,0.2181837260723114,1.0,0.3518517315387726,0.09999999999999998,20000,3562.5992040634155
555000,0.015045193023979664,4.169872283935547,4.067347526550293,0.2691946029663086,1.0,0.3362542986869812,0.09999999999999998,20000,3574.6234209537506
556000,0.012410568073391914,4.110559940338135,4.067439079284668,0.3165700435638428,1.0,0.29446226358413696,0.09999999999999998,20000,3582.067265033722
557000,0.010523000732064247,4.23932409286499,4.275872230529785,0.26440146565437317,1.0,0.2687138020992279,0.09999999999999998,20000,3591.7108170986176
558000,0.008467652834951878,3.943018913269043,3.8529531955718994,0.33764687180519104,1.0,0.16838455200195312,0.09999999999999998,20000,3604.2303009033203
559000,0.007615819573402405,3.6926751136779785,3.5896644592285156,0.44596540927886963,1.0,0.1147809773683548,0.09999999999999998,20000,3609.1728699207306
560000,0.027370378375053406,3.728262424468994,3.6335387229919434,0.3845975995063782,1.0,0.4106348752975464,0.09999999999999998,20000,3626.768460035324
561000,0.007602202706038952,3.8458807468414307,3.8215060234069824,0.29486799240112305,1.0,0.2170833796262741,0.09999999999999998,20000,3641.458209991455
562000,0.0050154151394963264,4.155088901519775,4.076929569244385,0.3181571960449219,1.0,0.13047194480895996,0.09999999999999998,20000,4098.934737920761
563000,0.007181156892329454,4.013466835021973,3.8374319076538086,0.415785551071167,1.0,0.13766300678253174,0.09999999999999998,20000,4103.6660079956055
564000,0.004752359353005886,3.9208874702453613,3.918471097946167,0.28136706352233887,1.0,0.17141425609588623,0.09999999999999998,20000,4120.40318107605
565000,0.007534815929830074,3.7393105030059814,3.6223361492156982,0.32099828124046326,1.0,0.14968907833099365,0.09999999999999998,20000,4136.594871044159
566000,0.01131238229572773,3.667076587677002,3.7439253330230713,0.29430732131004333,1.0,0.2708854377269745,0.09999999999999998,20000,4231.37105512619
567000,0.0072076767683029175,4.218911170959473,4.252052307128906,0.24878111481666565,1.0,0.25653794407844543,0.09999999999999998,20000,4236.4764239788055
568000,0.004741348326206207,3.6173524856567383,3.5999481678009033,0.262213796377182,1.0,0.11890693753957748,0.09999999999999998,20000,4252.204031944275
569000,0.021694406867027283,4.079014301300049,4.061707496643066,0.34055769443511963,1.0,0.37989240884780884,0.09999999999999998,20000,4265.440962076187
570000,0.004098433535546064,4.553484916687012,4.599761962890625,0.2518332898616791,1.0,0.13407737016677856,0.09999999999999998,20000,4276.287303924561
571000,0.012006876990199089,4.0533599853515625,4.032352447509766,0.31503379344940186,1.0,0.27310270071029663,0.09999999999999998,20000,4441.458978176117
572000,0.0074945599772036076,4.319852828979492,4.272683143615723,0.24839584529399872,1.0,0.2553880512714386,0.09999999999999998,20000,4452.616009950638
573000,0.022466760128736496,4.101015090942383,4.321324825286865,0.3653179109096527,1.0,0.35350263118743896,0.09999999999999998,20000,4467.045656204224
574000,0.010938359424471855,4.070949554443359,4.031730651855469,0.35305267572402954,1.0,0.2263607680797577,0.09999999999999998,20000,4482.6936819553375
575000,0.012987658381462097,4.120185375213623,4.212267875671387,0.21269729733467102,1.0,0.5231739282608032,0.09999999999999998,20000,4488.2693428993225
576000,0.009987087920308113,3.9637088775634766,3.9083850383758545,0.3565250635147095,1.0,0.16974115371704102,0.09999999999999998,20000,4500.366188049316
577000,0.009115003049373627,4.117050647735596,3.940903425216675,0.29414355754852295,1.0,0.257114052772522,0.09999999999999998,20000,4515.949373006821
578000,0.011999634094536304,4.278566360473633,4.258782386779785,0.31149834394454956,1.0,0.2839486002922058,0.09999999999999998,20000,4529.411744117737
579000,0.006664952728897333,3.9660377502441406,3.8417139053344727,0.2564505338668823,1.0,0.25672170519828796,0.09999999999999998,20000,5015.723140954971
580000,0.02465156838297844,3.7473111152648926,3.6826319694519043,0.3215898871421814,1.0,0.45883452892303467,0.09999999999999998,20000,5024.1064620018005
581000,0.003811680944636464,4.594211578369141,4.552053928375244,0.1784132421016693,1.0,0.21133187413215637,0.09999999999999998,20000,5043.360915899277
582000,0.022451695054769516,3.5149147510528564,3.3733603954315186,0.4751552939414978,1.0,0.2802835702896118,0.09999999999999998,20000,5059.2502982616425
583000,0.020700493827462196,3.9816393852233887,3.869354724884033,0.2935636043548584,1.0,0.4078778922557831,0.09999999999999998,20000,5605.205426931381
584000,0.013313129544258118,3.9139857292175293,4.0112528800964355,0.3468906879425049,1.0,0.24581065773963928,0.09999999999999998,20000,5614.833495140076
585000,0.01122831366956234,4.256699562072754,4.283205986022949,0.2160521298646927,1.0,0.4316559433937073,0.09999999999999998,20000,5631.802088022232
586000,0.01193869300186634,4.000482559204102,3.9957966804504395,0.24387064576148987,1.0,0.3696051239967346,0.09999999999999998,20000,5646.622591018677
587000,0.0074023352935910225,4.302549362182617,4.278861045837402,0.29433321952819824,1.0,0.19420096278190613,0.09999999999999998,20000,6577.676465034485
588000,0.008997689001262188,4.20050573348999,4.20741605758667,0.2866799533367157,1.0,0.25666797161102295,0.09999999999999998,20000,6585.846733093262
589000,0.005018582567572594,4.219855308532715,4.396315574645996,0.3014344573020935,1.0,0.12090316414833069,0.09999999999999998,20000,6603.09299993515
590000,0.018208090215921402,3.9911417961120605,4.000478267669678,0.2916248142719269,1.0,0.3236725330352783,0.09999999999999998,20000,6615.896050930023
591000,0.012552949599921703,4.352341175079346,4.452273845672607,0.34972676634788513,1.0,0.23304761946201324,0.09999999999999998,20000,6623.63227391243
592000,0.004472964908927679,4.4049272537231445,4.299689292907715,0.2780416011810303,1.0,0.12898512184619904,0.09999999999999998,20000,6628.081742048264
593000,0.006967020221054554,4.3270111083984375,4.268217086791992,0.22365552186965942,1.0,0.24841362237930298,0.09999999999999998,20000,6641.901581048965
594000,0.01191258430480957,4.145114898681641,4.183801651000977,0.2911621928215027,1.0,0.3116842806339264,0.09999999999999998,20000,6655.968879938126
595000,0.009453808888792992,4.231866359710693,4.273197174072266,0.3298662602901459,1.0,0.19941771030426025,0.09999999999999998,20000,6668.271232128143
596000,0.02176656574010849,3.975698471069336,4.107659816741943,0.42831557989120483,1.0,0.25532397627830505,0.09999999999999998,20000,7599.146089076996
597000,0.02117023430764675,3.9746947288513184,3.9684033393859863,0.29458218812942505,1.0,0.46790269017219543,0.09999999999999998,20000,7612.751462936401
598000,0.013868190348148346,4.238777160644531,4.167990684509277,0.2407047003507614,1.0,0.40426748991012573,0.09999999999999998,20000,7629.4092428684235
599000,0.0062730684876441956,4.332851886749268,4.381464004516602,0.2453390657901764,1.0,0.22016504406929016,0.09999999999999998,20000,7726.147045135498
600000,0.008253740146756172,4.0200371742248535,4.010090351104736,0.3192276358604431,1.0,0.2025681734085083,0.09999999999999998,20000,7730.804103851318
601000,0.009773936122655869,3.7875564098358154,3.8778815269470215,0.3419157862663269,1.0,0.22473755478858948,0.09999999999999998,20000,7756.85945391655
602000,0.011933951638638973,4.042359828948975,4.012360572814941,0.31596100330352783,1.0,0.22693362832069397,0.09999999999999998,20000,7767.534521102905
603000,0.011729792691767216,3.9665780067443848,4.0461506843566895,0.2774314284324646,1.0,0.2966383695602417,0.09999999999999998,20000,8698.314795017242
604000,0.006445152685046196,4.201444625854492,4.2212324142456055,0.3923606872558594,1.0,0.11134977638721466,0.09999999999999998,20000,8702.836688995361
605000,0.01028240006417036,4.049105167388916,3.95646071434021,0.34112685918807983,1.0,0.2085728943347931,0.09999999999999998,20000,8709.325553894043
606000,0.0056579094380140305,3.976048469543457,3.920151710510254,0.3021284341812134,1.0,0.13813722133636475,0.09999999999999998,20000,8727.748293876648
607000,0.008739444427192211,4.2062530517578125,4.223738670349121,0.29952412843704224,1.0,0.21868084371089935,0.09999999999999998,20000,8742.661206960678
608000,0.006465226877480745,3.8091788291931152,3.825753688812256,0.2818026542663574,1.0,0.1991063505411148,0.09999999999999998,20000,8880.85070014
609000,0.0294926967471838,4.002264022827148,3.7675445079803467,0.49649301171302795,1.0,0.30547425150871277,0.09999999999999998,20000,8892.349339008331
610000,0.020011698827147484,4.291044235229492,4.250479698181152,0.3852297365665436,1.0,0.3385061025619507,0.09999999999999998,20000,8911.773123025894
611000,0.004839261993765831,4.0417890548706055,4.123832702636719,0.22299142181873322,1.0,0.22172418236732483,0.09999999999999998,20000,8923.829799890518
612000,0.009466816671192646,3.9604334831237793,3.9791085720062256,0.1954927146434784,1.0,0.41065776348114014,0.09999999999999998,20000,9175.43222618103
613000,0.01769556850194931,4.075902938842773,3.9599761962890625,0.3722850978374481,1.0,0.3187938928604126,0.09999999999999998,20000,9188.143931865692
614000,0.005211880896240473,4.071032524108887,4.065433502197266,0.212729811668396,1.0,0.20871654152870178,0.09999999999999998,20000,9202.07488322258
615000,0.004859982058405876,4.137243747711182,4.27240514755249,0.22468367218971252,1.0,0.19480974972248077,0.09999999999999998,20000,9217.223824977875
616000,0.012743381783366203,3.9563348293304443,3.975827693939209,0.33402591943740845,1.0,0.31905660033226013,0.09999999999999998,20000,9555.832384109497
617000,0.012292292900383472,4.424413681030273,4.3532938957214355,0.3081417679786682,1.0,0.29801347851753235,0.09999999999999998,20000,9565.707919120789
618000,0.02211928926408291,4.434714317321777,4.3935723304748535,0.3631269633769989,1.0,0.39467549324035645,0.09999999999999998,20000,9580.607469081879
619000,0.0010735730174928904,4.363555431365967,4.308265209197998,0.22340436279773712,1.0,0.06251930445432663,0.09999999999999998,20000,9593.525021076202
620000,0.00907040387392044,4.434899806976318,4.4043354988098145,0.29433682560920715,1.0,0.25644609332084656,0.09999999999999998,20000,9601.568789958954
621000,0.017590638250112534,3.8151097297668457,3.670387029647827,0.30564719438552856,1.0,0.4037763476371765,0.09999999999999998,20000,9605.990245819092
622000,0.014837019145488739,4.353165626525879,4.256789207458496,0.20758363604545593,1.0,0.525743842124939,0.09999999999999998,20000,9618.251801013947
623000,0.003892412642017007,4.054481506347656,3.994218349456787,0.20966410636901855,1.0,0.20871220529079437,0.09999999999999998,20000,9631.227641105652
624000,0.005953624844551086,4.20182466506958,4.291162967681885,0.2782169580459595,1.0,0.2020534723997116,0.09999999999999998,20000,9644.422990083694
625000,0.0042945463210344315,3.8574559688568115,3.829653263092041,0.20489904284477234,1.0,0.2316979169845581,0.09999999999999998,20000,9654.865365028381
626000,0.010689614340662956,4.023955345153809,4.1566081047058105,0.3489035964012146,1.0,0.2208532989025116,0.09999999999999998,20000,9660.790447950363
627000,0.006298118736594915,3.9828882217407227,3.7740156650543213,0.3929487466812134,1.0,0.12198730558156967,0.09999999999999998,20000,9674.942456007004
628000,0.01694447360932827,3.8145763874053955,3.776238441467285,0.3526439070701599,1.0,0.3234051764011383,0.09999999999999998,20000,9686.817449092865
629000,0.007854493334889412,4.6180267333984375,4.566273212432861,0.2342618703842163,1.0,0.29518023133277893,0.09999999999999998,20000,9698.47205400467
630000,0.02294495329260826,4.102246284484863,3.9065215587615967,0.3359442949295044,1.0,0.42687734961509705,0.09999999999999998,20000,10630.176279067993
631000,0.008629782125353813,4.146083831787109,4.042148590087891,0.2977226674556732,1.0,0.19724836945533752,0.09999999999999998,20000,10668.255316019058
632000,0.003385713789612055,4.218733787536621,4.248452186584473,0.25256574153900146,1.0,0.10137643665075302,0.09999999999999998,20000,11295.914712190628
633000,0.009001297876238823,4.14119291305542,4.195843696594238,0.3533284068107605,1.0,0.17347802221775055,0.09999999999999998,20000,11303.084688901901
634000,0.012498017400503159,4.147566795349121,4.171899318695068,0.25246095657348633,1.0,0.33086729049682617,0.09999999999999998,20000,11337.82018995285
635000,0.009294837713241577,4.136850357055664,4.05510139465332,0.27030810713768005,1.0,0.24991244077682495,0.09999999999999998,20000,11342.540402889252
636000,0.004205445758998394,4.194525718688965,4.231660842895508,0.27631890773773193,1.0,0.11142829060554504,0.09999999999999998,20000,11346.915143013
637000,0.006845981813967228,4.586977958679199,4.593845367431641,0.20251941680908203,1.0,0.2856515944004059,0.09999999999999998,20000,11351.208228111267
638000,0.00451311469078064,4.2437310218811035,4.173126220703125,0.17164750397205353,1.0,0.28000468015670776,0.09999999999999998,20000,11355.501685142517
639000,0.008915386162698269,4.844743728637695,4.882880210876465,0.2197955846786499,1.0,0.3663333058357239,0.09999999999999998,20000,11359.8045399189
640000,0.02411733567714691,4.289180755615234,4.388504981994629,0.3423050045967102,1.0,0.3749215602874756,0.09999999999999998,20000,11364.298079967499
641000,0.008402157574892044,4.100830078125,3.917919397354126,0.31634724140167236,1.0,0.20136216282844543,0.09999999999999998,20000,11368.606010913849
642000,0.00659705838188529,4.245363712310791,4.271355628967285,0.27941036224365234,1.0,0.19781062006950378,0.09999999999999998,20000,11373.165523052216
643000,0.004970703274011612,4.2898030281066895,4.301690101623535,0.19649715721607208,1.0,0.24066460132598877,0.09999999999999998,20000,11377.698697090149
644000,0.009476332925260067,4.255362510681152,4.268575668334961,0.30354514718055725,1.0,0.2240341454744339,0.09999999999999998,20000,11382.049498081207
645000,0.006455538794398308,3.7360126972198486,3.741244316101074,0.3377854824066162,1.0,0.17263726890087128,0.09999999999999998,20000,11386.374494075775
646000,0.015108396299183369,4.0327653884887695,3.9449639320373535,0.2920973300933838,1.0,0.3974928855895996,0.09999999999999998,20000,11392.960989952087
647000,0.02070261351764202,4.489581108093262,4.364743232727051,0.45521512627601624,1.0,0.25250399112701416,0.09999999999999998,20000,11403.680341005325
648000,0.005613868124783039,4.594110488891602,4.646889686584473,0.22081980109214783,1.0,0.24717795848846436,0.09999999999999998,20000,11423.036925077438
649000,0.005498290993273258,4.120789527893066,4.201500415802002,0.21625399589538574,1.0,0.2233007401227951,0.09999999999999998,20000,12362.307892084122
650000,0.0109288040548563,4.120548248291016,4.15428352355957,0.33981823921203613,1.0,0.23397216200828552,0.09999999999999998,20000,12366.886183977127
651000,0.017482392489910126,4.385164260864258,4.311189651489258,0.34691309928894043,1.0,0.3406183123588562,0.09999999999999998,20000,12390.673619031906
652000,0.011439107358455658,4.206544399261475,4.2396087646484375,0.2940543293952942,1.0,0.2475154548883438,0.09999999999999998,20000,12401.717079162598
653000,0.009869476780295372,4.348598480224609,4.151787757873535,0.296903133392334,1.0,0.23023542761802673,0.09999999999999998,20000,12917.153335094452
654000,0.005139213986694813,4.1097731590271,4.051753520965576,0.2358802855014801,1.0,0.2141307145357132,0.09999999999999998,20000,12921.590049028397
655000,0.011671412736177444,4.624484539031982,4.738347053527832,0.27352869510650635,1.0,0.2795528769493103,0.09999999999999998,20000,12926.164579153061
656000,0.021346114575862885,3.92476224899292,3.930417537689209,0.34977295994758606,1.0,0.37355709075927734,0.09999999999999998,20000,12938.107794046402
657000,0.004032617434859276,4.027246952056885,3.8727712631225586,0.32599085569381714,1.0,0.11050669103860855,0.09999999999999998,20000,12945.777912139893
658000,0.006555922795087099,4.619831562042236,4.59761905670166,0.22743692994117737,1.0,0.2779639959335327,0.09999999999999998,20000,12959.209578990936
659000,0.0036834687925875187,3.746382713317871,3.710207939147949,0.31494253873825073,1.0,0.10306844115257263,0.09999999999999998,20000,12966.807005882263
660000,0.0165337473154068,3.8696482181549072,4.030462741851807,0.3328315019607544,1.0,0.35472041368484497,0.09999999999999998,20000,12971.15991616249
661000,0.0053296759724617004,4.427578926086426,4.471719264984131,0.270263671875,1.0,0.12312762439250946,0.09999999999999998,20000,12984.609017133713
662000,0.016844989731907845,4.276806831359863,4.208947658538818,0.25550252199172974,1.0,0.4617845416069031,0.09999999999999998,20000,12998.440662145615
663000,0.011235852725803852,4.143737316131592,4.105480194091797,0.303058922290802,1.0,0.31212884187698364,0.09999999999999998,20000,13010.455975055695
664000,0.008238662034273148,4.291868209838867,4.373242378234863,0.3307350277900696,1.0,0.20707562565803528,0.09999999999999998,20000,13215.202108860016
665000,0.003416231367737055,3.950388193130493,3.8717002868652344,0.25468435883522034,1.0,0.14052480459213257,0.09999999999999998,20000,13226.088073015213
666000,0.009259091690182686,4.203240394592285,4.197014808654785,0.22036562860012054,1.0,0.3235180377960205,0.09999999999999998,20000,13240.337287902832
667000,0.006733630783855915,3.8657917976379395,3.6868863105773926,0.4618676006793976,1.0,0.12040074169635773,0.09999999999999998,20000,13254.168798923492
668000,0.007383604999631643,4.424899101257324,4.2829108238220215,0.3701269030570984,1.0,0.14014789462089539,0.09999999999999998,20000,13362.886862039566
669000,0.0058731380850076675,4.227068901062012,4.201681137084961,0.24424287676811218,1.0,0.2142835259437561,0.09999999999999998,20000,13367.694672822952
670000,0.007051736116409302,4.321419715881348,4.491981029510498,0.24562396109104156,1.0,0.19036918878555298,0.09999999999999998,20000,13383.391612052917
671000,0.0030252858996391296,4.29459285736084,4.298883438110352,0.26932090520858765,1.0,0.10957909375429153,0.09999999999999998,20000,13397.047466039658
672000,0.020859625190496445,4.424688339233398,4.316737651824951,0.42191845178604126,1.0,0.2977489233016968,0.09999999999999998,20000,13407.24634385109
673000,0.019380297511816025,4.13790225982666,4.005459308624268,0.36886775493621826,1.0,0.4038197994232178,0.09999999999999998,20000,13592.152832984924
674000,0.005953991785645485,4.058520793914795,3.962327003479004,0.3544118404388428,1.0,0.11442343890666962,0.09999999999999998,20000,13604.33271408081
675000,0.01335197500884533,4.188244819641113,4.327791213989258,0.23822610080242157,1.0,0.33468693494796753,0.09999999999999998,20000,13613.737389087677
676000,0.009583918377757072,4.387958526611328,4.3954362869262695,0.33951854705810547,1.0,0.21265941858291626,0.09999999999999998,20000,13628.464859962463
677000,0.00628028716892004,4.2520670890808105,4.2446699142456055,0.2397172451019287,1.0,0.23115816712379456,0.09999999999999998,20000,13737.779726028442
678000,0.02632780559360981,4.7738142013549805,4.922492027282715,0.31370270252227783,1.0,0.42642319202423096,0.09999999999999998,20000,13742.340897083282
679000,0.002709262305870652,4.249773025512695,4.207179546356201,0.40750131011009216,1.0,0.07181671261787415,0.09999999999999998,20000,13754.375519990921
680000,0.0059272293001413345,4.501758098602295,4.332512378692627,0.3715161979198456,1.0,0.1532837599515915,0.09999999999999998,20000,13766.103584051132
681000,0.010326993651688099,4.3200154304504395,4.29071044921875,0.3141368329524994,1.0,0.2499488741159439,0.09999999999999998,20000,13779.206451892853
682000,0.0052896831184625626,4.573530197143555,4.466470241546631,0.2856607139110565,1.0,0.18594343960285187,0.09999999999999998,20000,13785.732959985733
683000,0.029524799436330795,4.874499320983887,4.8150434494018555,0.3046474754810333,1.0,0.49373018741607666,0.09999999999999998,20000,13790.500197172165
684000,0.005340568721294403,4.488436698913574,4.423068046569824,0.20754924416542053,1.0,0.24723146855831146,0.09999999999999998,20000,13805.506651878357
685000,0.003436619881540537,4.39702033996582,4.412293434143066,0.21279850602149963,1.0,0.1568620800971985,0.09999999999999998,20000,13819.472882986069
686000,0.01606680266559124,4.216546058654785,4.252439498901367,0.33304363489151,1.0,0.3184232711791992,0.09999999999999998,20000,13830.20766210556
687000,0.014061481691896915,4.010418891906738,4.024841785430908,0.42224568128585815,1.0,0.2515433132648468,0.09999999999999998,20000,13995.052225112915
688000,0.01129099540412426,4.736520767211914,4.877912521362305,0.2922486662864685,1.0,0.2966126501560211,0.09999999999999998,20000,14006.118495941162
689000,0.003901061834767461,4.72511100769043,4.7612409591674805,0.22965459525585175,1.0,0.16918981075286865,0.09999999999999998,20000,14020.319339036942
690000,0.010006014257669449,4.470508575439453,4.298934459686279,0.30406346917152405,1.0,0.29930269718170166,0.09999999999999998,20000,14032.956132173538
691000,0.008563067764043808,4.507623672485352,4.560877323150635,0.2774571478366852,1.0,0.19680559635162354,0.09999999999999998,20000,14040.34892487526
692000,0.01165587268769741,4.413851737976074,4.397051811218262,0.2663156986236572,1.0,0.2398695945739746,0.09999999999999998,20000,14044.865201950073
693000,0.009073956869542599,4.538395404815674,4.50897216796875,0.33326852321624756,1.0,0.22872629761695862,0.09999999999999998,20000,14058.632538080215
694000,0.011879900470376015,4.599123001098633,4.55405855178833,0.3131293058395386,1.0,0.29186224937438965,0.09999999999999998,20000,14072.58559012413
695000,0.01679307408630848,4.832736492156982,4.846909999847412,0.29707425832748413,1.0,0.3893948495388031,0.09999999999999998,20000,14084.359925031662
696000,0.009482065215706825,4.587089538574219,4.641223430633545,0.21046221256256104,1.0,0.4465026557445526,0.09999999999999998,20000,14266.776224136353
697000,0.008503436110913754,4.304417610168457,4.2036027908325195,0.40219736099243164,1.0,0.14001253247261047,0.09999999999999998,20000,14273.109215021133
698000,0.00874210987240076,4.5783491134643555,4.598820686340332,0.2567792236804962,1.0,0.25733062624931335,0.09999999999999998,20000,14287.902177095413
699000,0.004047110676765442,4.950469017028809,4.997941970825195,0.23003114759922028,1.0,0.17246386408805847,0.09999999999999998,20000,14300.960124015808
700000,0.006314686965197325,4.869960784912109,4.794540882110596,0.26422643661499023,1.0,0.2633872628211975,0.09999999999999998,20000,14657.814173936844
701000,0.002892672549933195,4.845170974731445,4.914821624755859,0.28874900937080383,1.0,0.09763586521148682,0.09999999999999998,20000,14676.85726594925
702000,0.013432392850518227,4.614250183105469,4.66254997253418,0.2975214719772339,1.0,0.32007652521133423,0.09999999999999998,20000,14683.798836946487
703000,0.019518639892339706,4.647338390350342,4.580660820007324,0.40081140398979187,1.0,0.31904715299606323,0.09999999999999998,20000,14691.31451010704
704000,0.01697612553834915,4.463660717010498,4.507823944091797,0.30664995312690735,1.0,0.34734010696411133,0.09999999999999998,20000,14698.6241979599
705000,0.01359871868044138,4.808435916900635,4.623295783996582,0.37543994188308716,1.0,0.20248928666114807,0.09999999999999998,20000,14705.691452026367
706000,0.00510188564658165,5.029602527618408,5.052714824676514,0.21498706936836243,1.0,0.22142687439918518,0.09999999999999998,20000,14709.919486999512
707000,0.003557210322469473,4.388972282409668,4.299659729003906,0.3465614914894104,1.0,0.09145289659500122,0.09999999999999998,20000,14718.745234966278
708000,0.004630413372069597,4.314260482788086,4.4087653160095215,0.2736815810203552,1.0,0.15518885850906372,0.09999999999999998,20000,14729.955791950226
709000,0.006792246829718351,4.537415027618408,4.441137790679932,0.3376522660255432,1.0,0.13897573947906494,0.09999999999999998,20000,14742.626382112503
710000,0.010035820305347443,4.535924434661865,4.450167655944824,0.2263011336326599,1.0,0.359714537858963,0.09999999999999998,20000,14750.457680940628
711000,0.022693991661071777,4.584447383880615,4.237462997436523,0.5270764827728271,1.0,0.23424187302589417,0.09999999999999998,20000,14893.335211992264
712000,0.024087298661470413,4.860999584197998,4.710577011108398,0.3931342661380768,1.0,0.3624293804168701,0.09999999999999998,20000,14900.935410022736
713000,0.008122588507831097,5.032261848449707,5.0643205642700195,0.25793707370758057,1.0,0.24867090582847595,0.09999999999999998,20000,14916.150177001953
714000,0.0035271861124783754,4.75714111328125,4.677632808685303,0.24511530995368958,1.0,0.15587688982486725,0.09999999999999998,20000,14930.08879995346
715000,0.007606334984302521,5.025108337402344,4.998162269592285,0.2163519263267517,1.0,0.29336243867874146,0.09999999999999998,20000,14938.769959926605
716000,0.01737860031425953,4.372620105743408,4.448259353637695,0.33738410472869873,1.0,0.29692625999450684,0.09999999999999998,20000,14943.228660106659
717000,0.016216419637203217,4.991811752319336,4.941744327545166,0.2966911792755127,1.0,0.34377747774124146,0.09999999999999998,20000,14958.792505025864
718000,0.005571703426539898,4.866105079650879,4.865142822265625,0.1824721395969391,1.0,0.290897011756897,0.09999999999999998,20000,14972.5285551548
719000,0.006948900409042835,4.658544540405273,4.662468910217285,0.24531486630439758,1.0,0.23999065160751343,0.09999999999999998,20000,15068.34187912941
720000,0.014216182753443718,4.572989463806152,4.500410556793213,0.3352213501930237,1.0,0.28002703189849854,0.09999999999999998,20000,15072.898285150528
721000,0.006425792351365089,4.640842437744141,4.702951431274414,0.21478043496608734,1.0,0.27356019616127014,0.09999999999999998,20000,15087.889148950577
722000,0.025100121274590492,4.57666015625,4.617546081542969,0.32957905530929565,1.0,0.4399896264076233,0.09999999999999998,20000,15102.761724948883
723000,0.009249597787857056,4.87938928604126,4.942588806152344,0.28335317969322205,1.0,0.30264997482299805,0.09999999999999998,20000,15114.30295085907
724000,0.006042293272912502,4.825889587402344,4.768224239349365,0.2523287534713745,1.0,0.20291896164417267,0.09999999999999998,20000,15119.980724096298
725000,0.005512665491551161,4.875660419464111,4.808723449707031,0.2378566861152649,1.0,0.1930145025253296,0.09999999999999998,20000,15135.174779891968
726000,0.008041193708777428,4.354674339294434,4.283173561096191,0.2442147433757782,1.0,0.25263646245002747,0.09999999999999998,20000,15146.01010799408
727000,0.014902484603226185,4.3703694343566895,4.330665588378906,0.3845244348049164,1.0,0.22945597767829895,0.09999999999999998,20000,15161.152215003967
728000,0.007805285044014454,4.367330074310303,4.391778945922852,0.26291775703430176,1.0,0.2043740153312683,0.09999999999999998,20000,15167.382647037506
729000,0.0070631238631904125,4.913352012634277,4.8375396728515625,0.30838537216186523,1.0,0.20085661113262177,0.09999999999999998,20000,15179.383386135101
730000,0.0038405368104577065,4.500263690948486,4.550267696380615,0.24376964569091797,1.0,0.13115842640399933,0.09999999999999998,20000,15193.012664079666
731000,0.00272091175429523,4.842747688293457,4.762434959411621,0.30234307050704956,1.0,0.09294109046459198,0.09999999999999998,20000,15208.64134812355
732000,0.008578760549426079,4.7835493087768555,4.722893714904785,0.2342565953731537,1.0,0.27322667837142944,0.09999999999999998,20000,15314.949056148529
733000,0.00622045062482357,4.552600860595703,4.554400444030762,0.1776273548603058,1.0,0.3587891459465027,0.09999999999999998,20000,15326.427191019058
734000,0.034778743982315063,4.323579788208008,4.217482566833496,0.4954248070716858,1.0,0.3880389332771301,0.09999999999999998,20000,15345.1325340271
735000,0.020038601011037827,4.25342321395874,4.283579349517822,0.2890890836715698,1.0,0.3870449662208557,0.09999999999999998,20000,15358.034639835358
736000,0.01066408772021532,4.751426696777344,4.688048362731934,0.24329668283462524,1.0,0.3743290305137634,0.09999999999999998,20000,15465.493389129639
737000,0.005712119862437248,5.126303672790527,5.208731651306152,0.18674103915691376,1.0,0.33490046858787537,0.09999999999999998,20000,15477.355928182602
738000,0.006295423023402691,4.995460510253906,5.076215744018555,0.24114081263542175,1.0,0.20397721230983734,0.09999999999999998,20000,15496.422883033752
739000,0.008905596099793911,4.224086761474609,4.24450159072876,0.26271650195121765,1.0,0.25296837091445923,0.09999999999999998,20000,15508.635488033295
740000,0.03018338978290558,4.403400421142578,4.336756229400635,0.46171653270721436,1.0,0.35146763920783997,0.09999999999999998,20000,15513.584233045578
741000,0.008245743811130524,4.723008155822754,4.768892765045166,0.2972213923931122,1.0,0.21184277534484863,0.09999999999999998,20000,15528.28556394577
742000,0.01832689717411995,4.533047676086426,4.483159065246582,0.37849923968315125,1.0,0.26129019260406494,0.09999999999999998,20000,15543.24640583992
743000,0.003489447757601738,5.3672285079956055,5.280332565307617,0.2866245210170746,1.0,0.10676649212837219,0.09999999999999998,20000,15555.227900981903
744000,0.006428339518606663,4.588238716125488,4.694209098815918,0.222188800573349,1.0,0.27432799339294434,0.09999999999999998,20000,15658.481817007065
745000,0.003970025107264519,5.136834621429443,5.1871442794799805,0.2049693465232849,1.0,0.18457862734794617,0.09999999999999998,20000,15666.721964120865
746000,0.009102573618292809,4.568221092224121,4.656716346740723,0.2535780370235443,1.0,0.3225683271884918,0.09999999999999998,20000,15679.070437192917
747000,0.011999182403087616,4.5540313720703125,4.545358657836914,0.3804176449775696,1.0,0.22628110647201538,0.09999999999999998,20000,15692.178426027298
748000,0.005643575452268124,4.55850887298584,4.6205830574035645,0.2990450859069824,1.0,0.1371162235736847,0.09999999999999998,20000,15700.366792917252
749000,0.009674599394202232,4.566583633422852,4.489562511444092,0.350745290517807,1.0,0.22127771377563477,0.09999999999999998,20000,15705.738805055618
750000,0.004138014744967222,5.355594635009766,5.357795715332031,0.25327205657958984,1.0,0.1528877317905426,0.09999999999999998,20000,15711.81035900116
751000,0.00898390170186758,4.792010307312012,4.576818943023682,0.3715575039386749,1.0,0.1406952142715454,0.09999999999999998,20000,15736.331834077835
752000,0.010584266856312752,4.850546836853027,4.866120338439941,0.25924360752105713,1.0,0.29745957255363464,0.09999999999999998,20000,15744.947787046432
753000,0.003235211130231619,4.8681640625,4.849836349487305,0.24042850732803345,1.0,0.1410517692565918,0.09999999999999998,20000,15750.798628091812
754000,0.0278012752532959,5.033514022827148,4.970948219299316,0.45686110854148865,1.0,0.3461575210094452,0.09999999999999998,20000,15755.087650060654
755000,0.006618545390665531,4.905431747436523,4.952116966247559,0.23455370962619781,1.0,0.22598445415496826,0.09999999999999998,20000,15761.066605091095
756000,0.014530682004988194,4.733136177062988,4.572528839111328,0.3977132737636566,1.0,0.31738877296447754,0.09999999999999998,20000,15778.773073911667
757000,0.007448485586792231,5.05019998550415,5.100611686706543,0.23439478874206543,1.0,0.27609699964523315,0.09999999999999998,20000,15793.243644952774
758000,0.004668131470680237,4.486994743347168,4.448362827301025,0.2724466919898987,1.0,0.16465120017528534,0.09999999999999998,20000,15799.227348089218
759000,0.015888657420873642,4.708805561065674,4.605166435241699,0.33053281903266907,1.0,0.3551632761955261,0.09999999999999998,20000,15804.27572607994
760000,0.0016178727382794023,5.0088396072387695,5.060101509094238,0.18801939487457275,1.0,0.1090003252029419,0.09999999999999998,20000,15819.330993890762
761000,0.011171722784638405,4.633916854858398,4.671164512634277,0.3398861289024353,1.0,0.22425058484077454,0.09999999999999998,20000,15832.270554065704
762000,0.008769100531935692,4.7369890213012695,4.990792751312256,0.3937019109725952,1.0,0.14960727095603943,0.09999999999999998,20000,15843.441819906235
763000,0.01942647248506546,5.0279998779296875,5.08820104598999,0.3216401934623718,1.0,0.39155805110931396,0.09999999999999998,20000,15946.510012865067
764000,0.01415348518639803,5.037858009338379,5.043241500854492,0.29824405908584595,1.0,0.3134593665599823,0.09999999999999998,20000,15959.458462953568
765000,0.0193183496594429,4.834061622619629,4.835795879364014,0.37807410955429077,1.0,0.3302701711654663,0.09999999999999998,20000,15972.53295993805
766000,0.019220897927880287,4.718740463256836,4.848091125488281,0.38854628801345825,1.0,0.34957796335220337,0.09999999999999998,20000,15985.711751937866
767000,0.010138978250324726,4.6901445388793945,4.654332160949707,0.22615325450897217,1.0,0.4391959309577942,0.09999999999999998,20000,15992.265112161636
768000,0.006842879578471184,4.555750846862793,4.48038911819458,0.28740212321281433,1.0,0.20550884306430817,0.09999999999999998,20000,15996.525377035141
769000,0.0072329542599618435,4.817666530609131,4.6531877517700195,0.3765907287597656,1.0,0.16916924715042114,0.09999999999999998,20000,16008.972129106522
770000,0.019012445583939552,4.838647842407227,4.960224151611328,0.39529693126678467,1.0,0.306630402803421,0.09999999999999998,20000,16023.496253967285
771000,0.00880991481244564,5.3934221267700195,5.380306243896484,0.3448590040206909,1.0,0.17478589713573456,0.09999999999999998,20000,16035.860616922379
772000,0.013128828257322311,4.4023590087890625,4.508847236633301,0.310283899307251,1.0,0.257409006357193,0.09999999999999998,20000,16105.953604221344
773000,0.014567977748811245,4.7584028244018555,4.727907180786133,0.2713714838027954,1.0,0.34645700454711914,0.09999999999999998,20000,16117.24771618843
774000,0.008237612433731556,5.208817005157471,5.238539218902588,0.2793099880218506,1.0,0.2574194371700287,0.09999999999999998,20000,16131.67982006073
775000,0.0112486332654953,4.462551116943359,4.382199287414551,0.3558613359928131,1.0,0.20326605439186096,0.09999999999999998,20000,16146.958670139313
776000,0.013304032385349274,4.736300945281982,4.913880825042725,0.3585672378540039,1.0,0.23317798972129822,0.09999999999999998,20000,16152.236632108688
777000,0.011143852025270462,4.6795501708984375,4.813292503356934,0.2601781487464905,1.0,0.2812417149543762,0.09999999999999998,20000,16159.9180290699
778000,0.011084926314651966,4.275988578796387,4.22248649597168,0.385259747505188,1.0,0.1830652356147766,0.09999999999999998,20000,16176.114812850952
779000,0.004829735495150089,4.499809265136719,4.544284343719482,0.362236887216568,1.0,0.10661888122558594,0.09999999999999998,20000,16191.263002872467
780000,0.01646510884165764,4.733613967895508,4.618000030517578,0.3945789039134979,1.0,0.3273496627807617,0.09999999999999998,20000,16279.172965049744
781000,0.008550995960831642,4.611241340637207,4.508668899536133,0.3648322820663452,1.0,0.1566309928894043,0.09999999999999998,20000,16283.614928007126
782000,0.006690774112939835,4.6917572021484375,4.698378086090088,0.4011092185974121,1.0,0.11313733458518982,0.09999999999999998,20000,16296.738842964172
783000,0.0029377536848187447,5.084567070007324,5.170068740844727,0.28935492038726807,1.0,0.08047439903020859,0.09999999999999998,20000,16312.258597135544
784000,0.0069839973002672195,5.1370849609375,5.025358200073242,0.21738718450069427,1.0,0.31059688329696655,0.09999999999999998,20000,16391.447865009308
785000,0.011571405455470085,5.203956127166748,5.274377822875977,0.3068055808544159,1.0,0.24459291994571686,0.09999999999999998,20000,16395.94177889824
786000,0.0038529098965227604,4.784448623657227,4.6752471923828125,0.22622497379779816,1.0,0.17408955097198486,0.09999999999999998,20000,16412.131288051605
787000,0.01908865198493004,4.989675045013428,4.843902587890625,0.37097156047821045,1.0,0.3289584219455719,0.09999999999999998,20000,16427.72798895836
788000,0.010371444746851921,4.844182014465332,4.907893180847168,0.25653791427612305,1.0,0.33025577664375305,0.09999999999999998,20000,16514.44322514534
789000,0.005210316739976406,4.833396911621094,4.861676216125488,0.34161269664764404,1.0,0.09807093441486359,0.09999999999999998,20000,16519.044053077698
790000,0.005582581274211407,4.973370552062988,4.933326244354248,0.3652559518814087,1.0,0.1551479697227478,0.09999999999999998,20000,16535.09486103058
791000,0.01425839588046074,4.558321952819824,4.396903991699219,0.334219753742218,1.0,0.3262794613838196,0.09999999999999998,20000,16549.449818134308
792000,0.012641806155443192,5.005193710327148,4.9124016761779785,0.30914032459259033,1.0,0.2859368324279785,0.09999999999999998,20000,16560.160626888275
793000,0.002553448313847184,4.995611190795898,5.121212005615234,0.26144275069236755,1.0,0.09673158824443817,0.09999999999999998,20000,16821.383926153183
794000,0.013541636988520622,4.570560455322266,4.511520862579346,0.2747573256492615,1.0,0.2751184403896332,0.09999999999999998,20000,16835.285650014877
795000,0.01118927076458931,4.9010539054870605,4.753189563751221,0.37428170442581177,1.0,0.2119089663028717,0.09999999999999998,20000,16848.435002803802
796000,0.014482459984719753,5.160602569580078,5.168331146240234,0.37777188420295715,1.0,0.25599369406700134,0.09999999999999998,20000,16862.239622831345
797000,0.026901008561253548,4.948942184448242,4.976711273193359,0.4261586368083954,1.0,0.31492185592651367,0.09999999999999998,20000,16867.87391114235
798000,0.006327554117888212,4.635713577270508,4.609248161315918,0.17370577156543732,1.0,0.32409048080444336,0.09999999999999998,20000,16878.332440137863
799000,0.0298811886459589,4.908551216125488,4.81836462020874,0.3870149850845337,1.0,0.41171979904174805,0.09999999999999998,20000,16894.04753804207
800000,0.006886863149702549,4.774406433105469,4.832858562469482,0.26677995920181274,1.0,0.21870820224285126,0.09999999999999998,20000,16908.74957704544
801000,0.014629515819251537,5.014716625213623,5.012079238891602,0.3241220712661743,1.0,0.30553197860717773,0.09999999999999998,20000,16928.77931022644
802000,0.00895689893513918,4.698744773864746,4.754542350769043,0.28547072410583496,1.0,0.22999219596385956,0.09999999999999998,20000,16936.402024030685
803000,0.020638611167669296,4.529274940490723,4.2518510818481445,0.44478079676628113,1.0,0.2985219359397888,0.09999999999999998,20000,16947.730015039444
804000,0.0033926197793334723,4.640820503234863,4.723468780517578,0.26580071449279785,1.0,0.14167708158493042,0.09999999999999998,20000,17010.626370191574
805000,0.006444532889872789,4.829758167266846,4.8102803230285645,0.35191917419433594,1.0,0.13059106469154358,0.09999999999999998,20000,17015.371110916138
806000,0.015392051078379154,4.929708480834961,5.006784439086914,0.3016267418861389,1.0,0.35783690214157104,0.09999999999999998,20000,17028.473412036896
807000,0.012819582596421242,5.218968391418457,5.325445175170898,0.30796679854393005,1.0,0.27531689405441284,0.09999999999999998,20000,17049.00950908661
808000,0.011048221960663795,4.493572235107422,4.477436065673828,0.3751990795135498,1.0,0.18942534923553467,0.09999999999999998,20000,17059.748559951782
809000,0.02331184409558773,5.065067291259766,5.136252403259277,0.3242790400981903,1.0,0.47010180354118347,0.09999999999999998,20000,17067.650887966156
810000,0.006769207306206226,5.190023422241211,5.321071624755859,0.24078206717967987,1.0,0.28221309185028076,0.09999999999999998,20000,17089.665540218353
811000,0.0095899049192667,4.8223748207092285,4.884167671203613,0.3093029856681824,1.0,0.19592086970806122,0.09999999999999998,20000,17104.496845006943
812000,0.005723144859075546,5.308994293212891,5.209784984588623,0.27848923206329346,1.0,0.18420159816741943,0.09999999999999998,20000,17244.772944927216
813000,0.012192023918032646,4.941773414611816,4.911464691162109,0.3014242649078369,1.0,0.2991442084312439,0.09999999999999998,20000,17258.502242088318
814000,0.010594487190246582,4.838972091674805,4.936285972595215,0.2763358950614929,1.0,0.25519657135009766,0.09999999999999998,20000,17272.421679973602
815000,0.014369377866387367,5.055509567260742,5.126547336578369,0.2857978641986847,1.0,0.3382558822631836,0.09999999999999998,20000,17286.423779010773
816000,0.012130562216043472,4.543941974639893,4.494722366333008,0.25209298729896545,1.0,0.39462488889694214,0.09999999999999998,20000,17297.620584011078
817000,0.00811343640089035,5.026059150695801,4.908276557922363,0.2719704210758209,1.0,0.24489529430866241,0.09999999999999998,20000,17310.71794319153
818000,0.01711193658411503,5.026421546936035,4.864606857299805,0.2900366485118866,1.0,0.3812832236289978,0.09999999999999998,20000,17329.348082065582
819000,0.006018930114805698,5.150382041931152,4.9883880615234375,0.32340991497039795,1.0,0.154815673828125,0.09999999999999998,20000,17342.28117108345
820000,0.00569258164614439,5.031965255737305,5.148390769958496,0.2794971466064453,1.0,0.20066039264202118,0.09999999999999998,20000,17346.711769104004
821000,0.011098186485469341,4.892894744873047,4.929950714111328,0.20725175738334656,1.0,0.3946663439273834,0.09999999999999998,20000,17358.443076848984
822000,0.013812396675348282,4.997711181640625,5.078460216522217,0.3260200023651123,1.0,0.24909202754497528,0.09999999999999998,20000,17372.81962800026
823000,0.011405972763895988,5.172605514526367,5.146686553955078,0.24116769433021545,1.0,0.3751329183578491,0.09999999999999998,20000,17387.03621196747
824000,0.00414429884403944,4.801358222961426,4.836538314819336,0.26989245414733887,1.0,0.12675714492797852,0.09999999999999998,20000,17551.83105993271
825000,0.02564084157347679,4.751867294311523,4.845519065856934,0.29843586683273315,1.0,0.4913765788078308,0.09999999999999998,20000,17559.865005016327
826000,0.014941345900297165,4.972047805786133,4.986289024353027,0.2804481089115143,1.0,0.3630983531475067,0.09999999999999998,20000,17574.650287866592
827000,0.007865175604820251,4.633923530578613,4.507162094116211,0.31788837909698486,1.0,0.2014651596546173,0.09999999999999998,20000,17587.83183002472
828000,0.005478293634951115,5.091583251953125,5.1520609855651855,0.25827425718307495,1.0,0.18164785206317902,0.09999999999999998,20000,17601.34261393547
829000,0.004411110654473305,4.795182228088379,4.863735198974609,0.24779921770095825,1.0,0.18283694982528687,0.09999999999999998,20000,17606.28336596489
830000,0.015508925542235374,4.880214214324951,4.813470363616943,0.2888175845146179,1.0,0.39552342891693115,0.09999999999999998,20000,17621.398335933685
831000,0.0055216471664607525,4.666130065917969,4.725353240966797,0.18738049268722534,1.0,0.32508015632629395,0.09999999999999998,20000,17635.035742998123
832000,0.007069955579936504,4.705501556396484,4.722988128662109,0.22571854293346405,1.0,0.3205043077468872,0.09999999999999998,20000,17647.078242063522
833000,0.018800489604473114,4.807713508605957,4.627233505249023,0.29021787643432617,1.0,0.4308224320411682,0.09999999999999998,20000,17652.743908166885
834000,0.020351780578494072,4.829773902893066,4.80512809753418,0.27071887254714966,1.0,0.5325576663017273,0.09999999999999998,20000,17664.881680965424
835000,0.007016098126769066,4.730374336242676,4.650479316711426,0.22638943791389465,1.0,0.31171858310699463,0.09999999999999998,20000,17685.219076156616
836000,0.00809327233582735,5.158939361572266,5.1651835441589355,0.2913239002227783,1.0,0.20162752270698547,0.09999999999999998,20000,17845.770868062973
837000,0.004211903549730778,4.986540794372559,4.9383955001831055,0.24438321590423584,1.0,0.1789141595363617,0.09999999999999998,20000,17850.34382390976
838000,0.009027821011841297,5.437222480773926,5.455631256103516,0.22265015542507172,1.0,0.38178059458732605,0.09999999999999998,20000,17864.372668981552
839000,0.0052941832691431046,5.471141338348389,5.368206977844238,0.2241288274526596,1.0,0.26391083002090454,0.09999999999999998,20000,17887.643124103546
840000,0.009753135032951832,5.121284484863281,4.977424621582031,0.3920690715312958,1.0,0.18939653038978577,0.09999999999999998,20000,18021.69879603386
841000,0.017451690509915352,4.854188919067383,4.925281047821045,0.36307457089424133,1.0,0.276078999042511,0.09999999999999998,20000,18030.02662396431
842000,0.01369317714124918,5.047211647033691,4.913763999938965,0.39710721373558044,1.0,0.18090881407260895,0.09999999999999998,20000,18043.491651058197
843000,0.0040809158235788345,5.0927734375,5.108449935913086,0.28664281964302063,1.0,0.16365161538124084,0.09999999999999998,20000,18055.845261096954
844000,0.008312372490763664,4.466535568237305,4.466842174530029,0.29787716269493103,1.0,0.26703715324401855,0.09999999999999998,20000,18166.84082889557
845000,0.001779027166776359,4.718602180480957,4.738744735717773,0.1498548984527588,1.0,0.10910393297672272,0.09999999999999998,20000,18171.238990068436
846000,0.0073660993948578835,5.091643333435059,5.122100830078125,0.20411986112594604,1.0,0.3192620277404785,0.09999999999999998,20000,18185.5692820549
847000,0.0071963099762797356,5.161243915557861,5.249106407165527,0.2531394064426422,1.0,0.2532431483268738,0.09999999999999998,20000,18201.217684984207
848000,0.008831356652081013,5.418724060058594,5.49311637878418,0.23971080780029297,1.0,0.2985321283340454,0.09999999999999998,20000,18213.131603956223
849000,0.01903333142399788,4.9516730308532715,4.9007568359375,0.34391307830810547,1.0,0.3017231822013855,0.09999999999999998,20000,18320.093464136124
850000,0.003739579115062952,5.378735542297363,5.3547258377075195,0.3388063609600067,1.0,0.10312105715274811,0.09999999999999998,20000,18328.260706186295
851000,0.007758866064250469,4.928875923156738,4.957392692565918,0.1982036679983139,1.0,0.39745864272117615,0.09999999999999998,20000,18433.8495118618
852000,0.007909070700407028,5.5999932289123535,5.624746799468994,0.2577630281448364,1.0,0.23384255170822144,0.09999999999999998,20000,18438.866893053055
853000,0.018291380256414413,5.211565971374512,5.028595924377441,0.4109792709350586,1.0,0.2685001492500305,0.09999999999999998,20000,18449.425539016724
854000,0.011371701955795288,5.757274627685547,5.736449718475342,0.2437835931777954,1.0,0.36757001280784607,0.09999999999999998,20000,18467.330785036087
855000,0.01512927282601595,5.015005111694336,4.860602378845215,0.43351030349731445,1.0,0.2283741533756256,0.09999999999999998,20000,18549.959351062775
856000,0.011510604992508888,5.203005790710449,5.149272441864014,0.31559550762176514,1.0,0.23182350397109985,0.09999999999999998,20000,18554.29059624672
857000,0.012487854808568954,5.007839202880859,4.98426628112793,0.2881430387496948,1.0,0.3002869486808777,0.09999999999999998,20000,18565.036182165146
858000,0.008490214124321938,4.993086338043213,5.016197204589844,0.28973352909088135,1.0,0.20133167505264282,0.09999999999999998,20000,18581.269167900085
859000,0.014631813392043114,5.131340026855469,4.991082668304443,0.3116908073425293,1.0,0.34777331352233887,0.09999999999999998,20000,18594.192445993423
860000,0.01393876038491726,4.618978977203369,4.488709449768066,0.3250504732131958,1.0,0.27497851848602295,0.09999999999999998,20000,18675.79581594467
861000,0.015027271583676338,5.149364471435547,5.0613203048706055,0.31714123487472534,1.0,0.35422056913375854,0.09999999999999998,20000,18684.069956064224
862000,0.008201568387448788,5.024787902832031,4.929574489593506,0.3616384267807007,1.0,0.18887357413768768,0.09999999999999998,20000,18699.900840997696
863000,0.003645861055701971,5.503110408782959,5.614969253540039,0.23277926445007324,1.0,0.16586241126060486,0.09999999999999998,20000,18713.115143060684
864000,0.00590453390032053,5.238242149353027,5.361114501953125,0.31513428688049316,1.0,0.15608111023902893,0.09999999999999998,20000,19177.924381017685
865000,0.0009956184076145291,5.128582000732422,5.099634170532227,0.17260922491550446,1.0,0.09261268377304077,0.09999999999999998,20000,19182.15196800232
866000,0.009443586692214012,5.252699851989746,5.306588649749756,0.38587966561317444,1.0,0.18308904767036438,0.09999999999999998,20000,19193.27514386177
867000,0.014536592178046703,5.0793304443359375,4.981534957885742,0.3460555672645569,1.0,0.38032734394073486,0.09999999999999998,20000,19207.735919237137
868000,0.01228279434144497,5.223102569580078,5.27197265625,0.2910885214805603,1.0,0.3497641384601593,0.09999999999999998,20000,19221.34950709343
869000,0.004913062788546085,4.964529991149902,5.070648670196533,0.238875150680542,1.0,0.202615424990654,0.09999999999999998,20000,19323.91567993164
870000,0.009139145724475384,5.259359836578369,5.273550987243652,0.22091242671012878,1.0,0.3170439600944519,0.09999999999999998,20000,19329.266778230667
871000,0.005745125003159046,5.339854717254639,5.286059379577637,0.2216634899377823,1.0,0.17964684963226318,0.09999999999999998,20000,19344.109033107758
872000,0.009175335988402367,5.390501976013184,5.4496002197265625,0.39294859766960144,1.0,0.1325812041759491,0.09999999999999998,20000,19356.03577709198
873000,0.008691557683050632,5.021601676940918,4.937637805938721,0.3521101474761963,1.0,0.1725536733865738,0.09999999999999998,20000,19367.78804707527
874000,0.017338579520583153,5.36243200302124,5.525278091430664,0.3051713705062866,1.0,0.3809417486190796,0.09999999999999998,20000,19383.420664072037
875000,0.01047066505998373,5.0716681480407715,5.124658107757568,0.3675982356071472,1.0,0.19119742512702942,0.09999999999999998,20000,19394.961756944656
876000,0.013236746191978455,5.188175201416016,5.207301139831543,0.36116430163383484,1.0,0.25336405634880066,0.09999999999999998,20000,19408.652858257294
877000,0.015705373138189316,5.156420707702637,5.064624786376953,0.32331499457359314,1.0,0.358409583568573,0.09999999999999998,20000,19423.13782811165
878000,0.006354351993650198,5.332601547241211,5.340530872344971,0.2351716309785843,1.0,0.25802066922187805,0.09999999999999998,20000,19430.343392133713
879000,0.02038644440472126,5.111193656921387,5.277009963989258,0.3266591727733612,1.0,0.35764631628990173,0.09999999999999998,20000,19436.51731610298
880000,0.008674776181578636,5.335785865783691,5.270940780639648,0.251569926738739,1.0,0.2889973521232605,0.09999999999999998,20000,19452.16343188286
881000,0.012394122779369354,5.068305492401123,4.8675031661987305,0.2932559549808502,1.0,0.28004831075668335,0.09999999999999998,20000,19461.07921409607
882000,0.01829254813492298,4.756326675415039,4.543379306793213,0.3871900737285614,1.0,0.2721828818321228,0.09999999999999998,20000,19474.67919588089
883000,0.010075828060507774,4.967082977294922,4.944087028503418,0.2513660192489624,1.0,0.2615978419780731,0.09999999999999998,20000,19486.45468902588
884000,0.007418271154165268,5.232760429382324,5.172065734863281,0.2625104486942291,1.0,0.23555780947208405,0.09999999999999998,20000,19499.04715704918
885000,0.00642704963684082,5.133535861968994,5.108456134796143,0.3496156334877014,1.0,0.14539620280265808,0.09999999999999998,20000,19513.36601614952
886000,0.02201252430677414,5.105678558349609,5.053995132446289,0.3047325015068054,1.0,0.443492591381073,0.09999999999999998,20000,19525.40748691559
887000,0.015245061367750168,4.973667144775391,5.041738986968994,0.2804347574710846,1.0,0.3180463910102844,0.09999999999999998,20000,19626.191215991974
888000,0.00553959421813488,5.486715316772461,5.644852161407471,0.25114402174949646,1.0,0.18802639842033386,0.09999999999999998,20000,19631.52899312973
889000,0.0101920235902071,4.917540550231934,5.032415390014648,0.2538594901561737,1.0,0.3134283125400543,0.09999999999999998,20000,19648.41323709488
890000,0.008684500120580196,4.716804504394531,4.802189826965332,0.19095461070537567,1.0,0.3874299228191376,0.09999999999999998,20000,19669.775527000427
891000,0.01706654392182827,4.289028167724609,4.324608325958252,0.30851250886917114,1.0,0.3418095111846924,0.09999999999999998,20000,19737.27488899231
892000,0.00970829464495182,4.932518005371094,4.795598030090332,0.3220495283603668,1.0,0.22309385240077972,0.09999999999999998,20000,19750.897824048996
893000,0.0028403354808688164,5.555201530456543,5.5468573570251465,0.2546407878398895,1.0,0.12299030274152756,0.09999999999999998,20000,19771.066175937653
894000,0.008302384056150913,5.748758316040039,5.810304641723633,0.17866969108581543,1.0,0.3945658802986145,0.09999999999999998,20000,19782.45672917366
895000,0.015658607706427574,4.6246657371521,4.492605686187744,0.38742727041244507,1.0,0.2678338289260864,0.09999999999999998,20000,19786.823768138885
896000,0.007130391895771027,5.1244916915893555,5.2329487800598145,0.2751444876194,1.0,0.171228289604187,0.09999999999999998,20000,19803.188598155975
897000,0.010259155184030533,5.48210334777832,5.453864097595215,0.24035108089447021,1.0,0.3351004719734192,0.09999999999999998,20000,19818.978287935257
898000,0.018371744081377983,5.283761978149414,5.443279266357422,0.2845054268836975,1.0,0.43014952540397644,0.09999999999999998,20000,19828.17246389389
899000,0.0043372176587581635,5.049017906188965,4.992007255554199,0.2042715698480606,1.0,0.22212949395179749,0.09999999999999998,20000,19833.722566843033
900000,0.005696340464055538,5.500835418701172,5.5219926834106445,0.17786194384098053,1.0,0.3367711305618286,0.09999999999999998,20000,19843.286988973618
901000,0.010495208203792572,4.507336139678955,4.543379783630371,0.26900938153266907,1.0,0.2760223150253296,0.09999999999999998,20000,19867.15153694153
902000,0.007952619343996048,5.162637710571289,5.080875873565674,0.28213536739349365,1.0,0.25853127241134644,0.09999999999999998,20000,19955.446128845215
903000,0.007610325701534748,5.053625106811523,5.113677024841309,0.25293734669685364,1.0,0.23762863874435425,0.09999999999999998,20000,19959.8048620224
904000,0.007932739332318306,5.071175575256348,4.985886096954346,0.3319856822490692,1.0,0.16953085362911224,0.09999999999999998,20000,19975.842830181122
905000,0.009360003285109997,4.69305419921875,4.671689987182617,0.2915010154247284,1.0,0.24582353234291077,0.09999999999999998,20000,19993.995121002197
906000,0.007692556828260422,5.028995990753174,5.03021240234375,0.2142268419265747,1.0,0.329688161611557,0.09999999999999998,20000,20315.8121778965
907000,0.016027379781007767,4.951031684875488,4.712862968444824,0.35547757148742676,1.0,0.3169695734977722,0.09999999999999998,20000,20320.427005052567
908000,0.010818974114954472,5.049871921539307,5.073943138122559,0.3258839249610901,1.0,0.2615058720111847,0.09999999999999998,20000,20332.73132801056
909000,0.001277936971746385,4.828397274017334,4.754366874694824,0.2532888650894165,1.0,0.06113148853182793,0.09999999999999998,20000,20343.596174001694
910000,0.008717907592654228,4.922804355621338,4.97841739654541,0.32584941387176514,1.0,0.23042160272598267,0.09999999999999998,20000,20356.61291193962
911000,0.013710791245102882,4.664276599884033,4.798059940338135,0.2551683783531189,1.0,0.3642536699771881,0.09999999999999998,20000,20480.45938897133
912000,0.007710413075983524,5.115460395812988,4.948967456817627,0.28466346859931946,1.0,0.24187663197517395,0.09999999999999998,20000,20486.204565048218
913000,0.004679170437157154,4.919294357299805,4.872742176055908,0.21598204970359802,1.0,0.1964171826839447,0.09999999999999998,20000,20501.56817317009
914000,0.009033815003931522,5.317202568054199,5.304971218109131,0.3486095070838928,1.0,0.20231479406356812,0.09999999999999998,20000,20514.838313102722
915000,0.005108307581394911,4.54416561126709,4.723160743713379,0.3113531470298767,1.0,0.13353461027145386,0.09999999999999998,20000,20523.31852698326
916000,0.011492643505334854,5.057522773742676,4.94819450378418,0.2879650890827179,1.0,0.2687104642391205,0.09999999999999998,20000,20895.45859503746
917000,0.004647498484700918,4.9230756759643555,4.933783531188965,0.27076220512390137,1.0,0.1891814023256302,0.09999999999999998,20000,20905.317996025085
918000,0.012974373996257782,4.936437606811523,4.886082172393799,0.3309341371059418,1.0,0.3249909579753876,0.09999999999999998,20000,20921.441874027252
919000,0.010183701291680336,5.15648078918457,5.252176761627197,0.2601673901081085,1.0,0.33081376552581787,0.09999999999999998,20000,20938.47478199005
920000,0.019888397306203842,4.716759204864502,4.813324928283691,0.32673147320747375,1.0,0.37095552682876587,0.09999999999999998,20000,21038.34534096718
921000,0.0163113996386528,5.2964582443237305,5.193051338195801,0.2701207399368286,1.0,0.4072722792625427,0.09999999999999998,20000,21051.420485973358
922000,0.009676665998995304,4.828207969665527,4.972817420959473,0.3221930265426636,1.0,0.20263224840164185,0.09999999999999998,20000,21066.107039928436
923000,0.007634797599166632,4.82235860824585,4.725887298583984,0.29739096760749817,1.0,0.17967812716960907,0.09999999999999998,20000,21080.507045269012
924000,0.006470905616879463,4.770411968231201,4.739052772521973,0.29254043102264404,1.0,0.1753455102443695,0.09999999999999998,20000,21271.930329084396
925000,0.013648007065057755,5.113308906555176,5.192394256591797,0.3176560401916504,1.0,0.30278220772743225,0.09999999999999998,20000,21285.1300201416
926000,0.005646493285894394,5.201128005981445,5.244717597961426,0.29852187633514404,1.0,0.1881241351366043,0.09999999999999998,20000,21301.77729320526
927000,0.00625204760581255,4.900395393371582,4.817105293273926,0.20221000909805298,1.0,0.27507132291793823,0.09999999999999998,20000,21314.127344846725
928000,0.014787138439714909,4.973738670349121,4.8420233726501465,0.41834452748298645,1.0,0.2572462558746338,0.09999999999999998,20000,21358.39547395706
929000,0.011300554499030113,5.166670322418213,5.178332805633545,0.25529417395591736,1.0,0.37897586822509766,0.09999999999999998,20000,21363.60428595543
930000,0.015232523903250694,4.91158390045166,4.761810302734375,0.323291540145874,1.0,0.2894391417503357,0.09999999999999998,20000,21368.95899796486
931000,0.012396791018545628,5.353014945983887,5.397441864013672,0.30848202109336853,1.0,0.24887380003929138,0.09999999999999998,20000,21374.613505125046
932000,0.01674598641693592,4.770271301269531,4.681431770324707,0.34548601508140564,1.0,0.32442665100097656,0.09999999999999998,20000,21379.800175905228
933000,0.012329189106822014,5.35849666595459,5.367743015289307,0.252142071723938,1.0,0.3439742922782898,0.09999999999999998,20000,21384.138876914978
934000,0.021180622279644012,5.468584060668945,5.5290021896362305,0.27938520908355713,1.0,0.28708189725875854,0.09999999999999998,20000,21389.123383045197
935000,0.013980047777295113,4.652318954467773,4.442506313323975,0.44165802001953125,1.0,0.21737629175186157,0.09999999999999998,20000,21393.79609489441
936000,0.007410728372633457,5.005741119384766,5.0333757400512695,0.3048919439315796,1.0,0.20040540397167206,0.09999999999999998,20000,21398.628398180008
937000,0.015633614733815193,5.24915885925293,5.116055488586426,0.3298202455043793,1.0,0.3495664596557617,0.09999999999999998,20000,21403.428463935852
938000,0.025540539994835854,4.8866777420043945,4.921472549438477,0.3490065932273865,1.0,0.41087472438812256,0.09999999999999998,20000,21408.51864695549
939000,0.007461439818143845,5.111231327056885,5.274496555328369,0.27990245819091797,1.0,0.22116568684577942,0.09999999999999998,20000,21414.013435840607
940000,0.02428613044321537,4.83904504776001,4.830772876739502,0.33999356627464294,1.0,0.3973384499549866,0.09999999999999998,20000,21418.780538082123
941000,0.012097218073904514,5.110949516296387,4.8881754875183105,0.4690656065940857,1.0,0.15133525431156158,0.09999999999999998,20000,21423.728646993637
942000,0.013225756585597992,5.386688232421875,5.347893714904785,0.320716917514801,1.0,0.33207833766937256,0.09999999999999998,20000,21428.177705049515
943000,0.020545069128274918,5.0370073318481445,5.053145408630371,0.3318706750869751,1.0,0.36853599548339844,0.09999999999999998,20000,21432.769583940506
944000,0.005170092452317476,5.374655723571777,5.369171142578125,0.22284136712551117,1.0,0.23525545001029968,0.09999999999999998,20000,21437.349620103836
945000,0.017818253487348557,5.58865213394165,5.47404670715332,0.4279768466949463,1.0,0.26128512620925903,0.09999999999999998,20000,21442.14428281784
946000,0.004392554983496666,5.103439807891846,5.197980880737305,0.2715584933757782,1.0,0.17351673543453217,0.09999999999999998,20000,21446.92723107338
947000,0.014137969352304935,4.748604774475098,4.573257923126221,0.3819855749607086,1.0,0.164420485496521,0.09999999999999998,20000,21451.09489798546
948000,0.0037201405502855778,5.190807342529297,5.200170993804932,0.2502571940422058,1.0,0.09561380743980408,0.09999999999999998,20000,21455.7410261631
949000,0.0275737177580595,4.873649597167969,4.741739273071289,0.39100417494773865,1.0,0.38702887296676636,0.09999999999999998,20000,21460.1032640934
950000,0.0049980515614151955,5.385735034942627,5.374841690063477,0.1337321698665619,1.0,0.4307103157043457,0.09999999999999998,20000,21464.68695807457
951000,0.012911850586533546,4.319176197052002,4.210573196411133,0.3701740503311157,1.0,0.2771165668964386,0.09999999999999998,20000,21474.82472205162
952000,0.006778974551707506,5.123546600341797,5.005712509155273,0.2936858534812927,1.0,0.1776193231344223,0.09999999999999998,20000,21479.031982183456
953000,0.007855813950300217,4.956908226013184,5.033845901489258,0.3269798159599304,1.0,0.19183067977428436,0.09999999999999998,20000,21483.1708381176
954000,0.013271572068333626,5.304286956787109,5.261155605316162,0.23338520526885986,1.0,0.30448710918426514,0.09999999999999998,20000,21487.60343813896
955000,0.018000131472945213,4.876249313354492,4.862790107727051,0.3789634704589844,1.0,0.30800217390060425,0.09999999999999998,20000,21491.919375896454
956000,0.00852668285369873,4.767647743225098,4.813272476196289,0.2688091993331909,1.0,0.24740928411483765,0.09999999999999998,20000,21496.678411006927
957000,0.015510030090808868,4.927265167236328,4.963857173919678,0.3548774719238281,1.0,0.27188995480537415,0.09999999999999998,20000,21501.353686094284
958000,0.013501050882041454,5.183974266052246,5.093882083892822,0.2776505947113037,1.0,0.3784317076206207,0.09999999999999998,20000,21505.96230506897
959000,0.004225214943289757,5.233803749084473,5.3388566970825195,0.2789216637611389,1.0,0.10686947405338287,0.09999999999999998,20000,21511.436946868896
960000,0.010378140024840832,4.901378631591797,4.7988810539245605,0.2839275300502777,1.0,0.2532871961593628,0.09999999999999998,20000,21516.270420074463
961000,0.007901366800069809,5.3838067054748535,5.5016984939575195,0.2955572009086609,1.0,0.21613135933876038,0.09999999999999998,20000,21520.75047492981
962000,0.009138379245996475,5.49769401550293,5.2968854904174805,0.336066335439682,1.0,0.23046287894248962,0.09999999999999998,20000,21525.576533079147
963000,0.019567254930734634,4.9023284912109375,4.78495979309082,0.2944910526275635,1.0,0.40179795026779175,0.09999999999999998,20000,21529.93974494934
964000,0.015529590658843517,5.581143856048584,5.612625598907471,0.2194737195968628,1.0,0.45648378133773804,0.09999999999999998,20000,21534.532777071
965000,0.016020409762859344,5.181365966796875,5.189946174621582,0.31933364272117615,1.0,0.30750226974487305,0.09999999999999998,20000,21539.146453142166
966000,0.027704447507858276,5.060349464416504,5.07454776763916,0.41599157452583313,1.0,0.397640198469162,0.09999999999999998,20000,21543.931167125702
967000,0.014019673690199852,5.256092071533203,5.168948173522949,0.36294472217559814,1.0,0.24098512530326843,0.09999999999999998,20000,21548.288260936737
968000,0.011783802881836891,5.383432388305664,5.622251510620117,0.2996182441711426,1.0,0.22630779445171356,0.09999999999999998,20000,21552.9662668705
969000,0.008798143826425076,5.233168601989746,5.337742805480957,0.25843822956085205,1.0,0.2770598530769348,0.09999999999999998,20000,21557.64618897438
970000,0.012338943779468536,4.974946975708008,4.979287624359131,0.24195396900177002,1.0,0.37226182222366333,0.09999999999999998,20000,21562.206948041916
971000,0.011000121012330055,5.118558883666992,5.028415679931641,0.5246732831001282,1.0,0.11343008279800415,0.09999999999999998,20000,21567.035559892654
972000,0.020417343825101852,4.953007698059082,5.026881217956543,0.2835708260536194,1.0,0.4761717915534973,0.09999999999999998,20000,21571.45418190956
973000,0.0008678508456796408,5.511137008666992,5.476227760314941,0.28866931796073914,1.0,0.05311039090156555,0.09999999999999998,20000,21576.05605983734
974000,0.012635109946131706,4.938388347625732,4.858573913574219,0.3478970527648926,1.0,0.23416955769062042,0.09999999999999998,20000,21580.560666799545
975000,0.007059821859002113,5.286827087402344,5.355498313903809,0.21349577605724335,1.0,0.27801552414894104,0.09999999999999998,20000,21585.316565990448
976000,0.02043430507183075,5.493102073669434,5.4638214111328125,0.30125564336776733,1.0,0.38692206144332886,0.09999999999999998,20000,21589.84903407097
977000,0.012732467614114285,5.334280967712402,5.170182704925537,0.2733384668827057,1.0,0.3462093472480774,0.09999999999999998,20000,21594.634582042694
978000,0.019276641309261322,5.2638840675354,5.241535663604736,0.5725035071372986,1.0,0.2053385078907013,0.09999999999999998,20000,21599.1605591774
979000,0.011887386441230774,5.416591644287109,5.455811023712158,0.2901756763458252,1.0,0.3327156901359558,0.09999999999999998,20000,21603.73143720627
980000,0.015256325714290142,4.74770450592041,4.775834083557129,0.3218954801559448,1.0,0.2834131121635437,0.09999999999999998,20000,21608.345498085022
981000,0.019298546016216278,4.637533664703369,4.404813766479492,0.3085296154022217,1.0,0.3653869032859802,0.09999999999999998,20000,21612.880019903183
982000,0.02872052602469921,4.868417739868164,4.901405334472656,0.4898463487625122,1.0,0.3235359787940979,0.09999999999999998,20000,21617.51222705841
983000,0.021183408796787262,4.942424297332764,4.967527389526367,0.33562129735946655,1.0,0.3214971125125885,0.09999999999999998,20000,21621.92618393898
984000,0.015075921081006527,5.316049575805664,5.333138465881348,0.3263136148452759,1.0,0.31132712960243225,0.09999999999999998,20000,21626.618828058243
985000,0.007493085693567991,5.039023399353027,4.905895709991455,0.26372337341308594,1.0,0.20039410889148712,0.09999999999999998,20000,21631.072399139404
986000,0.01851102150976658,5.073358535766602,5.129226207733154,0.3742207884788513,1.0,0.3534998595714569,0.09999999999999998,20000,21635.680109024048
987000,0.014142224565148354,5.2655744552612305,5.472515106201172,0.3051425814628601,1.0,0.3162211775779724,0.09999999999999998,20000,21641.497905015945
988000,0.005937438923865557,4.936724662780762,5.148090362548828,0.3238677978515625,1.0,0.1504085212945938,0.09999999999999998,20000,21646.84153008461
989000,0.005821983329951763,5.404393196105957,5.419216156005859,0.28236740827560425,1.0,0.15677157044410706,0.09999999999999998,20000,21651.497583150864
990000,0.0044338284060359,5.714018821716309,5.718747138977051,0.17472414672374725,1.0,0.324734091758728,0.09999999999999998,20000,21656.110491991043
991000,0.026728365570306778,5.325324535369873,5.437076568603516,0.4267454147338867,1.0,0.3403387665748596,0.09999999999999998,20000,21660.666602134705
992000,0.020357254892587662,5.295143127441406,5.234850883483887,0.378103107213974,1.0,0.3299098014831543,0.09999999999999998,20000,21665.21020913124
993000,0.01978803239762783,5.3537211418151855,5.64993953704834,0.3626566529273987,1.0,0.2728847563266754,0.09999999999999998,20000,21669.817135810852
994000,0.012801575474441051,5.1516289710998535,5.223507404327393,0.4134989082813263,1.0,0.21788091957569122,0.09999999999999998,20000,21674.604444026947
995000,0.005008011125028133,4.959357261657715,4.864400386810303,0.32976263761520386,1.0,0.12857583165168762,0.09999999999999998,20000,21679.166891098022
996000,0.009218195453286171,5.257122993469238,5.2937912940979,0.21678107976913452,1.0,0.3622679114341736,0.09999999999999998,20000,21683.837954998016
997000,0.010800966061651707,5.250991344451904,5.182399749755859,0.31803634762763977,1.0,0.232815220952034,0.09999999999999998,20000,21688.483711004257
998000,0.01063525304198265,5.286681652069092,5.373849868774414,0.24916177988052368,1.0,0.28390026092529297,0.09999999999999998,20000,21693.090149879456
999000,0.008867853321135044,5.230369567871094,5.1183271408081055,0.32175976037979126,1.0,0.2453656792640686,0.09999999999999998,20000,21697.61816596985
1000000,0.006689039990305901,5.598142623901367,5.567094326019287,0.23001760244369507,1.0,0.23422691226005554,0.09999999999999998,20000,21702.273230075836
