paso_global,loss,q_promedio,target_promedio,error_td_promedio,beta_per,peso_importancia_promedio,epsilon,tamano_buffer,tiempo_segundos
10000,0.05499079078435898,0.0056969765573740005,0.1412384957075119,0.1366124004125595,0.41200000000000003,1.0,0.964,9998,6.7296528816223145
11000,0.033085137605667114,0.1280130296945572,0.2013482302427292,0.20530354976654053,0.4132,0.5931631326675415,0.9604,10998,9.9079430103302
12000,0.02697141468524933,0.13823097944259644,0.262779176235199,0.25984546542167664,0.41440000000000005,0.3916683793067932,0.9568,11998,13.67782187461853
13000,0.030817639082670212,0.12559446692466736,0.1701229214668274,0.1773373782634735,0.4156,0.7811321020126343,0.9532,12998,17.3919038772583
14000,0.02612518146634102,0.1577800214290619,0.17084914445877075,0.2015758454799652,0.4168,0.62794029712677,0.9496,13998,21.307944774627686
15000,0.016037242487072945,0.16970711946487427,0.1078006699681282,0.16394877433776855,0.41800000000000004,0.6487334966659546,0.946,14998,25.35742497444153
16000,0.04168667644262314,0.18765275180339813,0.2906254529953003,0.30824095010757446,0.4192,0.5746846199035645,0.9424,15998,28.782237768173218
17000,0.01723218336701393,0.14896230399608612,0.13760091364383698,0.16502252221107483,0.4204,0.6434872150421143,0.9388,16998,32.12635397911072
18000,0.0445287823677063,0.15986952185630798,0.2618193030357361,0.2711483836174011,0.42160000000000003,0.6707922220230103,0.9352,17998,35.26930093765259
19000,0.02680434100329876,0.19232286512851715,0.20116659998893738,0.22671401500701904,0.4228,0.6313149333000183,0.9316,18998,38.849557876586914
20000,0.041824545711278915,0.21819721162319183,0.32530274987220764,0.3004201650619507,0.42400000000000004,0.5946118831634521,0.9279999999999999,19998,41.951080083847046
21000,0.0048757512122392654,0.2532045245170593,0.25509312748908997,0.08373744785785675,0.4252,0.4475943148136139,0.9244,20000,45.67855978012085
22000,0.03577954322099686,0.398936003446579,0.42074164748191833,0.2713991105556488,0.4264,0.6459853649139404,0.9208000000000001,20000,48.83053207397461
23000,0.017259661108255386,0.32460373640060425,0.34071195125579834,0.21359297633171082,0.42760000000000004,0.4722462296485901,0.9172,20000,52.43555402755737
24000,0.02035883255302906,0.28202009201049805,0.26910400390625,0.17557305097579956,0.4288,0.7280721664428711,0.9136,20000,55.61800217628479
25000,0.025625644251704216,0.3103369474411011,0.3852483630180359,0.19636425375938416,0.43000000000000005,0.6513695120811462,0.91,20000,59.292848110198975
26000,0.019357241690158844,0.27885377407073975,0.36004334688186646,0.1761849820613861,0.4312,0.5500261783599854,0.9064,20000,62.41804575920105
27000,0.019572194665670395,0.2371976673603058,0.2742593288421631,0.16650448739528656,0.4324,0.5738894939422607,0.9028,20000,65.52296900749207
28000,0.012539810501039028,0.29740163683891296,0.2314780056476593,0.15085050463676453,0.43360000000000004,0.6412303447723389,0.8992,20000,68.62004590034485
29000,0.013297723606228828,0.29105377197265625,0.23208315670490265,0.1408616006374359,0.4348,0.6397109031677246,0.8956,20000,72.67579579353333
30000,0.010533051565289497,0.28827524185180664,0.2480859011411667,0.13758590817451477,0.436,0.6294258832931519,0.892,20000,75.87842607498169
31000,0.03637957572937012,0.3671468496322632,0.47682225704193115,0.22988110780715942,0.43720000000000003,0.6666518449783325,0.8884,20000,79.04820013046265
32000,0.02188665047287941,0.5661321878433228,0.4854164719581604,0.22264006733894348,0.4384,0.6492855548858643,0.8848,20000,82.13105797767639
33000,0.009823620319366455,0.3455638885498047,0.3280712366104126,0.1260918378829956,0.43960000000000005,0.6564339995384216,0.8812,20000,85.204265832901
34000,0.021811433136463165,0.395538866519928,0.43137675523757935,0.19611042737960815,0.4408,0.603617787361145,0.8775999999999999,20000,88.27599787712097
35000,0.011996978893876076,0.395615816116333,0.3745604157447815,0.16295598447322845,0.442,0.5383943319320679,0.874,20000,91.94362902641296
36000,0.015126383863389492,0.3505767583847046,0.3839602470397949,0.15880072116851807,0.44320000000000004,0.6754214763641357,0.8704000000000001,20000,95.37200403213501
37000,0.02097812481224537,0.3629390299320221,0.43251752853393555,0.17406108975410461,0.4444,0.7068195939064026,0.8668,20000,98.81986975669861
38000,0.03459326922893524,0.36763256788253784,0.455327570438385,0.2607852816581726,0.4456,0.591457724571228,0.8632,20000,102.48263001441956
39000,0.01685914769768715,0.37677526473999023,0.45736217498779297,0.1763799786567688,0.44680000000000003,0.5219534635543823,0.8596,20000,106.00815606117249
40000,0.0089340228587389,0.42916202545166016,0.40050438046455383,0.13272467255592346,0.448,0.624079704284668,0.856,20000,109.49541401863098
41000,0.010754675604403019,0.47709476947784424,0.44832441210746765,0.16841207444667816,0.44920000000000004,0.46418142318725586,0.8524,20000,113.039705991745
42000,0.01633700355887413,0.432049036026001,0.5292210578918457,0.19730380177497864,0.4504,0.40548938512802124,0.8488,20000,116.3483669757843
43000,0.019495423883199692,0.5104682445526123,0.5084871649742126,0.1867847740650177,0.4516,0.6393760442733765,0.8452,20000,120.25332403182983
44000,0.009225627407431602,0.40354132652282715,0.309378981590271,0.12631827592849731,0.45280000000000004,0.6649240851402283,0.8416,20000,123.54119801521301
45000,0.02132323756814003,0.4946340322494507,0.5056682825088501,0.19221645593643188,0.454,0.6535004377365112,0.838,20000,127.68522310256958
46000,0.021220756694674492,0.5142151117324829,0.4576076865196228,0.2103690505027771,0.45520000000000005,0.5634081363677979,0.8344,20000,132.47658896446228
47000,0.031066684052348137,0.7078615427017212,0.6474251747131348,0.2756512761116028,0.45640000000000003,0.5738992094993591,0.8308,20000,137.06182098388672
48000,0.01957986131310463,0.49690037965774536,0.5098643898963928,0.1982300877571106,0.4576,0.5521289110183716,0.8271999999999999,20000,141.4754500389099
49000,0.009683462791144848,0.4503340721130371,0.42997562885284424,0.12506839632987976,0.45880000000000004,0.6955223083496094,0.8236,20000,145.11157393455505
50000,0.013804862275719643,0.5192910432815552,0.4905303716659546,0.17112377285957336,0.46,0.604365885257721,0.82,20000,149.35538387298584
51000,0.02414848282933235,0.6728945374488831,0.6628730297088623,0.2320837676525116,0.4612,0.5611478686332703,0.8164,20000,157.79919409751892
52000,0.013208743184804916,0.589065432548523,0.6027421355247498,0.18563589453697205,0.46240000000000003,0.48242896795272827,0.8128,20000,161.04955101013184
53000,0.034788310527801514,0.6011130213737488,0.7163581252098083,0.2726263403892517,0.4636,0.6095054149627686,0.8092,20000,164.41884303092957
54000,0.01692972332239151,0.7520212531089783,0.6721696853637695,0.19490766525268555,0.4648,0.6935024857521057,0.8056,20000,167.75748491287231
55000,0.006138443015515804,0.5435365438461304,0.4782784879207611,0.10981126129627228,0.466,0.5849518179893494,0.802,20000,171.19784998893738
56000,0.03163580968976021,0.5752093195915222,0.6146126985549927,0.27380526065826416,0.4672,0.5723646283149719,0.7984,20000,175.0296230316162
57000,0.014084666967391968,0.6206902861595154,0.6378021836280823,0.22815141081809998,0.46840000000000004,0.39703568816185,0.7948,20000,178.42741799354553
58000,0.011086847633123398,0.5415552854537964,0.5130126476287842,0.14717227220535278,0.4696,0.6213290691375732,0.7912,20000,182.1684169769287
59000,0.017441129311919212,0.5209962129592896,0.5466879606246948,0.16572636365890503,0.4708,0.6813439130783081,0.7876,20000,185.51341199874878
60000,0.014807494357228279,0.7328917980194092,0.7384309768676758,0.2042328268289566,0.47200000000000003,0.5271596312522888,0.784,20000,188.89888095855713
61000,0.02310742810368538,0.7284373641014099,0.8024840950965881,0.22608481347560883,0.4732,0.5484964847564697,0.7804,20000,192.33107900619507
62000,0.01730920746922493,0.7834389209747314,0.8238276243209839,0.18746161460876465,0.47440000000000004,0.5721802711486816,0.7767999999999999,20000,195.69087409973145
63000,0.009249720722436905,0.7783061861991882,0.8313843011856079,0.17203488945960999,0.4756,0.34986570477485657,0.7732,20000,198.98889207839966
64000,0.013052480295300484,0.6999889612197876,0.7022062540054321,0.18063664436340332,0.4768,0.5534087419509888,0.7696,20000,202.37958908081055
65000,0.022274885326623917,0.597806453704834,0.6973541975021362,0.2017817199230194,0.47800000000000004,0.7236834764480591,0.766,20000,205.69546580314636
66000,0.014746680855751038,0.6368786096572876,0.5879276990890503,0.18317395448684692,0.4792,0.6173059940338135,0.7624,20000,209.11535596847534
67000,0.020661545917391777,0.6189494132995605,0.5754728317260742,0.19181466102600098,0.48040000000000005,0.7526358962059021,0.7587999999999999,20000,212.55289483070374
68000,0.011571411043405533,0.7252620458602905,0.7087609767913818,0.19769270718097687,0.48160000000000003,0.40712544322013855,0.7552,20000,216.53588199615479
69000,0.013084285892546177,0.6321887969970703,0.6389947533607483,0.1604798287153244,0.4828,0.6006354093551636,0.7515999999999999,20000,220.30664992332458
70000,0.01403183862566948,0.7167689800262451,0.7051516771316528,0.19522932171821594,0.48400000000000004,0.5248523950576782,0.748,20000,224.02955102920532
71000,0.014401517808437347,0.7590070962905884,0.781409502029419,0.1763121783733368,0.4852,0.6012440323829651,0.7444,20000,227.79566502571106
72000,0.021633422002196312,0.6960978507995605,0.711396336555481,0.2170487642288208,0.4864,0.5529320240020752,0.7408,20000,231.51072096824646
73000,0.02419229969382286,0.8093394637107849,0.7515894174575806,0.22404220700263977,0.48760000000000003,0.6310329437255859,0.7372000000000001,20000,234.9962568283081
74000,0.013434803113341331,0.7390244603157043,0.7893650531768799,0.17339004576206207,0.4888,0.5315525531768799,0.7336,20000,238.43543100357056
75000,0.01783820241689682,0.7409878969192505,0.7675082683563232,0.1780586838722229,0.49,0.5907651782035828,0.73,20000,241.90942311286926
76000,0.041818492114543915,0.7113636136054993,0.9285761117935181,0.2825896739959717,0.4912,0.6712729930877686,0.7263999999999999,20000,245.2714490890503
77000,0.008906462229788303,0.6698139309883118,0.7362415790557861,0.11882537603378296,0.4924,0.6529740691184998,0.7228,20000,248.70110988616943
78000,0.02794157899916172,0.7407509088516235,0.7675109505653381,0.24546962976455688,0.49360000000000004,0.5960925817489624,0.7192000000000001,20000,252.47930097579956
79000,0.01322133094072342,0.6119017601013184,0.6020859479904175,0.15062756836414337,0.4948,0.688357949256897,0.7156,20000,256.30382776260376
80000,0.005811729002743959,0.6945318579673767,0.7428659796714783,0.13341663777828217,0.496,0.4537438452243805,0.712,20000,260.00466299057007
81000,0.015818173065781593,0.850584089756012,0.842775821685791,0.19234231114387512,0.49720000000000003,0.6138487458229065,0.7083999999999999,20000,263.7373778820038
82000,0.022802136838436127,0.8903688788414001,0.9943898320198059,0.2252357006072998,0.4984,0.5194973945617676,0.7048,20000,267.31564688682556
83000,0.010531994514167309,0.9033651351928711,0.9341990947723389,0.1863035261631012,0.49960000000000004,0.3713098168373108,0.7012,20000,270.9142050743103
84000,0.017348065972328186,0.8776136636734009,0.906978964805603,0.1997811496257782,0.5008,0.6344515681266785,0.6976,20000,274.46189308166504
85000,0.00821945071220398,0.8800424337387085,0.8648415803909302,0.1492382287979126,0.502,0.5302335619926453,0.694,20000,278.286239862442
86000,0.028494827449321747,0.864264726638794,0.928937554359436,0.22229614853858948,0.5032,0.6266841888427734,0.6904,20000,282.04064297676086
87000,0.026814255863428116,0.81607586145401,0.8929308652877808,0.22187460958957672,0.5044,0.6986956000328064,0.6868000000000001,20000,285.75083780288696
88000,0.010537158697843552,0.8056366443634033,0.8133787512779236,0.16134165227413177,0.5056,0.5204882621765137,0.6832,20000,289.4043200016022
89000,0.017955351620912552,0.8684741258621216,0.9096317291259766,0.22118023037910461,0.5068,0.4977577328681946,0.6796,20000,293.3241469860077
90000,0.0283249169588089,0.914894163608551,0.8745473623275757,0.25214990973472595,0.508,0.6210532188415527,0.6759999999999999,20000,297.10460686683655
91000,0.01841835118830204,1.0715234279632568,1.1243419647216797,0.1806865632534027,0.5092,0.6574733257293701,0.6724,20000,301.2113881111145
92000,0.012067055329680443,0.8446246385574341,0.9621883630752563,0.185203418135643,0.5104,0.3521231710910797,0.6688000000000001,20000,304.8040509223938
93000,0.025829551741480827,0.8533031940460205,1.028725028038025,0.23592424392700195,0.5116,0.5546423196792603,0.6652,20000,308.59548902511597
94000,0.020550649613142014,0.9754415154457092,1.0549347400665283,0.2565633952617645,0.5128,0.4298456311225891,0.6616,20000,312.24986577033997
95000,0.019471026957035065,1.0471551418304443,1.0995674133300781,0.20934928953647614,0.514,0.5791107416152954,0.6579999999999999,20000,315.79333996772766
96000,0.0307858157902956,0.886735200881958,0.9019931554794312,0.2359640747308731,0.5152,0.6170527935028076,0.6544,20000,319.3413529396057
97000,0.0357985645532608,0.8905482292175293,1.0354706048965454,0.303742915391922,0.5164,0.5260332822799683,0.6508,20000,322.8764400482178
98000,0.015690691769123077,1.1704686880111694,1.071937084197998,0.18465882539749146,0.5176000000000001,0.5921869874000549,0.6472,20000,326.5325448513031
99000,0.01623684912919998,0.9510205984115601,0.8849254846572876,0.18568697571754456,0.5188,0.6461836695671082,0.6436,20000,330.41328978538513
100000,0.014449017122387886,0.9991493225097656,0.9852959513664246,0.16390210390090942,0.52,0.6518524885177612,0.6399999999999999,20000,334.20355701446533
101000,0.017568346112966537,1.1451454162597656,1.03926682472229,0.2429104894399643,0.5212,0.4032905697822571,0.6364,20000,342.7493648529053
102000,0.022236648947000504,1.327183485031128,1.23573637008667,0.25414299964904785,0.5224,0.53631591796875,0.6328,20000,346.5769350528717
103000,0.02724800631403923,0.9758052825927734,1.1415483951568604,0.22375905513763428,0.5236000000000001,0.5971505641937256,0.6292,20000,350.14558601379395
104000,0.017843332141637802,1.143104076385498,0.9640443325042725,0.20317016541957855,0.5248,0.5482828617095947,0.6255999999999999,20000,353.78538489341736
105000,0.012488078325986862,1.0428597927093506,0.934644877910614,0.16327916085720062,0.526,0.610770583152771,0.622,20000,357.22286677360535
106000,0.016674548387527466,1.2503650188446045,1.2427624464035034,0.1809612214565277,0.5272,0.6186496019363403,0.6184000000000001,20000,360.82893896102905
107000,0.025404151529073715,1.0185467004776,0.9577044248580933,0.20775926113128662,0.5284,0.6338310837745667,0.6148,20000,364.4671800136566
108000,0.021064037457108498,1.3079721927642822,1.3378528356552124,0.2263498306274414,0.5296000000000001,0.5530425310134888,0.6112,20000,368.13235807418823
109000,0.015389906242489815,1.0163702964782715,0.9829580187797546,0.183854877948761,0.5308,0.562782883644104,0.6075999999999999,20000,371.6250557899475
110000,0.01917378604412079,1.1562695503234863,1.1297705173492432,0.22816702723503113,0.532,0.6139954328536987,0.604,20000,375.22230100631714
111000,0.025919243693351746,1.1018238067626953,1.1369487047195435,0.23830491304397583,0.5332,0.6059139966964722,0.6004,20000,378.8229179382324
112000,0.014920978806912899,1.153063416481018,1.0997178554534912,0.1799604743719101,0.5344,0.5825794339179993,0.5968,20000,382.42574405670166
113000,0.018645398318767548,1.0879358053207397,1.1247358322143555,0.2024581879377365,0.5356000000000001,0.5811216235160828,0.5932,20000,386.37868309020996
114000,0.010634159669280052,1.0087183713912964,1.082265853881836,0.17640696465969086,0.5368,0.4848935008049011,0.5895999999999999,20000,390.0934009552002
115000,0.017511917278170586,1.2164537906646729,1.1742827892303467,0.20526628196239471,0.538,0.5780395865440369,0.586,20000,393.8773081302643
116000,0.014111450873315334,0.9927069544792175,1.0194625854492188,0.16007739305496216,0.5392,0.585867702960968,0.5824,20000,397.48483300209045
117000,0.021535560488700867,1.260099172592163,1.3237628936767578,0.23750343918800354,0.5404,0.5358408093452454,0.5788,20000,401.0925769805908
118000,0.012841355055570602,1.1130880117416382,1.1039841175079346,0.1803021878004074,0.5416,0.5268632173538208,0.5751999999999999,20000,404.8538427352905
119000,0.011949770152568817,1.01517915725708,1.0430121421813965,0.160578191280365,0.5428,0.5835361480712891,0.5716,20000,408.55072712898254
120000,0.017795145511627197,1.2147475481033325,1.2710134983062744,0.1907387226819992,0.544,0.5471437573432922,0.5680000000000001,20000,412.6346788406372
121000,0.022445086389780045,1.2671630382537842,1.286431074142456,0.23140530288219452,0.5452,0.5411105155944824,0.5644,20000,416.3400139808655
122000,0.014661611057817936,1.5550506114959717,1.4269943237304688,0.2175561934709549,0.5464,0.4660705029964447,0.5608,20000,420.3396677970886
123000,0.015895724296569824,1.4027395248413086,1.4210619926452637,0.19847527146339417,0.5476,0.5143495798110962,0.5571999999999999,20000,424.29034209251404
124000,0.023196173831820488,1.3142406940460205,1.445937156677246,0.2032337486743927,0.5488,0.6499172449111938,0.5536,20000,428.13463497161865
125000,0.016039621084928513,1.2769358158111572,1.3854684829711914,0.19229921698570251,0.55,0.6485751867294312,0.55,20000,432.3149869441986
126000,0.01503682229667902,1.1421592235565186,1.0829180479049683,0.17189444601535797,0.5512,0.6187090873718262,0.5464,20000,436.1757140159607
127000,0.011102834716439247,1.2955100536346436,1.4018375873565674,0.16939285397529602,0.5524,0.42480725049972534,0.5428,20000,440.32782888412476
128000,0.012594863772392273,0.998542308807373,0.9378198385238647,0.18223311007022858,0.5536,0.4990089535713196,0.5391999999999999,20000,444.4123249053955
129000,0.014600353315472603,1.5830553770065308,1.5500390529632568,0.20130503177642822,0.5548,0.4845011234283447,0.5356,20000,448.30695700645447
130000,0.012985901907086372,1.3337645530700684,1.277311086654663,0.19720251858234406,0.556,0.48019278049468994,0.532,20000,452.4018359184265
131000,0.01944047212600708,1.5468451976776123,1.495586633682251,0.22986100614070892,0.5572,0.4828861355781555,0.5284,20000,456.4450888633728
132000,0.014637989923357964,1.0032017230987549,0.9693138599395752,0.1873193383216858,0.5584,0.4984253942966461,0.5247999999999999,20000,460.57924795150757
133000,0.018865060061216354,1.3806984424591064,1.3987014293670654,0.1913837045431137,0.5596,0.6101938486099243,0.5211999999999999,20000,464.63888597488403
134000,0.008748002350330353,1.215113639831543,1.181555151939392,0.16660290956497192,0.5608,0.46436887979507446,0.5176,20000,468.422425031662
135000,0.01648661494255066,1.373328447341919,1.4345451593399048,0.21832968294620514,0.562,0.4746272563934326,0.514,20000,472.1818001270294
136000,0.012793034315109253,1.7520482540130615,1.7390989065170288,0.20384813845157623,0.5632,0.4885060489177704,0.5104,20000,475.8836598396301
137000,0.011715490370988846,1.1487154960632324,1.167670726776123,0.14529842138290405,0.5644,0.5912202596664429,0.5067999999999999,20000,479.590313911438
138000,0.010095039382576942,1.279322624206543,1.2696613073349,0.16849492490291595,0.5656,0.4490034580230713,0.5031999999999999,20000,483.3558859825134
139000,0.007439279928803444,1.2878086566925049,1.2965505123138428,0.14393338561058044,0.5668,0.4967592656612396,0.49959999999999993,20000,487.253741979599
140000,0.007558785378932953,1.4781720638275146,1.4444210529327393,0.17669396102428436,0.5680000000000001,0.3953920304775238,0.4959999999999999,20000,491.2586181163788
141000,0.022443322464823723,1.4239232540130615,1.3439109325408936,0.22348947823047638,0.5692,0.6530194878578186,0.49240000000000006,20000,496.8963098526001
142000,0.012705106288194656,1.4764270782470703,1.531496286392212,0.15282520651817322,0.5704,0.6038736701011658,0.4888,20000,501.8675138950348
143000,0.007056574337184429,1.521730661392212,1.5103626251220703,0.13655823469161987,0.5716,0.5251802206039429,0.4852000000000001,20000,506.3031589984894
144000,0.02430320903658867,1.5627245903015137,1.5514838695526123,0.2204999029636383,0.5728,0.5985161066055298,0.48160000000000003,20000,510.8235459327698
145000,0.01277284137904644,1.3970978260040283,1.4926960468292236,0.2158430814743042,0.5740000000000001,0.410582959651947,0.478,20000,515.2276661396027
146000,0.02217146009206772,1.3955605030059814,1.5403478145599365,0.2214822769165039,0.5752,0.4621971845626831,0.47440000000000004,20000,519.6693878173828
147000,0.009515708312392235,1.5623910427093506,1.6120951175689697,0.14568068087100983,0.5764,0.5068812370300293,0.4708,20000,524.5757639408112
148000,0.015037009492516518,1.4294328689575195,1.430546760559082,0.19511614739894867,0.5776,0.507948637008667,0.46720000000000006,20000,529.1881368160248
149000,0.011476965621113777,1.6038527488708496,1.5388091802597046,0.23580455780029297,0.5788,0.3034196197986603,0.4636,20000,533.6923758983612
150000,0.006996687967330217,1.4748303890228271,1.4319746494293213,0.17982758581638336,0.5800000000000001,0.32198676466941833,0.45999999999999996,20000,538.2651600837708
151000,0.02292804792523384,1.752602219581604,1.7338323593139648,0.2240406721830368,0.5812,0.6280696392059326,0.45640000000000003,20000,549.385910987854
152000,0.024360094219446182,1.6237196922302246,1.6987603902816772,0.2371448576450348,0.5824,0.5998930335044861,0.4528,20000,553.3897318840027
153000,0.017827624455094337,1.4218380451202393,1.2532793283462524,0.2551606595516205,0.5836,0.386412113904953,0.44920000000000004,20000,557.3802709579468
154000,0.022852664813399315,1.6683051586151123,1.7416694164276123,0.20838895440101624,0.5848,0.5584256649017334,0.4456,20000,561.4211177825928
155000,0.012500640004873276,1.60734224319458,1.565793514251709,0.18916112184524536,0.5860000000000001,0.529803454875946,0.44199999999999995,20000,565.4994778633118
156000,0.01671246811747551,1.574862003326416,1.5316766500473022,0.1927778273820877,0.5872,0.5755736827850342,0.4384,20000,569.3764419555664
157000,0.014168494381010532,1.4935994148254395,1.5252649784088135,0.19426408410072327,0.5884,0.5019581317901611,0.43479999999999996,20000,573.394641160965
158000,0.004786335397511721,1.629351258277893,1.6134812831878662,0.15441322326660156,0.5896,0.25977110862731934,0.4312,20000,577.2650752067566
159000,0.009018699638545513,1.781630277633667,1.7799999713897705,0.2247271090745926,0.5908,0.27205967903137207,0.4276,20000,581.0931980609894
160000,0.029103927314281464,1.4146208763122559,1.4410474300384521,0.2310759723186493,0.5920000000000001,0.6163092851638794,0.42399999999999993,20000,584.9316771030426
161000,0.015515364706516266,1.7871817350387573,1.6937717199325562,0.22739194333553314,0.5932000000000001,0.48263517022132874,0.4204,20000,588.818069934845
162000,0.008034424856305122,1.6020100116729736,1.6088746786117554,0.19745226204395294,0.5944,0.27263620495796204,0.41679999999999995,20000,592.581062078476
163000,0.03491579741239548,1.7429202795028687,1.9177367687225342,0.29746055603027344,0.5956,0.5099835991859436,0.4132,20000,596.3800921440125
164000,0.008982996456325054,1.6987899541854858,1.7924749851226807,0.17104768753051758,0.5968,0.43526044487953186,0.40959999999999996,20000,600.5470640659332
165000,0.018352126702666283,1.607255220413208,1.6680015325546265,0.265866219997406,0.5980000000000001,0.375868022441864,0.4059999999999999,20000,604.5100588798523
166000,0.011627431958913803,1.6606900691986084,1.5978715419769287,0.22768856585025787,0.5992000000000001,0.335389643907547,0.4024,20000,608.6660430431366
167000,0.016326626762747765,1.8474421501159668,1.8671398162841797,0.2063860148191452,0.6004,0.5359538793563843,0.39879999999999993,20000,612.5671000480652
168000,0.013439996168017387,1.566720724105835,1.5968542098999023,0.16406947374343872,0.6016,0.5882585048675537,0.3952,20000,616.761195898056
169000,0.021384399384260178,1.8318915367126465,1.9096689224243164,0.240987166762352,0.6028,0.4328310191631317,0.39159999999999995,20000,620.6965799331665
170000,0.012446489185094833,1.9778101444244385,1.9563263654708862,0.19606533646583557,0.6040000000000001,0.43651682138442993,0.3879999999999999,20000,624.8388550281525
171000,0.023068252950906754,2.0795199871063232,2.0251107215881348,0.21494609117507935,0.6052000000000001,0.6133097410202026,0.38439999999999996,20000,628.7993609905243
172000,0.008855457417666912,1.8176043033599854,1.7911559343338013,0.15770769119262695,0.6064,0.43048760294914246,0.3808,20000,632.7262079715729
173000,0.01631823182106018,1.5121439695358276,1.564598560333252,0.20858320593833923,0.6076,0.4786185324192047,0.3772,20000,636.6335017681122
174000,0.017242224887013435,1.4829144477844238,1.5397422313690186,0.2041858434677124,0.6088,0.5931090712547302,0.37360000000000004,20000,640.5226249694824
175000,0.012554625980556011,1.4595260620117188,1.5495128631591797,0.19801312685012817,0.61,0.3621373474597931,0.37,20000,644.4315140247345
176000,0.010392716154456139,1.7280092239379883,1.753442645072937,0.18593829870224,0.6112,0.39414674043655396,0.36640000000000006,20000,648.3210270404816
177000,0.007761175278574228,1.6904106140136719,1.7080775499343872,0.26267945766448975,0.6124,0.17582497000694275,0.3628,20000,652.6485998630524
178000,0.02674684301018715,1.7214943170547485,1.776356816291809,0.27433305978775024,0.6136,0.485581636428833,0.35919999999999996,20000,656.923660993576
179000,0.017271965742111206,1.8821576833724976,1.9766089916229248,0.22039270401000977,0.6148,0.5549269914627075,0.3556,20000,660.9082679748535
180000,0.00788077712059021,1.7801183462142944,1.7448616027832031,0.15454474091529846,0.616,0.47944945096969604,0.352,20000,665.2579870223999
181000,0.006665760185569525,1.8834457397460938,1.9100650548934937,0.1628917008638382,0.6172,0.35715559124946594,0.34840000000000004,20000,669.356614112854
182000,0.012849575839936733,2.0446434020996094,1.9693838357925415,0.20156344771385193,0.6184000000000001,0.45027437806129456,0.3448,20000,674.7931480407715
183000,0.009950608015060425,1.8234962224960327,1.7813056707382202,0.18556764721870422,0.6196,0.4518103003501892,0.34119999999999995,20000,679.0211780071259
184000,0.012371348217129707,1.8769434690475464,1.9674452543258667,0.19282343983650208,0.6208,0.4547536075115204,0.3376,20000,683.6191699504852
185000,0.017395909875631332,2.0842058658599854,2.113409996032715,0.18368859589099884,0.622,0.5998731255531311,0.33399999999999996,20000,687.8901460170746
186000,0.014490991830825806,1.6991171836853027,1.7155206203460693,0.20394590497016907,0.6232,0.5404980182647705,0.3304,20000,692.5257959365845
187000,0.010559672489762306,1.9229304790496826,1.858739972114563,0.18147391080856323,0.6244000000000001,0.4892534613609314,0.3268,20000,697.333075761795
188000,0.010012101382017136,1.9433813095092773,1.9865128993988037,0.192633718252182,0.6256,0.3876760005950928,0.32319999999999993,20000,702.2132480144501
189000,0.01448467094451189,1.6510202884674072,1.6188184022903442,0.1971568912267685,0.6268,0.5246714949607849,0.3196,20000,707.3380279541016
190000,0.013192214071750641,1.8618249893188477,1.8335347175598145,0.1834365427494049,0.628,0.5535208582878113,0.31599999999999995,20000,712.1952159404755
191000,0.012775198556482792,2.088256359100342,2.1483986377716064,0.20023125410079956,0.6292,0.502621054649353,0.3124,20000,716.7145147323608
192000,0.018551457673311234,1.8011562824249268,1.8021891117095947,0.18653622269630432,0.6304000000000001,0.620309054851532,0.30879999999999996,20000,721.2142329216003
193000,0.014992273412644863,1.8507139682769775,1.8632323741912842,0.2124539017677307,0.6316,0.464963436126709,0.3051999999999999,20000,725.7477719783783
194000,0.01381692010909319,1.585791826248169,1.7074482440948486,0.18099907040596008,0.6328,0.5562200546264648,0.3016,20000,730.4251339435577
195000,0.014081155881285667,2.058875560760498,2.123661518096924,0.192247211933136,0.634,0.5692101120948792,0.29799999999999993,20000,734.9131000041962
196000,0.026518482714891434,1.5704939365386963,1.6751995086669922,0.2409364879131317,0.6352,0.5465126633644104,0.2944,20000,739.2012529373169
197000,0.026212655007839203,2.0872766971588135,2.1536989212036133,0.2420627772808075,0.6364000000000001,0.6192179322242737,0.29079999999999995,20000,743.8909039497375
198000,0.011985874734818935,1.8664600849151611,1.9719345569610596,0.1799473613500595,0.6376000000000001,0.4842129945755005,0.2871999999999999,20000,748.1991448402405
199000,0.011707207188010216,1.9991257190704346,2.032701253890991,0.17535953223705292,0.6388,0.49332860112190247,0.28359999999999996,20000,752.6524209976196
200000,0.020642397925257683,1.8872077465057373,1.7780624628067017,0.22211024165153503,0.64,0.6145707368850708,0.2799999999999999,20000,756.7684359550476
201000,0.006132008507847786,2.1276907920837402,2.0768749713897705,0.12907786667346954,0.6412,0.549289345741272,0.2764,20000,767.8597900867462
202000,0.027121657505631447,1.907597541809082,2.033670663833618,0.2812651991844177,0.6424000000000001,0.516104519367218,0.27279999999999993,20000,772.1515069007874
203000,0.019922509789466858,2.300431728363037,2.332273244857788,0.2309986650943756,0.6436000000000001,0.5296751260757446,0.2691999999999999,20000,776.4488279819489
204000,0.029230399057269096,2.1043105125427246,2.0841732025146484,0.30390870571136475,0.6448,0.4620249271392822,0.26560000000000006,20000,780.8248360157013
205000,0.029204320162534714,2.1299002170562744,2.142299175262451,0.2748219966888428,0.646,0.5427361130714417,0.262,20000,785.283656835556
206000,0.010265832766890526,1.9419541358947754,2.0027642250061035,0.1605827361345291,0.6472,0.5424911379814148,0.2584000000000001,20000,789.8187479972839
207000,0.009666770696640015,2.1577181816101074,2.1675050258636475,0.17774394154548645,0.6484,0.446647047996521,0.2548,20000,793.9520118236542
208000,0.003548395587131381,2.351595878601074,2.365509510040283,0.11832809448242188,0.6496,0.40109342336654663,0.2512,20000,798.0825409889221
209000,0.01707843318581581,2.1706647872924805,2.178072690963745,0.2181941121816635,0.6508,0.497203528881073,0.24760000000000004,20000,802.0994510650635
210000,0.01694272644817829,2.2164485454559326,2.068208932876587,0.2297024130821228,0.652,0.44698458909988403,0.244,20000,806.539036989212
211000,0.017057009041309357,2.1656970977783203,2.2436461448669434,0.18019358813762665,0.6532,0.5993818044662476,0.24040000000000006,20000,811.4860219955444
212000,0.012915399856865406,2.258833885192871,2.2442898750305176,0.19647100567817688,0.6544,0.4930277466773987,0.2368,20000,816.5942718982697
213000,0.011860555037856102,2.1093130111694336,2.154153823852539,0.19417768716812134,0.6556,0.4277056157588959,0.23319999999999996,20000,821.627189874649
214000,0.012721010483801365,2.5480852127075195,2.5070273876190186,0.19670242071151733,0.6568,0.4553442597389221,0.22960000000000003,20000,826.5440471172333
215000,0.015991326421499252,2.3383359909057617,2.21773624420166,0.22091898322105408,0.658,0.5367527008056641,0.22599999999999998,20000,831.0189759731293
216000,0.02328168973326683,2.3627560138702393,2.5370137691497803,0.26637256145477295,0.6592,0.5258095860481262,0.22240000000000004,20000,835.3140749931335
217000,0.011272532865405083,2.092289686203003,2.1566929817199707,0.19492381811141968,0.6604,0.5020924806594849,0.2188,20000,839.7678790092468
218000,0.007005935534834862,2.1646676063537598,2.275932788848877,0.24099202454090118,0.6616,0.2192525565624237,0.21519999999999995,20000,844.5986039638519
219000,0.008326240815222263,2.2021350860595703,2.2601375579833984,0.1906241774559021,0.6628000000000001,0.37798017263412476,0.2116,20000,849.3558249473572
220000,0.02477564662694931,2.1297919750213623,2.075575828552246,0.2861877679824829,0.664,0.4337823987007141,0.20799999999999996,20000,854.291571855545
221000,0.0185280479490757,2.50120210647583,2.6094613075256348,0.20440679788589478,0.6652,0.5906714200973511,0.20440000000000003,20000,859.6967988014221
222000,0.022682853043079376,2.3349928855895996,2.3779609203338623,0.24202875792980194,0.6664,0.6195278763771057,0.20079999999999998,20000,865.0796310901642
223000,0.013552341610193253,2.082923412322998,2.0430335998535156,0.18905717134475708,0.6676,0.5338649749755859,0.19719999999999993,20000,870.0121519565582
224000,0.01920209638774395,2.6030404567718506,2.574173927307129,0.19388209283351898,0.6688000000000001,0.6619512438774109,0.1936,20000,874.3375480175018
225000,0.011484033428132534,2.124013900756836,2.2088866233825684,0.1721104234457016,0.67,0.5934821367263794,0.18999999999999995,20000,878.6134588718414
226000,0.018743209540843964,2.1677324771881104,2.185019016265869,0.20374126732349396,0.6712,0.5930593013763428,0.1864,20000,882.8440139293671
227000,0.009517528116703033,2.2098944187164307,2.210557222366333,0.15851125121116638,0.6724,0.5984569787979126,0.18279999999999996,20000,887.2062389850616
228000,0.008055957034230232,2.5577735900878906,2.5228376388549805,0.17083808779716492,0.6736,0.4537394046783447,0.17919999999999991,20000,891.815397977829
229000,0.018500251695513725,2.4755685329437256,2.569002151489258,0.23700842261314392,0.6748000000000001,0.45488986372947693,0.17559999999999998,20000,896.4264678955078
230000,0.01882290467619896,2.3360586166381836,2.288829803466797,0.24584537744522095,0.676,0.4661633372306824,0.17199999999999993,20000,900.9242148399353
231000,0.020315762609243393,2.4434328079223633,2.634122610092163,0.2793028652667999,0.6772,0.35615164041519165,0.1684,20000,905.5467748641968
232000,0.022038917988538742,2.3943023681640625,2.301114797592163,0.21416108310222626,0.6784,0.585641622543335,0.16479999999999995,20000,910.0555949211121
233000,0.02249586209654808,2.2574262619018555,2.37559175491333,0.24500896036624908,0.6796,0.49261540174484253,0.1611999999999999,20000,914.550943851471
234000,0.020078953355550766,2.4468307495117188,2.5325474739074707,0.22855648398399353,0.6808000000000001,0.5225740075111389,0.15759999999999996,20000,919.1203591823578
235000,0.0204483512789011,2.299071788787842,2.3252387046813965,0.22507312893867493,0.6819999999999999,0.6088486909866333,0.15400000000000003,20000,923.7881989479065
236000,0.017595117911696434,2.4488508701324463,2.4718661308288574,0.24590373039245605,0.6832,0.4389060139656067,0.15039999999999998,20000,928.2225439548492
237000,0.021225620061159134,2.4969677925109863,2.4290692806243896,0.25807324051856995,0.6844,0.4794597625732422,0.14680000000000004,20000,932.9652080535889
238000,0.026614844799041748,2.3742618560791016,2.3505356311798096,0.2544715404510498,0.6856,0.5590970516204834,0.1432,20000,937.7332189083099
239000,0.016297999769449234,2.5221853256225586,2.4815967082977295,0.22476829588413239,0.6868000000000001,0.3888964354991913,0.13960000000000006,20000,942.3744149208069
240000,0.006175062619149685,2.4151577949523926,2.4525492191314697,0.16854539513587952,0.688,0.324912428855896,0.136,20000,947.2160248756409
241000,0.017108753323554993,2.5036144256591797,2.4070162773132324,0.26104819774627686,0.6892,0.38999271392822266,0.13239999999999996,20000,951.6184628009796
242000,0.0397794246673584,2.4071767330169678,2.3489954471588135,0.29442745447158813,0.6904,0.6459466218948364,0.12880000000000003,20000,955.9476897716522
243000,0.012398452498018742,2.686066150665283,2.7619333267211914,0.1828242540359497,0.6916,0.44619816541671753,0.12519999999999998,20000,960.235848903656
244000,0.013178626075387001,2.562321662902832,2.6632039546966553,0.22519849240779877,0.6928000000000001,0.4427702724933624,0.12160000000000004,20000,964.5226140022278
245000,0.013146218843758106,2.4735755920410156,2.4686713218688965,0.18673518300056458,0.694,0.5899488925933838,0.118,20000,969.1952519416809
246000,0.01947302371263504,2.2868871688842773,2.2411468029022217,0.2212761491537094,0.6952,0.5255576968193054,0.11439999999999995,20000,973.8775060176849
247000,0.013007990084588528,2.443894386291504,2.5075178146362305,0.2067812979221344,0.6964,0.4618140459060669,0.11080000000000001,20000,978.7993388175964
248000,0.027690965682268143,3.0103652477264404,3.002044677734375,0.2779693901538849,0.6976,0.5256539583206177,0.10719999999999996,20000,983.5003650188446
249000,0.01741509884595871,2.5521609783172607,2.595482349395752,0.2119154930114746,0.6988000000000001,0.5458505749702454,0.10360000000000003,20000,988.3398859500885
250000,0.030457306653261185,2.1419575214385986,2.2791666984558105,0.24675971269607544,0.7,0.7176018953323364,0.09999999999999998,20000,993.1858930587769
251000,0.006783560384064913,2.5118093490600586,2.4742140769958496,0.12589284777641296,0.7012,0.49874597787857056,0.09999999999999998,20000,1003.1167919635773
252000,0.006911757867783308,2.5738377571105957,2.5392885208129883,0.18201974034309387,0.7024,0.309113085269928,0.09999999999999998,20000,1007.8468379974365
253000,0.011030877009034157,2.6347105503082275,2.709559917449951,0.24504047632217407,0.7036,0.27782800793647766,0.09999999999999998,20000,1013.1266641616821
254000,0.010522143915295601,2.8681905269622803,2.835145950317383,0.18216648697853088,0.7048000000000001,0.4834327697753906,0.09999999999999998,20000,1017.8583269119263
255000,0.010828472673892975,2.293721914291382,2.2972071170806885,0.1908433735370636,0.706,0.4227381646633148,0.09999999999999998,20000,1022.6193699836731
256000,0.027784693986177444,2.150296688079834,2.316781520843506,0.2989332675933838,0.7072,0.5024068355560303,0.09999999999999998,20000,1027.3297970294952
257000,0.016927670687437057,2.3143510818481445,2.389474391937256,0.19661018252372742,0.7084,0.5884718298912048,0.09999999999999998,20000,1031.7747077941895
258000,0.01527019776403904,2.5259201526641846,2.5497705936431885,0.19882895052433014,0.7096,0.5397820472717285,0.09999999999999998,20000,1036.161197900772
259000,0.011421794071793556,2.6185383796691895,2.6707570552825928,0.19987615942955017,0.7108000000000001,0.3963543772697449,0.09999999999999998,20000,1040.4758319854736
260000,0.01619376800954342,2.643873929977417,2.7502009868621826,0.25372838973999023,0.712,0.3528900146484375,0.09999999999999998,20000,1045.011389017105
261000,0.03156728297472,2.458142042160034,2.4260594844818115,0.2566210627555847,0.7132000000000001,0.6296480894088745,0.09999999999999998,20000,1049.7390098571777
262000,0.01782776415348053,2.5508174896240234,2.5914900302886963,0.21559904515743256,0.7144,0.4258311092853546,0.09999999999999998,20000,1054.3128039836884
263000,0.019761420786380768,2.632195472717285,2.6726319789886475,0.19803982973098755,0.7156,0.681905210018158,0.09999999999999998,20000,1059.2282929420471
264000,0.017322024330496788,2.4593448638916016,2.5799455642700195,0.23911166191101074,0.7168000000000001,0.480554461479187,0.09999999999999998,20000,1063.8297839164734
265000,0.013101287186145782,2.869415760040283,2.801504373550415,0.19369742274284363,0.718,0.5556449890136719,0.09999999999999998,20000,1068.7866201400757
266000,0.01202299538999796,2.880429267883301,2.8633813858032227,0.20714129507541656,0.7192000000000001,0.43734046816825867,0.09999999999999998,20000,1073.5673320293427
267000,0.032958030700683594,2.8400590419769287,2.9120404720306396,0.2845703959465027,0.7204,0.5167079567909241,0.09999999999999998,20000,1078.6144988536835
268000,0.006563449278473854,2.6111574172973633,2.546860694885254,0.21209262311458588,0.7216,0.23566684126853943,0.09999999999999998,20000,1083.3944790363312
269000,0.049974068999290466,2.377979278564453,2.454835891723633,0.32052963972091675,0.7228000000000001,0.628070592880249,0.09999999999999998,20000,1088.0254609584808
270000,0.01638522371649742,2.6255407333374023,2.626145124435425,0.2182350903749466,0.724,0.4689573049545288,0.09999999999999998,20000,1092.8720030784607
271000,0.01357671432197094,2.5655012130737305,2.5682764053344727,0.20046928524971008,0.7252000000000001,0.48947593569755554,0.09999999999999998,20000,1097.756803035736
272000,0.014598064124584198,2.783156633377075,2.7736830711364746,0.22618575394153595,0.7264,0.4112185835838318,0.09999999999999998,20000,1102.4579617977142
273000,0.017631443217396736,2.5890462398529053,2.537882089614868,0.24196508526802063,0.7276,0.42619457840919495,0.09999999999999998,20000,1107.2241308689117
274000,0.014483975246548653,2.617124319076538,2.583244800567627,0.21404781937599182,0.7288000000000001,0.5906959772109985,0.09999999999999998,20000,1111.5933349132538
275000,0.01203073374927044,2.809373140335083,2.8297834396362305,0.1803196221590042,0.73,0.5495666265487671,0.09999999999999998,20000,1115.9423248767853
276000,0.008595028892159462,3.069847822189331,2.9762039184570312,0.1962456852197647,0.7312000000000001,0.339520126581192,0.09999999999999998,20000,1120.3385269641876
277000,0.006744769401848316,2.5857224464416504,2.641115665435791,0.16370783746242523,0.7324,0.323299765586853,0.09999999999999998,20000,1125.1335577964783
278000,0.007577788084745407,2.6604268550872803,2.629265069961548,0.23692353069782257,0.7336,0.19844666123390198,0.09999999999999998,20000,1129.9109690189362
279000,0.013659335672855377,2.947248935699463,2.90802001953125,0.19300033152103424,0.7348000000000001,0.4789445400238037,0.09999999999999998,20000,1134.6390838623047
280000,0.02839183807373047,2.469916343688965,2.4572768211364746,0.3012540638446808,0.736,0.44179636240005493,0.09999999999999998,20000,1139.378322839737
281000,0.014049561694264412,2.427866220474243,2.527926445007324,0.2634393572807312,0.7372000000000001,0.3111311197280884,0.09999999999999998,20000,1144.0994749069214
282000,0.012537602335214615,2.9376556873321533,2.904088020324707,0.2049611657857895,0.7384,0.4566563665866852,0.09999999999999998,20000,1148.7070829868317
283000,0.008880715817213058,2.5735013484954834,2.5965449810028076,0.20615115761756897,0.7396,0.30913835763931274,0.09999999999999998,20000,1153.3868961334229
284000,0.013614396564662457,2.8874528408050537,2.8419694900512695,0.23146185278892517,0.7407999999999999,0.42185062170028687,0.09999999999999998,20000,1158.105388879776
285000,0.02147071808576584,2.718825340270996,2.8075528144836426,0.25592178106307983,0.742,0.4447536766529083,0.09999999999999998,20000,1162.926528930664
286000,0.018574919551610947,2.3009514808654785,2.241607189178467,0.27097782492637634,0.7432,0.3811700642108917,0.09999999999999998,20000,1167.803943157196
287000,0.02756938710808754,2.444857120513916,2.5921993255615234,0.25993478298187256,0.7444,0.56908118724823,0.09999999999999998,20000,1172.5339078903198
288000,0.008469238877296448,2.682203769683838,2.7040445804595947,0.1813882291316986,0.7456,0.42728954553604126,0.09999999999999998,20000,1177.449049949646
289000,0.010128144174814224,2.8011693954467773,2.823580026626587,0.22927510738372803,0.7467999999999999,0.3254375755786896,0.09999999999999998,20000,1182.4563188552856
290000,0.01124812662601471,2.7915525436401367,2.8308959007263184,0.18629643321037292,0.748,0.42912542819976807,0.09999999999999998,20000,1186.903923034668
291000,0.011087967082858086,3.0291876792907715,3.1010098457336426,0.17586079239845276,0.7492,0.4368172883987427,0.09999999999999998,20000,1191.2013339996338
292000,0.017254631966352463,3.0736522674560547,3.012302875518799,0.22146259248256683,0.7504,0.4628956913948059,0.09999999999999998,20000,1195.4337840080261
293000,0.03281952440738678,2.5303332805633545,2.5971860885620117,0.2673940062522888,0.7516,0.5996822714805603,0.09999999999999998,20000,1199.7020280361176
294000,0.02348616160452366,2.862931251525879,2.9626286029815674,0.25838667154312134,0.7527999999999999,0.4645482301712036,0.09999999999999998,20000,1204.3650569915771
295000,0.016534361988306046,2.8926634788513184,2.913259983062744,0.24089965224266052,0.754,0.4138626754283905,0.09999999999999998,20000,1208.9494009017944
296000,0.02132607437670231,2.8399081230163574,2.7794322967529297,0.262629896402359,0.7552,0.467403769493103,0.09999999999999998,20000,1213.533254146576
297000,0.018357843160629272,2.9345483779907227,2.910965919494629,0.21813809871673584,0.7564,0.5585973262786865,0.09999999999999998,20000,1218.2016768455505
298000,0.017136460170149803,2.9288177490234375,2.9330058097839355,0.2525726556777954,0.7576,0.39508920907974243,0.09999999999999998,20000,1223.0781149864197
299000,0.02575359120965004,2.765380382537842,2.658553123474121,0.30121541023254395,0.7587999999999999,0.4513972997665405,0.09999999999999998,20000,1227.7618238925934
300000,0.02393500506877899,3.0093164443969727,2.9596118927001953,0.27408042550086975,0.76,0.4376490116119385,0.09999999999999998,20000,1232.5498337745667
301000,0.007519984617829323,2.9847400188446045,3.0271153450012207,0.22655214369297028,0.7612,0.2496795654296875,0.09999999999999998,20000,1242.0529210567474
302000,0.01455622911453247,3.057962417602539,3.049428939819336,0.2278299331665039,0.7624,0.42449337244033813,0.09999999999999998,20000,1246.5887188911438
303000,0.0172050129622221,2.9066572189331055,2.7781622409820557,0.22510182857513428,0.7636000000000001,0.5009733438491821,0.09999999999999998,20000,1251.3406100273132
304000,0.009843305684626102,3.1440882682800293,3.1664888858795166,0.20185250043869019,0.7647999999999999,0.3719639778137207,0.09999999999999998,20000,1255.621927022934
305000,0.009946189820766449,2.8532426357269287,2.8581299781799316,0.21184368431568146,0.766,0.3696683645248413,0.09999999999999998,20000,1260.00373005867
306000,0.018593333661556244,2.96012544631958,2.9678874015808105,0.2642504572868347,0.7672,0.3468815088272095,0.09999999999999998,20000,1264.524650812149
307000,0.031005440279841423,2.4147722721099854,2.3724331855773926,0.2781743109226227,0.7684,0.6032629609107971,0.09999999999999998,20000,1268.8562009334564
308000,0.010098472237586975,2.8124806880950928,2.8671722412109375,0.21703194081783295,0.7696000000000001,0.3289416432380676,0.09999999999999998,20000,1273.8827509880066
309000,0.021623753011226654,2.8068203926086426,2.6707892417907715,0.3280145823955536,0.7707999999999999,0.35105863213539124,0.09999999999999998,20000,1278.1645967960358
310000,0.023463184013962746,2.8508176803588867,2.986701011657715,0.2667776346206665,0.772,0.41739487648010254,0.09999999999999998,20000,1282.893747806549
311000,0.01506197452545166,3.166219711303711,3.1985199451446533,0.20210783183574677,0.7732,0.5521291494369507,0.09999999999999998,20000,1287.3853678703308
312000,0.02291848137974739,3.190080165863037,3.268674612045288,0.3211807608604431,0.7744,0.34794801473617554,0.09999999999999998,20000,1291.794173002243
313000,0.015675803646445274,2.682305097579956,2.6832399368286133,0.33486926555633545,0.7756000000000001,0.2217765748500824,0.09999999999999998,20000,1296.843582868576
314000,0.011536303907632828,2.8964614868164062,2.881688117980957,0.1802242398262024,0.7767999999999999,0.4491763710975647,0.09999999999999998,20000,1301.5572600364685
315000,0.02296304702758789,3.2310047149658203,3.377797842025757,0.28830933570861816,0.778,0.4468027651309967,0.09999999999999998,20000,1306.3581128120422
316000,0.016116926446557045,2.7509822845458984,2.791865348815918,0.2403690218925476,0.7792,0.445321649312973,0.09999999999999998,20000,1311.0531640052795
317000,0.032650940120220184,2.7767491340637207,2.8149781227111816,0.2817688584327698,0.7804,0.5865640640258789,0.09999999999999998,20000,1315.8602559566498
318000,0.03059995360672474,3.0069475173950195,3.0456624031066895,0.3645109236240387,0.7816000000000001,0.356062650680542,0.09999999999999998,20000,1320.3835010528564
319000,0.04491846263408661,3.0281269550323486,2.9913783073425293,0.4578893780708313,0.7827999999999999,0.36008429527282715,0.09999999999999998,20000,1325.0532567501068
320000,0.007696296088397503,2.9930920600891113,3.0034399032592773,0.17859049141407013,0.784,0.4068467319011688,0.09999999999999998,20000,1329.5495359897614
321000,0.01498887874186039,3.0610361099243164,3.130035400390625,0.22906717658042908,0.7852,0.42168253660202026,0.09999999999999998,20000,1334.412276983261
322000,0.024414844810962677,3.2904465198516846,3.298820972442627,0.24496588110923767,0.7864,0.5737676620483398,0.09999999999999998,20000,1339.2157940864563
323000,0.017422404140233994,2.951220989227295,3.0257034301757812,0.21290956437587738,0.7876000000000001,0.49082955718040466,0.09999999999999998,20000,1343.6339428424835
324000,0.046282991766929626,2.8761672973632812,2.704894542694092,0.364849328994751,0.7888,0.5211475491523743,0.09999999999999998,20000,1347.992250919342
325000,0.02838871255517006,3.015336036682129,3.0468883514404297,0.3121495842933655,0.79,0.4679620563983917,0.09999999999999998,20000,1352.3044970035553
326000,0.031258732080459595,3.0169429779052734,3.0146403312683105,0.2727980613708496,0.7912,0.5525577068328857,0.09999999999999998,20000,1356.7173209190369
327000,0.02716989815235138,3.0454626083374023,2.8634984493255615,0.27993908524513245,0.7924,0.4482564330101013,0.09999999999999998,20000,1361.4604830741882
328000,0.01950915902853012,3.0666122436523438,3.162998676300049,0.26696938276290894,0.7936000000000001,0.3916915953159332,0.09999999999999998,20000,1366.4231441020966
329000,0.02807602658867836,2.91009521484375,2.9946184158325195,0.2662220001220703,0.7948,0.5222231149673462,0.09999999999999998,20000,1371.288475036621
330000,0.010738236829638481,3.3195748329162598,3.3210806846618652,0.21471107006072998,0.796,0.4587027132511139,0.09999999999999998,20000,1375.9590167999268
331000,0.013219015672802925,3.29213285446167,3.213637351989746,0.21859657764434814,0.7972,0.3426908850669861,0.09999999999999998,20000,1380.8389658927917
332000,0.01621108315885067,3.0415337085723877,3.0611538887023926,0.2838307023048401,0.7984,0.2936220169067383,0.09999999999999998,20000,1385.3752889633179
333000,0.006007513031363487,2.9488515853881836,3.044590473175049,0.2217724323272705,0.7996000000000001,0.21240247786045074,0.09999999999999998,20000,1390.1453738212585
334000,0.015732139348983765,2.91497540473938,2.9581031799316406,0.23066909611225128,0.8008,0.39625048637390137,0.09999999999999998,20000,1394.9481019973755
335000,0.011365098878741264,3.201097011566162,3.3250956535339355,0.26538723707199097,0.802,0.25280100107192993,0.09999999999999998,20000,1400.4582970142365
336000,0.008970547467470169,3.31215500831604,3.4234766960144043,0.2560758888721466,0.8032,0.23380374908447266,0.09999999999999998,20000,1405.919399023056
337000,0.006019560154527426,3.226593494415283,3.2272255420684814,0.16982772946357727,0.8044,0.3303614556789398,0.09999999999999998,20000,1411.1913709640503
338000,0.021017957478761673,3.6630046367645264,3.561387538909912,0.25790852308273315,0.8056000000000001,0.50870281457901,0.09999999999999998,20000,1416.3357858657837
339000,0.008785958401858807,3.342977523803711,3.3665690422058105,0.20551057159900665,0.8068,0.3183465600013733,0.09999999999999998,20000,1420.9133460521698
340000,0.011133856140077114,3.2703213691711426,3.305928945541382,0.21090814471244812,0.808,0.38406902551651,0.09999999999999998,20000,1425.4120559692383
341000,0.012232734821736813,2.868593215942383,2.8504092693328857,0.22920289635658264,0.8092,0.3749231994152069,0.09999999999999998,20000,1429.7132761478424
342000,0.010212013497948647,3.6090314388275146,3.5822088718414307,0.23755408823490143,0.8104,0.2567123770713806,0.09999999999999998,20000,1434.0900321006775
343000,0.006679157726466656,3.3332324028015137,3.275423049926758,0.1859390288591385,0.8116000000000001,0.3027869760990143,0.09999999999999998,20000,1438.733031988144
344000,0.011954096145927906,2.636441230773926,2.6339282989501953,0.24397587776184082,0.8128,0.3510684370994568,0.09999999999999998,20000,1443.3511531352997
345000,0.01952390745282173,3.1853208541870117,3.1020407676696777,0.29208895564079285,0.8140000000000001,0.33317285776138306,0.09999999999999998,20000,1447.9929068088531
346000,0.016258100047707558,3.5383286476135254,3.4874229431152344,0.21835990250110626,0.8151999999999999,0.49847567081451416,0.09999999999999998,20000,1452.8323397636414
347000,0.01475634053349495,3.210447072982788,3.2206788063049316,0.23121868073940277,0.8164,0.39901259541511536,0.09999999999999998,20000,1457.3951749801636
348000,0.0332060307264328,3.180903434753418,3.277132987976074,0.3297934830188751,0.8176,0.44087833166122437,0.09999999999999998,20000,1462.1208810806274
349000,0.03120304085314274,3.0191421508789062,2.9797677993774414,0.2899200916290283,0.8188,0.514054000377655,0.09999999999999998,20000,1466.836473941803
350000,0.021745506674051285,3.3086390495300293,3.432100772857666,0.2512476444244385,0.8200000000000001,0.4647410213947296,0.09999999999999998,20000,1471.6425688266754
351000,0.010956792160868645,3.389732599258423,3.3889734745025635,0.17089490592479706,0.8211999999999999,0.48056256771087646,0.09999999999999998,20000,1481.367744922638
352000,0.0105650769546628,3.2355217933654785,3.1415646076202393,0.25283610820770264,0.8224,0.26716548204421997,0.09999999999999998,20000,1485.7741737365723
353000,0.008537109941244125,3.308790683746338,3.3857672214508057,0.2320300042629242,0.8236,0.26186999678611755,0.09999999999999998,20000,1490.4430129528046
354000,0.009642856195569038,3.449651002883911,3.5939583778381348,0.2527109384536743,0.8248,0.231249138712883,0.09999999999999998,20000,1495.1293621063232
355000,0.01382005587220192,3.0746541023254395,3.1537554264068604,0.22473400831222534,0.8260000000000001,0.43139153718948364,0.09999999999999998,20000,1499.558879852295
356000,0.01763005740940571,2.6323418617248535,2.706998825073242,0.25362908840179443,0.8271999999999999,0.4027292728424072,0.09999999999999998,20000,1503.879508972168
357000,0.012650040909647942,3.2889761924743652,3.320662021636963,0.22099432349205017,0.8284,0.3541833162307739,0.09999999999999998,20000,1508.2007331848145
358000,0.02168145962059498,3.4866201877593994,3.5049028396606445,0.2492990791797638,0.8296,0.48114585876464844,0.09999999999999998,20000,1512.5300540924072
359000,0.016097914427518845,3.2417569160461426,3.3264355659484863,0.23033441603183746,0.8308,0.42167699337005615,0.09999999999999998,20000,1517.2785739898682
360000,0.019720077514648438,3.333693504333496,3.313007116317749,0.23551562428474426,0.8320000000000001,0.44217461347579956,0.09999999999999998,20000,1521.8882768154144
361000,0.02367757260799408,3.4162182807922363,3.5253067016601562,0.29252001643180847,0.8331999999999999,0.43795615434646606,0.09999999999999998,20000,1526.5465459823608
362000,0.018123343586921692,3.038970470428467,3.016050100326538,0.21149076521396637,0.8344,0.5483813285827637,0.09999999999999998,20000,1531.2320401668549
363000,0.011415678076446056,3.48659610748291,3.5396652221679688,0.21457380056381226,0.8356,0.43619316816329956,0.09999999999999998,20000,1536.1182990074158
364000,0.030973922461271286,3.2939281463623047,3.2473342418670654,0.3287390470504761,0.8368,0.4202054738998413,0.09999999999999998,20000,1540.7224831581116
365000,0.04456771910190582,3.3797948360443115,3.4788427352905273,0.3569676876068115,0.8380000000000001,0.5292251706123352,0.09999999999999998,20000,1545.458034992218
366000,0.031962115317583084,3.360100269317627,3.286297559738159,0.3437637686729431,0.8392,0.41059333086013794,0.09999999999999998,20000,1550.006455898285
367000,0.007821683771908283,3.3372552394866943,3.2682766914367676,0.17708712816238403,0.8404,0.3662806749343872,0.09999999999999998,20000,1554.551656961441
368000,0.010265561752021313,3.1973838806152344,3.285395860671997,0.24330806732177734,0.8416,0.30360230803489685,0.09999999999999998,20000,1559.4903540611267
369000,0.01447533443570137,3.392719268798828,3.5378670692443848,0.23098573088645935,0.8428,0.4234168827533722,0.09999999999999998,20000,1564.2218759059906
370000,0.015351693145930767,3.2550911903381348,3.2036690711975098,0.27228617668151855,0.8440000000000001,0.3077589273452759,0.09999999999999998,20000,1568.9675529003143
371000,0.01768350601196289,3.258207082748413,3.336911201477051,0.2706024944782257,0.8452,0.33301207423210144,0.09999999999999998,20000,1573.8299469947815
372000,0.02341182716190815,3.6341135501861572,3.7585620880126953,0.2806205749511719,0.8464,0.4718174338340759,0.09999999999999998,20000,1578.509083032608
373000,0.006903345696628094,3.6169049739837646,3.5734598636627197,0.19071073830127716,0.8476,0.28391793370246887,0.09999999999999998,20000,1582.8811309337616
374000,0.010375915095210075,3.3751349449157715,3.2801947593688965,0.23677904903888702,0.8488,0.3283740282058716,0.09999999999999998,20000,1587.2041919231415
375000,0.03872067481279373,3.5457375049591064,3.664560317993164,0.37031829357147217,0.85,0.37802383303642273,0.09999999999999998,20000,1591.4883370399475
376000,0.01857651025056839,3.551486015319824,3.5740058422088623,0.2518872022628784,0.8512,0.4300936162471771,0.09999999999999998,20000,1596.2176611423492
377000,0.031015902757644653,3.0544323921203613,3.055234432220459,0.3419094681739807,0.8524,0.4340822100639343,0.09999999999999998,20000,1601.005604982376
378000,0.01647087372839451,3.187638759613037,3.1074695587158203,0.24926680326461792,0.8536,0.4059705138206482,0.09999999999999998,20000,1605.6891140937805
379000,0.007840923964977264,3.1659069061279297,3.1422810554504395,0.228392094373703,0.8548,0.27722978591918945,0.09999999999999998,20000,1610.4898898601532
380000,0.021277258172631264,3.519345283508301,3.3731071949005127,0.2669517993927002,0.856,0.4524674415588379,0.09999999999999998,20000,1615.107251882553
381000,0.02322404831647873,3.2219529151916504,3.2543375492095947,0.2701411843299866,0.8572,0.4121226370334625,0.09999999999999998,20000,1619.9282851219177
382000,0.023557214066386223,3.391331195831299,3.398024082183838,0.28549104928970337,0.8584,0.4355454742908478,0.09999999999999998,20000,1624.8788158893585
383000,0.03929609805345535,3.4089553356170654,3.5801868438720703,0.3959679901599884,0.8596,0.42301464080810547,0.09999999999999998,20000,1629.7026238441467
384000,0.011723439209163189,3.357858896255493,3.3927865028381348,0.2520209550857544,0.8608,0.3128487765789032,0.09999999999999998,20000,1634.4829709529877
385000,0.041218101978302,3.4125165939331055,3.330845355987549,0.3510799705982208,0.862,0.5317331552505493,0.09999999999999998,20000,1639.300992012024
386000,0.012830119580030441,3.3238577842712402,3.337723731994629,0.2440526932477951,0.8632,0.3813702166080475,0.09999999999999998,20000,1644.1807630062103
387000,0.004093918949365616,3.33103084564209,3.3509907722473145,0.17067581415176392,0.8644000000000001,0.22775664925575256,0.09999999999999998,20000,1648.7460248470306
388000,0.017291659489274025,3.101381301879883,3.171379804611206,0.25152096152305603,0.8656,0.4023738503456116,0.09999999999999998,20000,1653.431972026825
389000,0.023888615891337395,3.4523470401763916,3.3519201278686523,0.34601396322250366,0.8668,0.32916828989982605,0.09999999999999998,20000,1657.8970279693604
390000,0.012564238160848618,3.5945212841033936,3.782228946685791,0.23496542870998383,0.868,0.32413792610168457,0.09999999999999998,20000,1662.3016390800476
391000,0.024548903107643127,3.1667330265045166,3.289536476135254,0.36787718534469604,0.8692,0.28829193115234375,0.09999999999999998,20000,1666.6768968105316
392000,0.0293026864528656,3.6859874725341797,3.7060046195983887,0.26509416103363037,0.8704000000000001,0.5566303730010986,0.09999999999999998,20000,1670.9536619186401
393000,0.02310996502637863,3.7676842212677,3.747929096221924,0.27804720401763916,0.8716,0.4346192181110382,0.09999999999999998,20000,1675.6395728588104
394000,0.019195852801203728,3.731168031692505,3.7488491535186768,0.21892687678337097,0.8728,0.48001420497894287,0.09999999999999998,20000,1680.356920003891
395000,0.02470170147716999,3.5302677154541016,3.7246389389038086,0.292261004447937,0.874,0.4568624198436737,0.09999999999999998,20000,1685.2324290275574
396000,0.020218586549162865,3.749143123626709,3.5648608207702637,0.29935595393180847,0.8752,0.36631232500076294,0.09999999999999998,20000,1689.8883669376373
397000,0.008876643143594265,3.0227138996124268,2.941795825958252,0.20857344567775726,0.8764000000000001,0.32408738136291504,0.09999999999999998,20000,1694.748216867447
398000,0.02194303646683693,3.3334977626800537,3.209049701690674,0.27481067180633545,0.8776,0.4920823872089386,0.09999999999999998,20000,1699.440670967102
399000,0.03024890646338463,3.6209607124328613,3.701305866241455,0.29421281814575195,0.8788,0.5203817486763,0.09999999999999998,20000,1704.1662361621857
400000,0.016993194818496704,3.179018020629883,3.0925049781799316,0.22128313779830933,0.88,0.5262402296066284,0.09999999999999998,20000,1708.9188299179077
401000,0.01322040893137455,3.831508159637451,3.8235158920288086,0.2839948832988739,0.8812,0.2606929540634155,0.09999999999999998,20000,1720.2398707866669
402000,0.010517982766032219,3.748274803161621,3.7289302349090576,0.18853366374969482,0.8824000000000001,0.3301997184753418,0.09999999999999998,20000,1725.5401058197021
403000,0.011045128107070923,2.9828970432281494,2.795515537261963,0.2500745356082916,0.8836,0.25888291001319885,0.09999999999999998,20000,1730.4776680469513
404000,0.020670659840106964,3.380704164505005,3.4669699668884277,0.3127918243408203,0.8848,0.3104473352432251,0.09999999999999998,20000,1735.545979976654
405000,0.01630340702831745,3.807219982147217,3.8846559524536133,0.21607181429862976,0.886,0.4456726908683777,0.09999999999999998,20000,1740.0056858062744
406000,0.02067951112985611,3.4130101203918457,3.366403579711914,0.2837129533290863,0.8872,0.43096160888671875,0.09999999999999998,20000,1744.4058129787445
407000,0.012335387989878654,3.7115426063537598,3.655731201171875,0.19468286633491516,0.8884,0.48986032605171204,0.09999999999999998,20000,1748.7891218662262
408000,0.017558826133608818,3.68576979637146,3.5999276638031006,0.2839805483818054,0.8896,0.35166171193122864,0.09999999999999998,20000,1753.291100025177
409000,0.01603172905743122,3.814846992492676,3.771498918533325,0.27877721190452576,0.8908,0.3779841661453247,0.09999999999999998,20000,1758.094272851944
410000,0.01372476201504469,3.4416184425354004,3.4394443035125732,0.22092051804065704,0.8919999999999999,0.4305972456932068,0.09999999999999998,20000,1763.2444489002228
411000,0.05146242678165436,3.480337619781494,3.433649778366089,0.3540087938308716,0.8932,0.5711474418640137,0.09999999999999998,20000,1768.3476629257202
412000,0.01959967613220215,3.3604259490966797,3.315425395965576,0.26500341296195984,0.8944,0.4894346594810486,0.09999999999999998,20000,1773.7244310379028
413000,0.029560644179582596,2.9219768047332764,2.904944896697998,0.33315134048461914,0.8956,0.41881176829338074,0.09999999999999998,20000,1779.0527729988098
414000,0.005736987106502056,3.710207462310791,3.612194061279297,0.18393301963806152,0.8968,0.2959557771682739,0.09999999999999998,20000,1784.0997648239136
415000,0.009434914216399193,3.5390634536743164,3.715209484100342,0.3069928288459778,0.8979999999999999,0.18321067094802856,0.09999999999999998,20000,1789.3311557769775
416000,0.011235897429287434,3.5270020961761475,3.533465623855591,0.2336098551750183,0.8992,0.33637070655822754,0.09999999999999998,20000,1794.9122631549835
417000,0.014044368639588356,3.574408531188965,3.571469306945801,0.21054208278656006,0.9004,0.5361952185630798,0.09999999999999998,20000,1800.0276629924774
418000,0.024436788633465767,3.712589740753174,3.584359645843506,0.27963554859161377,0.9016,0.4390406608581543,0.09999999999999998,20000,1805.1399331092834
419000,0.04320390895009041,3.1148009300231934,3.2094011306762695,0.3764054775238037,0.9027999999999999,0.4992888271808624,0.09999999999999998,20000,1810.403491973877
420000,0.016604239121079445,3.751058340072632,3.7104568481445312,0.24183839559555054,0.904,0.45969223976135254,0.09999999999999998,20000,1815.6218531131744
421000,0.015213504433631897,3.6347408294677734,3.685947895050049,0.22244086861610413,0.9052,0.5377733111381531,0.09999999999999998,20000,1820.5236818790436
422000,0.031585607677698135,3.6606545448303223,3.502225399017334,0.3096383810043335,0.9064,0.4842694401741028,0.09999999999999998,20000,1825.1892960071564
423000,0.014527280814945698,3.9305272102355957,3.8625314235687256,0.25597047805786133,0.9076,0.33899036049842834,0.09999999999999998,20000,1829.7818439006805
424000,0.02098824456334114,3.6906843185424805,3.7520127296447754,0.27577266097068787,0.9087999999999999,0.43266478180885315,0.09999999999999998,20000,1834.485580921173
425000,0.021553318947553635,3.491267204284668,3.539592981338501,0.2811172902584076,0.91,0.480396568775177,0.09999999999999998,20000,1839.273738861084
426000,0.03492358326911926,3.7446744441986084,3.8363289833068848,0.31723037362098694,0.9112,0.4630373418331146,0.09999999999999998,20000,1844.0954039096832
427000,0.011331256479024887,3.497495651245117,3.5793261528015137,0.20087963342666626,0.9124,0.4463046193122864,0.09999999999999998,20000,1849.0778360366821
428000,0.023204894736409187,3.478116273880005,3.4347243309020996,0.21999657154083252,0.9136,0.5573703646659851,0.09999999999999998,20000,1854.299399137497
429000,0.010489906184375286,3.8584070205688477,3.821671962738037,0.19428721070289612,0.9148,0.4288250207901001,0.09999999999999998,20000,1859.534884929657
430000,0.010083388537168503,3.719923973083496,3.6673169136047363,0.22860313951969147,0.916,0.30455148220062256,0.09999999999999998,20000,1864.7269878387451
431000,0.020639358088374138,3.7137961387634277,3.683785915374756,0.3259219825267792,0.9172,0.36100828647613525,0.09999999999999998,20000,1869.772724866867
432000,0.016695864498615265,3.6325135231018066,3.6165080070495605,0.23087219893932343,0.9184,0.49336302280426025,0.09999999999999998,20000,1876.1560020446777
433000,0.005578093230724335,3.896416187286377,3.973114490509033,0.2784997522830963,0.9196,0.13189487159252167,0.09999999999999998,20000,1881.3824727535248
434000,0.012740090489387512,3.569528579711914,3.6262271404266357,0.2701912522315979,0.9208,0.251931369304657,0.09999999999999998,20000,1886.8028860092163
435000,0.01924188807606697,3.422976493835449,3.4330530166625977,0.24599497020244598,0.922,0.4409607946872711,0.09999999999999998,20000,1892.1574499607086
436000,0.042716123163700104,3.5280113220214844,3.703892946243286,0.36203092336654663,0.9232,0.5419217348098755,0.09999999999999998,20000,1897.7198860645294
437000,0.004441258497536182,3.768828868865967,3.7277231216430664,0.19342049956321716,0.9244,0.22429293394088745,0.09999999999999998,20000,1902.875475883484
438000,0.005854692310094833,3.7523179054260254,3.7718567848205566,0.14363056421279907,0.9256,0.39616918563842773,0.09999999999999998,20000,1908.0908560752869
439000,0.010073620826005936,3.481729507446289,3.4367663860321045,0.21148334443569183,0.9268,0.32628333568573,0.09999999999999998,20000,1912.6102969646454
440000,0.008607426658272743,3.606232166290283,3.5336101055145264,0.2607596814632416,0.928,0.2259962260723114,0.09999999999999998,20000,1917.0117018222809
441000,0.011033951304852962,3.929821729660034,3.9803590774536133,0.2827134132385254,0.9292,0.18869704008102417,0.09999999999999998,20000,1921.4696259498596
442000,0.005864344537258148,3.633847713470459,3.6601719856262207,0.20432330667972565,0.9304,0.2453579604625702,0.09999999999999998,20000,1926.037400007248
443000,0.012799108400940895,3.209794044494629,3.3163111209869385,0.23375074565410614,0.9316,0.32283085584640503,0.09999999999999998,20000,1930.8953969478607
444000,0.02007310837507248,3.4984753131866455,3.417686939239502,0.23378399014472961,0.9328,0.4825410842895508,0.09999999999999998,20000,1935.8218369483948
445000,0.012203264981508255,4.012407302856445,4.112923622131348,0.28301703929901123,0.934,0.2401842474937439,0.09999999999999998,20000,1940.6357080936432
446000,0.012032571248710155,3.583559274673462,3.7047979831695557,0.30857065320014954,0.9352,0.2040289044380188,0.09999999999999998,20000,1945.935012102127
447000,0.04727805405855179,3.3922410011291504,3.383025646209717,0.39658084511756897,0.9364,0.5118478536605835,0.09999999999999998,20000,1951.120040178299
448000,0.011066981591284275,3.653719663619995,3.6606075763702393,0.2049354612827301,0.9376,0.3922829031944275,0.09999999999999998,20000,1956.333928823471
449000,0.025524616241455078,3.818410873413086,3.9582839012145996,0.29867076873779297,0.9388,0.416545569896698,0.09999999999999998,20000,1961.323742866516
450000,0.008415233343839645,3.89512038230896,3.7906441688537598,0.20953485369682312,0.9400000000000001,0.34609052538871765,0.09999999999999998,20000,1966.190691947937
451000,0.006090095266699791,4.010899543762207,3.9860212802886963,0.19167542457580566,0.9412,0.2840784788131714,0.09999999999999998,20000,1976.0863280296326
452000,0.015243985690176487,3.4588069915771484,3.5494723320007324,0.24259445071220398,0.9424,0.40509843826293945,0.09999999999999998,20000,1980.5815379619598
453000,0.032341524958610535,3.282268524169922,3.3927724361419678,0.30928197503089905,0.9436,0.5646096467971802,0.09999999999999998,20000,1985.4889488220215
454000,0.01157592236995697,3.62174654006958,3.5711662769317627,0.2890976071357727,0.9448,0.2799895405769348,0.09999999999999998,20000,1990.1045317649841
455000,0.0047773453406989574,3.6593739986419678,3.633110761642456,0.22879457473754883,0.9460000000000001,0.17381051182746887,0.09999999999999998,20000,1994.5292708873749
456000,0.02172531560063362,3.8215322494506836,3.9028358459472656,0.265554815530777,0.9472,0.46559202671051025,0.09999999999999998,20000,1998.8901410102844
457000,0.010282750241458416,3.58504056930542,3.5221757888793945,0.2122211754322052,0.9484,0.36091548204421997,0.09999999999999998,20000,2003.2960460186005
458000,0.014910800382494926,3.768435001373291,3.6947808265686035,0.2211669385433197,0.9496,0.41435506939888,0.09999999999999998,20000,2007.848466873169
459000,0.020551174879074097,3.698002338409424,3.6544666290283203,0.3436451852321625,0.9508,0.31561172008514404,0.09999999999999998,20000,2013.2352838516235
460000,0.016411425545811653,3.8749780654907227,4.136702537536621,0.32825547456741333,0.9520000000000001,0.25799405574798584,0.09999999999999998,20000,2018.2139329910278
461000,0.013812823221087456,3.618077039718628,3.586254596710205,0.19540414214134216,0.9532,0.5321459174156189,0.09999999999999998,20000,2023.0415270328522
462000,0.024219250306487083,3.4785990715026855,3.3527870178222656,0.27179691195487976,0.9544,0.4976615011692047,0.09999999999999998,20000,2027.965136051178
463000,0.006531567312777042,4.229231357574463,4.243456840515137,0.20972923934459686,0.9556,0.25687718391418457,0.09999999999999998,20000,2032.9881930351257
464000,0.022310197353363037,3.768547534942627,3.826727867126465,0.27474910020828247,0.9568,0.45235294103622437,0.09999999999999998,20000,2038.0701549053192
465000,0.01559378020465374,3.693319320678711,3.7693896293640137,0.2685163617134094,0.9580000000000001,0.35654547810554504,0.09999999999999998,20000,2042.999820947647
466000,0.01821271702647209,4.212970733642578,4.119272232055664,0.26073071360588074,0.9592,0.40672603249549866,0.09999999999999998,20000,2048.0768489837646
467000,0.013993410393595695,3.532303810119629,3.694901943206787,0.2634166479110718,0.9604,0.2768470346927643,0.09999999999999998,20000,2053.003236055374
468000,0.01381941232830286,3.9681570529937744,3.9737863540649414,0.24575690925121307,0.9616,0.40031251311302185,0.09999999999999998,20000,2058.275235891342
469000,0.007686327211558819,3.7180142402648926,3.690584182739258,0.16290469467639923,0.9628,0.43441376090049744,0.09999999999999998,20000,2063.1038570404053
470000,0.017799939960241318,3.961514949798584,4.118711471557617,0.2903767228126526,0.964,0.3461518883705139,0.09999999999999998,20000,2067.9599997997284
471000,0.009691852144896984,4.073572635650635,4.029015064239502,0.18214823305606842,0.9652,0.47320878505706787,0.09999999999999998,20000,2072.398097038269
472000,0.012044725939631462,3.4573237895965576,3.583578586578369,0.3191453814506531,0.9663999999999999,0.21607749164104462,0.09999999999999998,20000,2076.876399040222
473000,0.012509080581367016,3.8000121116638184,3.708988666534424,0.24406710267066956,0.9676,0.3175336718559265,0.09999999999999998,20000,2081.520052909851
474000,0.01983657293021679,3.5701842308044434,3.6146883964538574,0.327933132648468,0.9688,0.3526846170425415,0.09999999999999998,20000,2085.9310250282288
475000,0.019978046417236328,3.9564402103424072,3.976224660873413,0.26563215255737305,0.97,0.49132439494132996,0.09999999999999998,20000,2090.8383038043976
476000,0.02099328301846981,3.967679977416992,3.870227813720703,0.24804267287254333,0.9712,0.4661105275154114,0.09999999999999998,20000,2095.723629951477
477000,0.022044792771339417,3.9005355834960938,3.876880645751953,0.29249802231788635,0.9723999999999999,0.3814453184604645,0.09999999999999998,20000,2100.8666667938232
478000,0.003659867914393544,3.867399215698242,3.889519691467285,0.23986627161502838,0.9736,0.11940889805555344,0.09999999999999998,20000,2105.7481780052185
479000,0.017159562557935715,3.5807313919067383,3.6139745712280273,0.2723996639251709,0.9748,0.36050981283187866,0.09999999999999998,20000,2110.9689807891846
480000,0.016063151881098747,4.0027594566345215,3.9454052448272705,0.2375219464302063,0.976,0.43474194407463074,0.09999999999999998,20000,2116.146542072296
481000,0.018055502325296402,3.949601888656616,3.9805169105529785,0.3477281928062439,0.9772,0.2612304091453552,0.09999999999999998,20000,2121.17387008667
482000,0.012815551832318306,3.877000570297241,3.8025455474853516,0.205362468957901,0.9783999999999999,0.3775179982185364,0.09999999999999998,20000,2125.726166009903
483000,0.01561028603464365,3.6917495727539062,3.776627540588379,0.25161120295524597,0.9796,0.4196903109550476,0.09999999999999998,20000,2130.3680181503296
484000,0.013888735324144363,3.9779579639434814,4.006844997406006,0.21406331658363342,0.9808,0.4734712243080139,0.09999999999999998,20000,2135.152694940567
485000,0.012924211099743843,3.974921703338623,4.1482391357421875,0.25454989075660706,0.982,0.3465152978897095,0.09999999999999998,20000,2139.9629878997803
486000,0.016815414652228355,3.802218198776245,3.7543864250183105,0.25871706008911133,0.9832,0.433172345161438,0.09999999999999998,20000,2144.435933828354
487000,0.013606572523713112,3.648158550262451,3.6681108474731445,0.24428623914718628,0.9843999999999999,0.3610062897205353,0.09999999999999998,20000,2149.063743829727
488000,0.01645481213927269,3.3913917541503906,3.378462791442871,0.23926115036010742,0.9856,0.43203264474868774,0.09999999999999998,20000,2153.2864379882812
489000,0.009838206693530083,3.9139816761016846,3.8621013164520264,0.1736299842596054,0.9868,0.5445666313171387,0.09999999999999998,20000,2157.560378074646
490000,0.02654794603586197,3.825881242752075,3.8852195739746094,0.2671913504600525,0.988,0.49451392889022827,0.09999999999999998,20000,2161.9050858020782
491000,0.0067521436139941216,3.9634532928466797,3.858053684234619,0.23836760222911835,0.9892,0.1984996795654297,0.09999999999999998,20000,2166.2520999908447
492000,0.026564572006464005,4.044361591339111,4.15647029876709,0.28566214442253113,0.9904,0.4733733534812927,0.09999999999999998,20000,2170.7927210330963
493000,0.00858069397509098,4.474233150482178,4.526633262634277,0.2453179955482483,0.9916,0.2438890039920807,0.09999999999999998,20000,2175.565043926239
494000,0.012089094147086143,4.189929962158203,4.22593879699707,0.2248411327600479,0.9928,0.40621915459632874,0.09999999999999998,20000,2180.208553791046
495000,0.03391075134277344,3.9871087074279785,3.8776192665100098,0.3769455552101135,0.994,0.40448763966560364,0.09999999999999998,20000,2184.874722957611
496000,0.007363485638052225,4.002804756164551,4.017519950866699,0.22381740808486938,0.9952,0.3137821853160858,0.09999999999999998,20000,2189.268919944763
497000,0.005977305117994547,4.142472743988037,4.163910865783691,0.17258724570274353,0.9964,0.26511624455451965,0.09999999999999998,20000,2194.00067281723
498000,0.016338421031832695,4.221603870391846,4.228057861328125,0.2795782685279846,0.9976,0.37502846121788025,0.09999999999999998,20000,2198.418668985367
499000,0.012692593038082123,3.9728357791900635,3.94332218170166,0.2116636484861374,0.9988,0.44249773025512695,0.09999999999999998,20000,2203.0354239940643
500000,0.007462749257683754,3.9810233116149902,3.992842674255371,0.21927295625209808,1.0,0.3062569797039032,0.09999999999999998,20000,2207.6783668994904
501000,0.016466794535517693,3.757438898086548,3.777756690979004,0.2845185697078705,1.0,0.30759501457214355,0.09999999999999998,20000,2218.053144931793
502000,0.014392459765076637,4.180891990661621,4.135919570922852,0.2355261892080307,1.0,0.458540678024292,0.09999999999999998,20000,2222.382688999176
503000,0.006005799397826195,4.382884979248047,4.34765625,0.18492813408374786,1.0,0.2691175043582916,0.09999999999999998,20000,2226.6877920627594
504000,0.04316868633031845,3.66928768157959,3.6394271850585938,0.3624480962753296,1.0,0.4951951503753662,0.09999999999999998,20000,2230.9755499362946
505000,0.029104705899953842,4.391601085662842,4.347692012786865,0.30472511053085327,1.0,0.5055872201919556,0.09999999999999998,20000,2235.299689769745
506000,0.010987900197505951,4.239230155944824,4.266992568969727,0.2031024992465973,1.0,0.2541951537132263,0.09999999999999998,20000,2239.5396530628204
507000,0.02086298167705536,3.9215240478515625,3.694932460784912,0.31145280599594116,1.0,0.3636797070503235,0.09999999999999998,20000,2243.8129670619965
508000,0.006989067420363426,3.9710679054260254,3.988137722015381,0.19145944714546204,1.0,0.36016708612442017,0.09999999999999998,20000,2248.3902640342712
509000,0.020810704678297043,4.210379123687744,4.136084079742432,0.324529767036438,1.0,0.30112379789352417,0.09999999999999998,20000,2252.913424015045
510000,0.011023024097084999,3.856775999069214,3.8148584365844727,0.21587595343589783,1.0,0.3233001232147217,0.09999999999999998,20000,2257.5926299095154
511000,0.016624365001916885,4.073566436767578,4.137232780456543,0.34835124015808105,1.0,0.28449687361717224,0.09999999999999998,20000,2262.3473570346832
512000,0.01833178475499153,3.585914134979248,3.5991716384887695,0.33411839604377747,1.0,0.2679603397846222,0.09999999999999998,20000,2266.9933280944824
513000,0.014055470936000347,3.9930105209350586,3.983358860015869,0.22585546970367432,1.0,0.4369829297065735,0.09999999999999998,20000,2271.7232768535614
514000,0.007012506015598774,4.09027099609375,3.9894585609436035,0.21957382559776306,1.0,0.22906197607517242,0.09999999999999998,20000,2276.3035061359406
515000,0.009128599427640438,4.197640419006348,4.214690685272217,0.21251654624938965,1.0,0.3348161578178406,0.09999999999999998,20000,2280.9749040603638
516000,0.03195140138268471,3.8760993480682373,3.7700018882751465,0.33307015895843506,1.0,0.5336959958076477,0.09999999999999998,20000,2285.790929079056
517000,0.01584511622786522,3.9377970695495605,3.9265565872192383,0.2382887601852417,1.0,0.4388599395751953,0.09999999999999998,20000,2290.3857469558716
518000,0.014492787420749664,4.121180534362793,4.161231994628906,0.23020145297050476,1.0,0.4448537528514862,0.09999999999999998,20000,2294.994964838028
519000,0.0125513207167387,3.8981552124023438,3.8040027618408203,0.20445343852043152,1.0,0.4868811368942261,0.09999999999999998,20000,2299.5291550159454
520000,0.011644973419606686,4.070757865905762,3.9106180667877197,0.2841070294380188,1.0,0.267342746257782,0.09999999999999998,20000,2304.0418798923492
521000,0.017083313316106796,3.7708511352539062,3.7071642875671387,0.2682338058948517,1.0,0.42914628982543945,0.09999999999999998,20000,2308.3124561309814
522000,0.01094881258904934,4.3361101150512695,4.444027900695801,0.23337256908416748,1.0,0.3206644654273987,0.09999999999999998,20000,2312.640547990799
523000,0.006019044667482376,4.338834762573242,4.411803245544434,0.17703133821487427,1.0,0.27116334438323975,0.09999999999999998,20000,2317.060455083847
524000,0.020696967840194702,3.982999801635742,4.034557342529297,0.2679590880870819,1.0,0.47245845198631287,0.09999999999999998,20000,2321.3524289131165
525000,0.010737630538642406,4.009008407592773,3.9520153999328613,0.2056736946105957,1.0,0.35076189041137695,0.09999999999999998,20000,2326.225042819977
526000,0.0027957172133028507,4.083644390106201,4.111576080322266,0.1586766541004181,1.0,0.233158677816391,0.09999999999999998,20000,2330.7209141254425
527000,0.00731948297470808,4.008565425872803,4.088263511657715,0.24694372713565826,1.0,0.22939687967300415,0.09999999999999998,20000,2335.28742480278
528000,0.013619756326079369,4.114041328430176,3.9373104572296143,0.30842721462249756,1.0,0.27001941204071045,0.09999999999999998,20000,2339.7960407733917
529000,0.012252280488610268,4.303386688232422,4.239310264587402,0.22242581844329834,1.0,0.3627980351448059,0.09999999999999998,20000,2344.683133840561
530000,0.016753457486629486,4.265295505523682,4.199487686157227,0.25541460514068604,1.0,0.43101966381073,0.09999999999999998,20000,2349.170525074005
531000,0.01078416034579277,4.239074230194092,4.223165988922119,0.2106289267539978,1.0,0.37779515981674194,0.09999999999999998,20000,2353.943911075592
532000,0.008819296956062317,4.168890953063965,4.1978840827941895,0.2563660740852356,1.0,0.23455214500427246,0.09999999999999998,20000,2358.504299879074
533000,0.011471262201666832,4.011112213134766,3.9545812606811523,0.19506925344467163,1.0,0.46771156787872314,0.09999999999999998,20000,2363.1452021598816
534000,0.006932626478374004,4.22538948059082,4.123032093048096,0.21820634603500366,1.0,0.25405043363571167,0.09999999999999998,20000,2367.7917749881744
535000,0.03546367958188057,3.9159035682678223,3.8885960578918457,0.32089895009994507,1.0,0.5309704542160034,0.09999999999999998,20000,2372.4891078472137
536000,0.0056878263130784035,4.434460639953613,4.4677605628967285,0.16782216727733612,1.0,0.23634281754493713,0.09999999999999998,20000,2377.4534571170807
537000,0.05288497358560562,4.0435028076171875,3.94669771194458,0.4052093029022217,1.0,0.559350311756134,0.09999999999999998,20000,2382.0008239746094
538000,0.00761512853205204,4.491405010223389,4.474992752075195,0.22688275575637817,1.0,0.2531557083129883,0.09999999999999998,20000,2386.4595160484314
539000,0.01095709390938282,4.223794460296631,4.1860761642456055,0.2529338002204895,1.0,0.3273501396179199,0.09999999999999998,20000,2390.7323591709137
540000,0.03773314878344536,4.03317928314209,3.860104560852051,0.38063108921051025,1.0,0.4216929078102112,0.09999999999999998,20000,2394.987946987152
541000,0.015005946159362793,3.9942989349365234,3.8430399894714355,0.2780618667602539,1.0,0.28609248995780945,0.09999999999999998,20000,2399.407049894333
542000,0.008402468636631966,4.13026762008667,4.124995708465576,0.21510794758796692,1.0,0.3420368432998657,0.09999999999999998,20000,2404.0367908477783
543000,0.015811864286661148,3.835380792617798,3.9685819149017334,0.22453877329826355,1.0,0.4983323812484741,0.09999999999999998,20000,2408.593710899353
544000,0.01377171277999878,3.982008934020996,3.93300461769104,0.22714242339134216,1.0,0.4646841287612915,0.09999999999999998,20000,2413.376291036606
545000,0.014673620462417603,4.160630226135254,4.19616174697876,0.30022042989730835,1.0,0.25939446687698364,0.09999999999999998,20000,2418.040148973465
546000,0.027410000562667847,4.314456939697266,4.452675819396973,0.30039066076278687,1.0,0.4397534132003784,0.09999999999999998,20000,2422.7879889011383
547000,0.010239174589514732,3.9940757751464844,4.030847072601318,0.1975603699684143,1.0,0.4027332663536072,0.09999999999999998,20000,2427.476721048355
548000,0.013216652907431126,4.120603561401367,4.213974475860596,0.22986778616905212,1.0,0.37388700246810913,0.09999999999999998,20000,2432.621491909027
549000,0.0165586955845356,4.29368782043457,4.255763053894043,0.2737269103527069,1.0,0.3729116916656494,0.09999999999999998,20000,2437.536195039749
550000,0.01927849091589451,4.271187782287598,4.195043563842773,0.25165387988090515,1.0,0.4459419250488281,0.09999999999999998,20000,2442.1070799827576
551000,0.014074387028813362,3.8505029678344727,3.8936538696289062,0.23095403611660004,1.0,0.3613542318344116,0.09999999999999998,20000,2453.275464773178
552000,0.02073054015636444,3.925536870956421,3.77354097366333,0.3257152736186981,1.0,0.36465683579444885,0.09999999999999998,20000,2457.688591003418
553000,0.005038417875766754,4.025524139404297,4.062276840209961,0.22968967258930206,1.0,0.154075026512146,0.09999999999999998,20000,2462.5407180786133
554000,0.004289898090064526,4.4785614013671875,4.535093307495117,0.1553088128566742,1.0,0.21507960557937622,0.09999999999999998,20000,2467.109627008438
555000,0.011165288276970387,4.388962745666504,4.233952522277832,0.204607754945755,1.0,0.4315599501132965,0.09999999999999998,20000,2472.1668400764465
556000,0.005593238398432732,4.137931823730469,4.142982482910156,0.14984063804149628,1.0,0.44429290294647217,0.09999999999999998,20000,2476.6222410202026
557000,0.015152708627283573,4.159455299377441,4.153680801391602,0.2732126712799072,1.0,0.34688347578048706,0.09999999999999998,20000,2480.912565946579
558000,0.015982281416654587,3.9936602115631104,3.962156057357788,0.29827624559402466,1.0,0.3285176157951355,0.09999999999999998,20000,2485.720458984375
559000,0.008895916864275932,4.067113876342773,3.990100145339966,0.1927087903022766,1.0,0.3323594629764557,0.09999999999999998,20000,2490.2161660194397
560000,0.009571084752678871,4.35325813293457,4.312529563903809,0.21877630054950714,1.0,0.34606170654296875,0.09999999999999998,20000,2494.9176490306854
561000,0.015374155715107918,4.096202373504639,4.186257362365723,0.26132434606552124,1.0,0.3732594847679138,0.09999999999999998,20000,2499.8994669914246
562000,0.02167639136314392,3.5297112464904785,3.4164304733276367,0.37825247645378113,1.0,0.31889334321022034,0.09999999999999998,20000,2504.5051889419556
563000,0.015042505227029324,4.249784469604492,4.258864402770996,0.2091243714094162,1.0,0.5204929113388062,0.09999999999999998,20000,2509.3531818389893
564000,0.022389110177755356,4.023767948150635,4.0900797843933105,0.29037216305732727,1.0,0.46599170565605164,0.09999999999999998,20000,2513.9483959674835
565000,0.007800077088177204,3.9021129608154297,3.8593382835388184,0.17756745219230652,1.0,0.4216359257698059,0.09999999999999998,20000,2518.6798691749573
566000,0.01586890034377575,3.6554677486419678,3.691281318664551,0.24511277675628662,1.0,0.4094070494174957,0.09999999999999998,20000,2523.1261310577393
567000,0.0067439572885632515,4.050579071044922,4.154278755187988,0.21894091367721558,1.0,0.232903853058815,0.09999999999999998,20000,2527.8570930957794
568000,0.009358273819088936,4.273265838623047,4.284609794616699,0.215031698346138,1.0,0.35380589962005615,0.09999999999999998,20000,2532.480404853821
569000,0.011776812374591827,4.1884846687316895,4.176492214202881,0.2702029347419739,1.0,0.25710609555244446,0.09999999999999998,20000,2537.202386856079
570000,0.009902813471853733,4.6595988273620605,4.611213207244873,0.21801680326461792,1.0,0.3552011251449585,0.09999999999999998,20000,2541.8579869270325
571000,0.013671621680259705,4.178865432739258,4.413062572479248,0.3328869342803955,1.0,0.23760735988616943,0.09999999999999998,20000,2546.4671120643616
572000,0.018608707934617996,4.372337341308594,4.379331588745117,0.2638516426086426,1.0,0.4254373013973236,0.09999999999999998,20000,2550.8860359191895
573000,0.013057097792625427,4.561805725097656,4.544560432434082,0.22409750521183014,1.0,0.42227721214294434,0.09999999999999998,20000,2555.2350759506226
574000,0.005031964275985956,4.626882553100586,4.547429084777832,0.21106284856796265,1.0,0.2242622673511505,0.09999999999999998,20000,2559.631837129593
575000,0.010166584514081478,4.471097946166992,4.566027641296387,0.20513856410980225,1.0,0.36460259556770325,0.09999999999999998,20000,2564.4211938381195
576000,0.003482385538518429,4.2896318435668945,4.3191423416137695,0.15853171050548553,1.0,0.20884543657302856,0.09999999999999998,20000,2568.9761300086975
577000,0.005020974203944206,4.048320770263672,4.0385355949401855,0.17618809640407562,1.0,0.3262467086315155,0.09999999999999998,20000,2573.56561088562
578000,0.005608637351542711,4.225368022918701,4.259992599487305,0.22368620336055756,1.0,0.22195380926132202,0.09999999999999998,20000,2578.1243839263916
579000,0.023202212527394295,3.9211697578430176,3.8724842071533203,0.2355126142501831,1.0,0.6071298122406006,0.09999999999999998,20000,2582.774724006653
580000,0.009608776308596134,4.648068428039551,4.676978588104248,0.2218882441520691,1.0,0.3199082314968109,0.09999999999999998,20000,2587.3940579891205
581000,0.009952977299690247,4.269565105438232,4.288393974304199,0.19498148560523987,1.0,0.36770614981651306,0.09999999999999998,20000,2592.081221103668
582000,0.009537783451378345,3.957589626312256,3.9821062088012695,0.1997787356376648,1.0,0.3979026675224304,0.09999999999999998,20000,2596.8571178913116
583000,0.04328741878271103,4.654641628265381,4.881478309631348,0.3413016200065613,1.0,0.48060131072998047,0.09999999999999998,20000,2601.5868048667908
584000,0.028595229610800743,4.4114885330200195,4.209888458251953,0.33116888999938965,1.0,0.4617469310760498,0.09999999999999998,20000,2606.254707813263
585000,0.015107658691704273,4.270022392272949,4.2315473556518555,0.28542453050613403,1.0,0.2948525547981262,0.09999999999999998,20000,2610.777473926544
586000,0.01672584004700184,4.2691473960876465,4.272846221923828,0.2437160313129425,1.0,0.49862706661224365,0.09999999999999998,20000,2615.3841898441315
587000,0.005672044586390257,4.1307373046875,4.086845874786377,0.20648857951164246,1.0,0.22263987362384796,0.09999999999999998,20000,2620.0057787895203
588000,0.017310813069343567,4.412027359008789,4.401242256164551,0.2747775614261627,1.0,0.3880086839199066,0.09999999999999998,20000,2624.472469806671
589000,0.0057562123984098434,4.161525726318359,4.2437896728515625,0.22175055742263794,1.0,0.17249897122383118,0.09999999999999998,20000,2628.870302915573
590000,0.015818478539586067,4.189730644226074,4.110776901245117,0.2973862886428833,1.0,0.355820894241333,0.09999999999999998,20000,2633.159891843796
591000,0.012640826404094696,4.437365531921387,4.446533203125,0.28455087542533875,1.0,0.2735307812690735,0.09999999999999998,20000,2637.4847128391266
592000,0.013265935704112053,4.540143966674805,4.408376693725586,0.23574677109718323,1.0,0.3646131157875061,0.09999999999999998,20000,2642.1691319942474
593000,0.007344688288867474,4.762393474578857,4.710780143737793,0.14306145906448364,1.0,0.522667407989502,0.09999999999999998,20000,2647.1033980846405
594000,0.03337481990456581,4.161553382873535,4.113502502441406,0.3764812648296356,1.0,0.3993634581565857,0.09999999999999998,20000,2651.7304129600525
595000,0.010148277506232262,3.924015522003174,3.864356756210327,0.32100629806518555,1.0,0.18042302131652832,0.09999999999999998,20000,2656.453076839447
596000,0.010230974294245243,4.199329853057861,4.144111633300781,0.23164883255958557,1.0,0.2878684401512146,0.09999999999999998,20000,2661.1215658187866
597000,0.009851997718214989,4.4449920654296875,4.436039447784424,0.20081335306167603,1.0,0.39094680547714233,0.09999999999999998,20000,2665.9662120342255
598000,0.006307872012257576,4.0665435791015625,4.074737548828125,0.15643146634101868,1.0,0.3060206174850464,0.09999999999999998,20000,2670.6696269512177
599000,0.010692569427192211,4.5866193771362305,4.496030807495117,0.2117675244808197,1.0,0.4325753152370453,0.09999999999999998,20000,2675.5666620731354
600000,0.015046359971165657,4.474061489105225,4.468523025512695,0.21402063965797424,1.0,0.48213958740234375,0.09999999999999998,20000,2680.2163910865784
601000,0.01862594485282898,4.64008903503418,4.603257656097412,0.257286936044693,1.0,0.4384905695915222,0.09999999999999998,20000,2693.1033680438995
602000,0.01939772441983223,4.260506629943848,4.1659255027771,0.25235864520072937,1.0,0.455926775932312,0.09999999999999998,20000,2697.4774289131165
603000,0.016874512657523155,4.604938507080078,4.5887041091918945,0.2660665214061737,1.0,0.3940322995185852,0.09999999999999998,20000,2701.802862882614
604000,0.015011207200586796,4.446242332458496,4.391233444213867,0.2715786099433899,1.0,0.37933361530303955,0.09999999999999998,20000,2706.1762268543243
605000,0.013616925105452538,4.353175163269043,4.3473944664001465,0.29200422763824463,1.0,0.30213463306427,0.09999999999999998,20000,2710.5141978263855
606000,0.006835049018263817,4.748263835906982,4.707786560058594,0.19548261165618896,1.0,0.3309205174446106,0.09999999999999998,20000,2714.833877801895
607000,0.009738916531205177,4.436466693878174,4.347780704498291,0.3683267831802368,1.0,0.1634451299905777,0.09999999999999998,20000,2719.3120198249817
608000,0.009458452463150024,4.237848281860352,4.1854567527771,0.19388994574546814,1.0,0.36947083473205566,0.09999999999999998,20000,2724.0925710201263
609000,0.0072242338210344315,4.650856971740723,4.627754211425781,0.17909188568592072,1.0,0.36601337790489197,0.09999999999999998,20000,2728.638288974762
610000,0.012421436607837677,4.4320855140686035,4.45304012298584,0.2657684087753296,1.0,0.3190634846687317,0.09999999999999998,20000,2733.48109292984
611000,0.008968478068709373,4.222762107849121,4.230185031890869,0.21355444192886353,1.0,0.2485348880290985,0.09999999999999998,20000,2738.2600469589233
612000,0.00398588553071022,4.280410289764404,4.198176383972168,0.21150445938110352,1.0,0.1782739758491516,0.09999999999999998,20000,2743.176582098007
613000,0.015009990893304348,3.853847026824951,3.85306453704834,0.23962685465812683,1.0,0.414705365896225,0.09999999999999998,20000,2748.2273898124695
614000,0.024422746151685715,4.244558334350586,4.270750045776367,0.28241413831710815,1.0,0.4714231491088867,0.09999999999999998,20000,2753.4491901397705
615000,0.045582205057144165,3.91487455368042,3.7027883529663086,0.37854355573654175,1.0,0.5509244203567505,0.09999999999999998,20000,2758.2359709739685
616000,0.00371857569552958,4.559669017791748,4.598973274230957,0.2110615372657776,1.0,0.14737413823604584,0.09999999999999998,20000,2763.042503118515
617000,0.007305682636797428,4.549769401550293,4.538776397705078,0.18408635258674622,1.0,0.29904672503471375,0.09999999999999998,20000,2768.059723854065
618000,0.014867599122226238,4.610012054443359,4.567578315734863,0.2743469476699829,1.0,0.3259943127632141,0.09999999999999998,20000,2773.059046983719
619000,0.00876675359904766,4.114386558532715,4.086932182312012,0.23301547765731812,1.0,0.24336956441402435,0.09999999999999998,20000,2777.8885831832886
620000,0.013101182878017426,4.59462833404541,4.685337066650391,0.2627864181995392,1.0,0.3047526478767395,0.09999999999999998,20000,2782.472113132477
621000,0.013066183775663376,4.752423286437988,4.725065231323242,0.21484851837158203,1.0,0.407372385263443,0.09999999999999998,20000,2786.842586994171
622000,0.0220665093511343,4.196011543273926,4.144508361816406,0.3058786988258362,1.0,0.4123815894126892,0.09999999999999998,20000,2791.1264097690582
623000,0.012029514648020267,4.306069850921631,4.164062023162842,0.26636484265327454,1.0,0.3026309013366699,0.09999999999999998,20000,2795.4510860443115
624000,0.013070255517959595,4.348026275634766,4.406709671020508,0.23935818672180176,1.0,0.3365147113800049,0.09999999999999998,20000,2799.9537749290466
625000,0.014665520749986172,4.700129508972168,4.807126998901367,0.3281630575656891,1.0,0.26129043102264404,0.09999999999999998,20000,2804.703498840332
626000,0.024810686707496643,4.237937927246094,4.162548542022705,0.27177152037620544,1.0,0.5470291376113892,0.09999999999999998,20000,2809.2922117710114
627000,0.021272726356983185,4.140699863433838,3.93929386138916,0.38275793194770813,1.0,0.32431042194366455,0.09999999999999998,20000,2814.155245065689
628000,0.013371942564845085,4.4385175704956055,4.443965911865234,0.2454579770565033,1.0,0.3922804594039917,0.09999999999999998,20000,2818.905702114105
629000,0.01691242679953575,4.687956809997559,4.769517421722412,0.23860681056976318,1.0,0.46053338050842285,0.09999999999999998,20000,2823.5926809310913
630000,0.005216762889176607,4.473473072052002,4.4670867919921875,0.17415308952331543,1.0,0.29446136951446533,0.09999999999999998,20000,2828.414230823517
631000,0.005584335885941982,4.801647186279297,4.7908244132995605,0.17225399613380432,1.0,0.3101680278778076,0.09999999999999998,20000,2833.2686059474945
632000,0.01936802640557289,4.77717399597168,4.752898216247559,0.31652146577835083,1.0,0.3158932328224182,0.09999999999999998,20000,2837.9471230506897
633000,0.014602886512875557,4.091045379638672,4.065692901611328,0.41048741340637207,1.0,0.17383769154548645,0.09999999999999998,20000,2842.4911410808563
634000,0.020528733730316162,4.635797023773193,4.629388809204102,0.2859853208065033,1.0,0.44399964809417725,0.09999999999999998,20000,2847.1818919181824
635000,0.008437041193246841,4.410937309265137,4.546804428100586,0.2424532026052475,1.0,0.2820604145526886,0.09999999999999998,20000,2852.325220108032
636000,0.011848552152514458,5.009857177734375,4.984040260314941,0.22172211110591888,1.0,0.33637967705726624,0.09999999999999998,20000,2857.4501638412476
637000,0.011028241366147995,4.287010669708252,4.28817892074585,0.257587194442749,1.0,0.28352120518684387,0.09999999999999998,20000,2861.8761451244354
638000,0.014218284748494625,4.071902275085449,3.917593479156494,0.27298837900161743,1.0,0.3298884928226471,0.09999999999999998,20000,2866.2490270137787
639000,0.026030581444501877,5.030836582183838,4.995856285095215,0.31435713171958923,1.0,0.43130922317504883,0.09999999999999998,20000,2870.5551249980927
640000,0.02829093486070633,5.006494045257568,4.995009422302246,0.27715447545051575,1.0,0.5612008571624756,0.09999999999999998,20000,2874.9166808128357
641000,0.015199130401015282,4.898629188537598,5.032501220703125,0.2669598460197449,1.0,0.34986555576324463,0.09999999999999998,20000,2879.5295779705048
642000,0.011589635163545609,4.44636869430542,4.324954509735107,0.24528712034225464,1.0,0.29378604888916016,0.09999999999999998,20000,2883.9823179244995
643000,0.015547811053693295,4.433722496032715,4.60594367980957,0.2838458716869354,1.0,0.32803159952163696,0.09999999999999998,20000,2888.547014951706
644000,0.009387671947479248,4.834837913513184,4.7913312911987305,0.2475922554731369,1.0,0.3500118553638458,0.09999999999999998,20000,2893.221181154251
645000,0.017715778201818466,4.48262882232666,4.482411861419678,0.24145296216011047,1.0,0.5188761353492737,0.09999999999999998,20000,2897.8588240146637
646000,0.008203565143048763,5.064075469970703,5.062653541564941,0.17542032897472382,1.0,0.3975111246109009,0.09999999999999998,20000,2902.380479812622
647000,0.029099468141794205,4.467720985412598,4.536409854888916,0.3829994201660156,1.0,0.37545064091682434,0.09999999999999998,20000,2907.125352859497
648000,0.015320412814617157,4.541583061218262,4.4991865158081055,0.2651822865009308,1.0,0.36729782819747925,0.09999999999999998,20000,2911.8965859413147
649000,0.0050057233311235905,4.717041015625,4.739206314086914,0.20974650979042053,1.0,0.19687965512275696,0.09999999999999998,20000,2916.8780698776245
650000,0.01858474686741829,4.5953779220581055,4.585319519042969,0.22783780097961426,1.0,0.6273529529571533,0.09999999999999998,20000,2921.9115948677063
651000,0.02722751908004284,4.59562873840332,4.6026153564453125,0.3949628472328186,1.0,0.34537607431411743,0.09999999999999998,20000,2934.458709001541
652000,0.009928216226398945,4.795778274536133,4.769014358520508,0.2865326404571533,1.0,0.1916707158088684,0.09999999999999998,20000,2939.0123031139374
653000,0.025604281574487686,4.79256534576416,5.002338409423828,0.2873363494873047,1.0,0.44210177659988403,0.09999999999999998,20000,2943.727499961853
654000,0.017996426671743393,5.115539073944092,5.056694984436035,0.22849729657173157,1.0,0.5290411710739136,0.09999999999999998,20000,2948.677099943161
655000,0.013526356779038906,4.726984024047852,4.877499580383301,0.26655787229537964,1.0,0.27638375759124756,0.09999999999999998,20000,2953.2555491924286
656000,0.007139962166547775,4.421581268310547,4.440980434417725,0.19026166200637817,1.0,0.3243550658226013,0.09999999999999998,20000,2957.9380679130554
657000,0.01458892971277237,4.326257705688477,4.321065902709961,0.2717553973197937,1.0,0.3960167169570923,0.09999999999999998,20000,2962.3198750019073
658000,0.014189926907420158,4.439056873321533,4.5064897537231445,0.23233568668365479,1.0,0.4739874005317688,0.09999999999999998,20000,2967.1712369918823
659000,0.01211601309478283,4.43290901184082,4.345565319061279,0.309515118598938,1.0,0.20797201991081238,0.09999999999999998,20000,2971.831841945648
660000,0.013085879385471344,4.661921501159668,4.623675346374512,0.28886330127716064,1.0,0.2783484160900116,0.09999999999999998,20000,2976.6248259544373
661000,0.008789213374257088,4.99222469329834,5.034550666809082,0.21170544624328613,1.0,0.31084901094436646,0.09999999999999998,20000,2981.410094022751
662000,0.020063236355781555,4.413868427276611,4.329931735992432,0.4093915820121765,1.0,0.25650179386138916,0.09999999999999998,20000,2986.010628938675
663000,0.0068969568237662315,5.209974765777588,5.320141792297363,0.23649471998214722,1.0,0.21856334805488586,0.09999999999999998,20000,2990.7056081295013
664000,0.013202100992202759,4.904797554016113,4.974945068359375,0.2340981364250183,1.0,0.3561709225177765,0.09999999999999998,20000,2995.367395877838
665000,0.011774813756346703,5.060789108276367,5.059261322021484,0.19996917247772217,1.0,0.44938164949417114,0.09999999999999998,20000,3000.2978739738464
666000,0.011808902025222778,5.117358684539795,5.006533622741699,0.29703056812286377,1.0,0.26196280121803284,0.09999999999999998,20000,3004.83935713768
667000,0.02372492477297783,4.546952247619629,4.317731857299805,0.42688459157943726,1.0,0.2919357419013977,0.09999999999999998,20000,3009.4320187568665
668000,0.008690951392054558,5.046236038208008,5.098793983459473,0.1907595694065094,1.0,0.3598349988460541,0.09999999999999998,20000,3014.2228269577026
669000,0.013361361809074879,4.320382118225098,4.298091888427734,0.3109647035598755,1.0,0.25240346789360046,0.09999999999999998,20000,3018.8683359622955
670000,0.008200401440262794,4.765974044799805,4.721125602722168,0.2387639433145523,1.0,0.2964525818824768,0.09999999999999998,20000,3023.5674889087677
671000,0.008823691867291927,4.738393783569336,4.694698810577393,0.3278830349445343,1.0,0.1662495881319046,0.09999999999999998,20000,3027.8671259880066
672000,0.014802738092839718,5.145639419555664,5.07844352722168,0.233186274766922,1.0,0.37955600023269653,0.09999999999999998,20000,3032.201933860779
673000,0.006308785639703274,4.619737148284912,4.650808334350586,0.24570347368717194,1.0,0.17974406480789185,0.09999999999999998,20000,3036.6067719459534
674000,0.01734657771885395,5.283782005310059,5.33522891998291,0.2944023013114929,1.0,0.33491063117980957,0.09999999999999998,20000,3041.0032460689545
675000,0.015178119763731956,4.942768096923828,5.056644439697266,0.2831299304962158,1.0,0.34342822432518005,0.09999999999999998,20000,3045.6367321014404
676000,0.01361613068729639,4.969905853271484,4.951643943786621,0.2138524055480957,1.0,0.44039416313171387,0.09999999999999998,20000,3050.227867126465
677000,0.012846123427152634,4.664244651794434,4.676470756530762,0.27150091528892517,1.0,0.28877368569374084,0.09999999999999998,20000,3054.9383199214935
678000,0.027958713471889496,4.778526306152344,4.495677947998047,0.3730904757976532,1.0,0.37869757413864136,0.09999999999999998,20000,3059.561416864395
679000,0.006037003826349974,5.158220291137695,5.190899848937988,0.1677154302597046,1.0,0.3464740216732025,0.09999999999999998,20000,3064.04577088356
680000,0.008761243894696236,5.392691612243652,5.417501449584961,0.2133193016052246,1.0,0.33743828535079956,0.09999999999999998,20000,3068.72825217247
681000,0.008493083529174328,5.2674665451049805,5.244866847991943,0.20777708292007446,1.0,0.34669217467308044,0.09999999999999998,20000,3073.7323920726776
682000,0.01792742684483528,5.217099189758301,5.203268527984619,0.27642595767974854,1.0,0.38802433013916016,0.09999999999999998,20000,3078.1498939990997
683000,0.007061656564474106,4.734889984130859,4.671947479248047,0.17834782600402832,1.0,0.36098554730415344,0.09999999999999998,20000,3082.515252828598
684000,0.005830525420606136,4.478717803955078,4.585492134094238,0.28957399725914,1.0,0.15227510035037994,0.09999999999999998,20000,3086.94092297554
685000,0.005512234754860401,5.158478736877441,5.189671993255615,0.25487756729125977,1.0,0.10462920367717743,0.09999999999999998,20000,3091.2811398506165
686000,0.03357426077127457,4.827569961547852,4.80309534072876,0.34818515181541443,1.0,0.5033053159713745,0.09999999999999998,20000,3095.7210218906403
687000,0.011361626908183098,5.374244689941406,5.487159729003906,0.3075072169303894,1.0,0.24574755132198334,0.09999999999999998,20000,3100.0870399475098
688000,0.00864613987505436,4.729522705078125,4.657916069030762,0.18895134329795837,1.0,0.3415236175060272,0.09999999999999998,20000,3104.3232901096344
689000,0.011917699128389359,4.860989093780518,4.775803565979004,0.28304117918014526,1.0,0.2614743411540985,0.09999999999999998,20000,3108.7007989883423
690000,0.007059388794004917,4.768618583679199,4.721571922302246,0.26562824845314026,1.0,0.18052050471305847,0.09999999999999998,20000,3113.0690360069275
691000,0.008868763223290443,5.008757591247559,5.047517776489258,0.18882346153259277,1.0,0.3814299702644348,0.09999999999999998,20000,3117.3043479919434
692000,0.009504066780209541,5.011406898498535,5.10380220413208,0.19839441776275635,1.0,0.4107999801635742,0.09999999999999998,20000,3121.6325731277466
693000,0.006310862489044666,4.960635185241699,4.93585729598999,0.20234152674674988,1.0,0.27754753828048706,0.09999999999999998,20000,3126.0386748313904
694000,0.016810134053230286,4.19416618347168,4.153858661651611,0.2975485324859619,1.0,0.30203330516815186,0.09999999999999998,20000,3130.3687109947205
695000,0.00998452678322792,4.872920036315918,4.82502555847168,0.24042364954948425,1.0,0.3180829882621765,0.09999999999999998,20000,3134.6635189056396
696000,0.010898095555603504,5.130949974060059,5.05551815032959,0.24335414171218872,1.0,0.3238828480243683,0.09999999999999998,20000,3139.0881838798523
697000,0.028230879455804825,4.922776222229004,4.893708229064941,0.2735508382320404,1.0,0.4739634096622467,0.09999999999999998,20000,3143.435755968094
698000,0.01669584959745407,4.999028205871582,4.990436553955078,0.2859065532684326,1.0,0.2857006788253784,0.09999999999999998,20000,3147.647567987442
699000,0.014422256499528885,4.866689205169678,4.918225288391113,0.1987590193748474,1.0,0.5006484389305115,0.09999999999999998,20000,3152.079827785492
700000,0.011103362776339054,4.9200439453125,4.947047233581543,0.2494041919708252,1.0,0.3262314796447754,0.09999999999999998,20000,3156.558862924576
701000,0.01571492850780487,4.976325988769531,5.076366424560547,0.2081068903207779,1.0,0.43757498264312744,0.09999999999999998,20000,3166.6940059661865
702000,0.004826824646443129,5.114417552947998,4.941035270690918,0.30276480317115784,1.0,0.10527651011943817,0.09999999999999998,20000,3170.9761488437653
703000,0.00809814129024744,4.68585729598999,4.708214282989502,0.17235875129699707,1.0,0.3946341872215271,0.09999999999999998,20000,3175.239019870758
704000,0.024047579616308212,5.164800643920898,5.10347843170166,0.28701505064964294,1.0,0.41802600026130676,0.09999999999999998,20000,3179.651521921158
705000,0.02411380596458912,4.812910079956055,4.845966339111328,0.36060017347335815,1.0,0.33637624979019165,0.09999999999999998,20000,3184.0843019485474
706000,0.011245837435126305,4.900702476501465,4.811615943908691,0.2514740526676178,1.0,0.26024526357650757,0.09999999999999998,20000,3188.319988965988
707000,0.018589267507195473,4.616744041442871,4.507690906524658,0.3000587821006775,1.0,0.37119150161743164,0.09999999999999998,20000,3192.735570907593
708000,0.03801730275154114,4.397801399230957,4.487253189086914,0.3952646851539612,1.0,0.39985164999961853,0.09999999999999998,20000,3197.0916180610657
709000,0.01047807838767767,4.577198505401611,4.539626121520996,0.2575046420097351,1.0,0.25883328914642334,0.09999999999999998,20000,3201.4845700263977
710000,0.011753383092582226,4.858540058135986,4.888736248016357,0.23039811849594116,1.0,0.3495104908943176,0.09999999999999998,20000,3205.8397731781006
711000,0.025460615754127502,4.607081413269043,4.4725117683410645,0.34697362780570984,1.0,0.39111095666885376,0.09999999999999998,20000,3210.2163779735565
712000,0.010214682668447495,5.074403762817383,5.006974220275879,0.22977930307388306,1.0,0.3765051066875458,0.09999999999999998,20000,3214.7239010334015
713000,0.01059129647910595,4.601840972900391,4.609702110290527,0.22000330686569214,1.0,0.37458986043930054,0.09999999999999998,20000,3219.8188750743866
714000,0.014361288398504257,4.992608070373535,5.11530876159668,0.24387308955192566,1.0,0.34817609190940857,0.09999999999999998,20000,3224.7777190208435
715000,0.01695232465863228,4.529417037963867,4.517988204956055,0.28581365942955017,1.0,0.35881924629211426,0.09999999999999998,20000,3229.4906001091003
716000,0.02174961566925049,4.8991804122924805,4.981300354003906,0.30349355936050415,1.0,0.4104836881160736,0.09999999999999998,20000,3234.368639945984
717000,0.018324021250009537,4.70095157623291,4.609363555908203,0.3269158899784088,1.0,0.2957638204097748,0.09999999999999998,20000,3238.865926027298
718000,0.006302514113485813,4.809169292449951,4.785858154296875,0.20765593647956848,1.0,0.2485402375459671,0.09999999999999998,20000,3243.5710179805756
719000,0.027055300772190094,4.611252307891846,4.512126445770264,0.28808629512786865,1.0,0.5053332448005676,0.09999999999999998,20000,3248.0020248889923
720000,0.007659994997084141,5.301537990570068,5.311397552490234,0.28986087441444397,1.0,0.17477519810199738,0.09999999999999998,20000,3252.8839530944824
721000,0.032167695462703705,4.989588737487793,4.950224876403809,0.39005404710769653,1.0,0.3681543171405792,0.09999999999999998,20000,3258.496242046356
722000,0.009936364367604256,5.238449573516846,5.241140365600586,0.2814173996448517,1.0,0.24005334079265594,0.09999999999999998,20000,3263.43794298172
723000,0.015309901908040047,4.80378532409668,4.86773157119751,0.25728994607925415,1.0,0.3550282120704651,0.09999999999999998,20000,3268.4224948883057
724000,0.021903812885284424,4.370946407318115,4.275992393493652,0.23668691515922546,1.0,0.5230084657669067,0.09999999999999998,20000,3273.739531993866
725000,0.02274760976433754,5.188272953033447,5.062067985534668,0.33168280124664307,1.0,0.3491207957267761,0.09999999999999998,20000,3278.863000869751
726000,0.022844450548291206,4.957354545593262,5.017559051513672,0.33765149116516113,1.0,0.31336259841918945,0.09999999999999998,20000,3284.095468044281
727000,0.028592631220817566,4.377458572387695,4.441688060760498,0.35677891969680786,1.0,0.3813069462776184,0.09999999999999998,20000,3289.0303490161896
728000,0.019251786172389984,4.922327995300293,5.099591255187988,0.2519136071205139,1.0,0.4373495280742645,0.09999999999999998,20000,3294.0670371055603
729000,0.016665827482938766,4.945689678192139,4.952236175537109,0.2956077754497528,1.0,0.30820566415786743,0.09999999999999998,20000,3299.301815032959
730000,0.01953204721212387,5.184497356414795,5.194567680358887,0.2905004918575287,1.0,0.4104502201080322,0.09999999999999998,20000,3304.2918870449066
731000,0.013947395607829094,4.591849327087402,4.616084098815918,0.2269246131181717,1.0,0.3556366264820099,0.09999999999999998,20000,3309.3277060985565
732000,0.029135994613170624,4.677051544189453,4.685713768005371,0.33076339960098267,1.0,0.5024517774581909,0.09999999999999998,20000,3314.226277112961
733000,0.0197104811668396,4.980194091796875,5.022909164428711,0.24867889285087585,1.0,0.5028524398803711,0.09999999999999998,20000,3318.8949868679047
734000,0.006921691354364157,5.456751823425293,5.375144958496094,0.18814367055892944,1.0,0.3267627954483032,0.09999999999999998,20000,3323.551425933838
735000,0.016314420849084854,4.818841457366943,4.852101802825928,0.24932509660720825,1.0,0.41468140482902527,0.09999999999999998,20000,3328.166601896286
736000,0.01053948886692524,4.647536277770996,4.637547492980957,0.28036272525787354,1.0,0.22115111351013184,0.09999999999999998,20000,3332.735804080963
737000,0.0171256884932518,5.506466865539551,5.58636474609375,0.23541879653930664,1.0,0.38459649682044983,0.09999999999999998,20000,3337.7146258354187
738000,0.008024387061595917,4.964509010314941,4.946627616882324,0.24400892853736877,1.0,0.26865991950035095,0.09999999999999998,20000,3342.7846100330353
739000,0.010144485160708427,4.697152137756348,4.752920627593994,0.29443269968032837,1.0,0.22474078834056854,0.09999999999999998,20000,3347.591346025467
740000,0.013131198473274708,5.110964298248291,4.968287467956543,0.21928797662258148,1.0,0.4042542278766632,0.09999999999999998,20000,3352.794196844101
741000,0.01767628826200962,4.665510177612305,4.7138471603393555,0.2687634825706482,1.0,0.3838489055633545,0.09999999999999998,20000,3357.782329082489
742000,0.015036214143037796,4.577178001403809,4.588690757751465,0.2362564504146576,1.0,0.46880877017974854,0.09999999999999998,20000,3362.5399248600006
743000,0.011324701830744743,5.048194885253906,4.945448875427246,0.21936744451522827,1.0,0.3356970548629761,0.09999999999999998,20000,3367.4124999046326
744000,0.015481612645089626,5.3846635818481445,5.244821071624756,0.28142935037612915,1.0,0.3477473855018616,0.09999999999999998,20000,3372.3521308898926
745000,0.014623552560806274,4.895403861999512,4.769105434417725,0.29143375158309937,1.0,0.28084325790405273,0.09999999999999998,20000,3377.166942834854
746000,0.011979891918599606,5.4249982833862305,5.441405296325684,0.20422637462615967,1.0,0.44057175517082214,0.09999999999999998,20000,3382.1143519878387
747000,0.02727881446480751,5.284371852874756,5.207489967346191,0.3206287920475006,1.0,0.4430534243583679,0.09999999999999998,20000,3386.8046848773956
748000,0.010413567535579205,4.936722755432129,4.996377944946289,0.20950865745544434,1.0,0.3270198702812195,0.09999999999999998,20000,3391.6583070755005
749000,0.017887216061353683,5.107061386108398,5.193054676055908,0.250811904668808,1.0,0.45196086168289185,0.09999999999999998,20000,3396.4741559028625
750000,0.022343149408698082,4.741460800170898,4.615350723266602,0.3227710425853729,1.0,0.3760824501514435,0.09999999999999998,20000,3400.8882570266724
751000,0.010620417073369026,4.981679916381836,4.971187591552734,0.17366650700569153,1.0,0.5082381963729858,0.09999999999999998,20000,3410.827686071396
752000,0.01687566749751568,4.951425075531006,4.879332542419434,0.3462819457054138,1.0,0.25299203395843506,0.09999999999999998,20000,3415.8840539455414
753000,0.011592899449169636,4.841700553894043,4.924731731414795,0.23288024961948395,1.0,0.3051636815071106,0.09999999999999998,20000,3420.357966899872
754000,0.013949912041425705,4.865180969238281,4.889287948608398,0.25554466247558594,1.0,0.3470248579978943,0.09999999999999998,20000,3424.9394879341125
755000,0.009576704353094101,4.990304946899414,5.076564788818359,0.24101638793945312,1.0,0.2541812062263489,0.09999999999999998,20000,3429.198937892914
756000,0.005000947508960962,4.5407562255859375,4.547184944152832,0.15732376277446747,1.0,0.3072870373725891,0.09999999999999998,20000,3433.5619008541107
757000,0.021653905510902405,5.014237403869629,5.016949653625488,0.3138258457183838,1.0,0.3270649313926697,0.09999999999999998,20000,3437.9555838108063
758000,0.010195456445217133,4.411018371582031,4.475543022155762,0.2177436500787735,1.0,0.38631099462509155,0.09999999999999998,20000,3442.238646030426
759000,0.023401059210300446,4.882493019104004,4.779892444610596,0.27589359879493713,1.0,0.4697703719139099,0.09999999999999998,20000,3446.5180809497833
760000,0.016957949846982956,4.924555778503418,4.961133003234863,0.24647152423858643,1.0,0.45030397176742554,0.09999999999999998,20000,3450.9075889587402
761000,0.013795007951557636,5.071903228759766,5.115370750427246,0.2686017155647278,1.0,0.3832319676876068,0.09999999999999998,20000,3455.2966299057007
762000,0.0040046097710728645,5.159792900085449,5.123380661010742,0.1440437138080597,1.0,0.32610762119293213,0.09999999999999998,20000,3459.7191100120544
763000,0.009205333888530731,4.669397830963135,4.635836124420166,0.19713011384010315,1.0,0.37720704078674316,0.09999999999999998,20000,3464.546319961548
764000,0.003347723977640271,5.053186416625977,5.0395989418029785,0.19671028852462769,1.0,0.16327893733978271,0.09999999999999998,20000,3469.5018589496613
765000,0.010597866959869862,4.74399995803833,4.630682945251465,0.28049319982528687,1.0,0.23839044570922852,0.09999999999999998,20000,3474.7464261054993
766000,0.01980123668909073,4.988718509674072,4.997044086456299,0.2602984309196472,1.0,0.4293240010738373,0.09999999999999998,20000,3479.2999358177185
767000,0.006508936174213886,4.5049662590026855,4.580264091491699,0.21100424230098724,1.0,0.24610689282417297,0.09999999999999998,20000,3483.697075843811
768000,0.019899262115359306,4.889291763305664,4.8705034255981445,0.26329585909843445,1.0,0.4372180104255676,0.09999999999999998,20000,3488.0032098293304
769000,0.00890621729195118,5.002678871154785,5.017638206481934,0.20363998413085938,1.0,0.3870323896408081,0.09999999999999998,20000,3492.469055891037
770000,0.016873128712177277,5.458714485168457,5.4044036865234375,0.2574833035469055,1.0,0.38640910387039185,0.09999999999999998,20000,3497.4613428115845
771000,0.009144466370344162,5.191342353820801,5.17922306060791,0.1701318323612213,1.0,0.46420779824256897,0.09999999999999998,20000,3502.0355739593506
772000,0.02130114659667015,5.265052795410156,5.257474899291992,0.2224082499742508,1.0,0.5305866003036499,0.09999999999999998,20000,3506.720274925232
773000,0.015878358855843544,4.4983320236206055,4.509291648864746,0.21364957094192505,1.0,0.36744773387908936,0.09999999999999998,20000,3511.3489379882812
774000,0.013399317860603333,5.060092449188232,5.120278358459473,0.1914265900850296,1.0,0.4767785966396332,0.09999999999999998,20000,3516.248701810837
775000,0.012103310786187649,5.163999557495117,5.1950788497924805,0.18497289717197418,1.0,0.5272586345672607,0.09999999999999998,20000,3521.142890930176
776000,0.0038665607571601868,5.086058616638184,5.1060895919799805,0.19053101539611816,1.0,0.19636093080043793,0.09999999999999998,20000,3526.007257938385
777000,0.004533939994871616,5.207103729248047,5.199709892272949,0.18677443265914917,1.0,0.2074132263660431,0.09999999999999998,20000,3530.8520381450653
778000,0.014284799806773663,4.414606094360352,4.4173688888549805,0.3349769115447998,1.0,0.2695466876029968,0.09999999999999998,20000,3535.64457988739
779000,0.023992322385311127,4.98148250579834,4.866176605224609,0.3752041757106781,1.0,0.32073110342025757,0.09999999999999998,20000,3540.599753856659
780000,0.029106920585036278,4.722481727600098,4.652496337890625,0.3600701689720154,1.0,0.37263965606689453,0.09999999999999998,20000,3545.3275139331818
781000,0.009107950143516064,4.705913543701172,4.770465850830078,0.2126535177230835,1.0,0.35262882709503174,0.09999999999999998,20000,3550.1605899333954
782000,0.007127291988581419,4.886987209320068,4.834285259246826,0.17800787091255188,1.0,0.36146748065948486,0.09999999999999998,20000,3554.8795177936554
783000,0.020181413739919662,4.733050346374512,4.792550563812256,0.33664238452911377,1.0,0.3056564927101135,0.09999999999999998,20000,3559.381118774414
784000,0.008651025593280792,5.279659271240234,5.2431464195251465,0.21601060032844543,1.0,0.2805664837360382,0.09999999999999998,20000,3563.737445116043
785000,0.014708712697029114,4.689115524291992,4.678661346435547,0.21205350756645203,1.0,0.4894121587276459,0.09999999999999998,20000,3568.094982147217
786000,0.011157781817018986,5.030029773712158,5.004924774169922,0.24463960528373718,1.0,0.2864251136779785,0.09999999999999998,20000,3573.249878883362
787000,0.004439839161932468,4.940450668334961,5.0572662353515625,0.20989187061786652,1.0,0.18866705894470215,0.09999999999999998,20000,3578.0900099277496
788000,0.010509656742215157,5.120365142822266,5.180725574493408,0.23810812830924988,1.0,0.3307236135005951,0.09999999999999998,20000,3582.8171548843384
789000,0.008353851735591888,4.494015693664551,4.495985984802246,0.20431473851203918,1.0,0.32449233531951904,0.09999999999999998,20000,3587.4985299110413
790000,0.03633195161819458,4.757979393005371,4.898451328277588,0.34988582134246826,1.0,0.4973575174808502,0.09999999999999998,20000,3592.2706339359283
791000,0.021239465102553368,5.175625801086426,5.3361077308654785,0.24851368367671967,1.0,0.4217562675476074,0.09999999999999998,20000,3596.927004098892
792000,0.035593219101428986,4.869958877563477,4.73854923248291,0.3188866972923279,1.0,0.548829197883606,0.09999999999999998,20000,3601.848695039749
793000,0.01997377909719944,4.709022521972656,4.832594871520996,0.37056687474250793,1.0,0.24590709805488586,0.09999999999999998,20000,3606.601531982422
794000,0.01112443208694458,4.733223915100098,4.692899703979492,0.1820824146270752,1.0,0.49390241503715515,0.09999999999999998,20000,3611.357486009598
795000,0.012139379978179932,4.613469123840332,4.650200843811035,0.206769198179245,1.0,0.42250630259513855,0.09999999999999998,20000,3616.177675962448
796000,0.0039980849251151085,4.633431434631348,4.777594566345215,0.25379443168640137,1.0,0.1155187338590622,0.09999999999999998,20000,3620.741128921509
797000,0.012353978119790554,5.103610038757324,5.078067779541016,0.23435115814208984,1.0,0.36103203892707825,0.09999999999999998,20000,3625.6675219535828
798000,0.021901307627558708,5.267084121704102,5.305837631225586,0.25189557671546936,1.0,0.48980051279067993,0.09999999999999998,20000,3630.2756309509277
799000,0.017871089279651642,4.90577507019043,5.017372131347656,0.27168023586273193,1.0,0.4080909490585327,0.09999999999999998,20000,3635.018057823181
800000,0.007534267380833626,4.521487236022949,4.446314811706543,0.22812117636203766,1.0,0.21566972136497498,0.09999999999999998,20000,3639.5224239826202
801000,0.009147543460130692,5.108414649963379,5.093966484069824,0.19113454222679138,1.0,0.3578717112541199,0.09999999999999998,20000,3649.9487841129303
802000,0.017139889299869537,4.301280975341797,4.394347667694092,0.24588409066200256,1.0,0.4600132703781128,0.09999999999999998,20000,3654.9150760173798
803000,0.015402331948280334,4.864463806152344,4.804225921630859,0.2961031198501587,1.0,0.29511645436286926,0.09999999999999998,20000,3659.358242034912
804000,0.0211307555437088,4.95864725112915,4.766328811645508,0.3710630536079407,1.0,0.29716992378234863,0.09999999999999998,20000,3663.7564730644226
805000,0.013745443895459175,4.920363426208496,4.889829635620117,0.2565726637840271,1.0,0.30722305178642273,0.09999999999999998,20000,3668.0486800670624
806000,0.00923012662678957,4.603745937347412,4.630217552185059,0.1733720898628235,1.0,0.4504775106906891,0.09999999999999998,20000,3673.557261943817
807000,0.02819514460861683,5.31471061706543,5.415814399719238,0.359876424074173,1.0,0.4005701541900635,0.09999999999999998,20000,3677.794485807419
808000,0.0080788042396307,4.905742645263672,4.820888996124268,0.238837331533432,1.0,0.21031883358955383,0.09999999999999998,20000,3682.046455860138
809000,0.017528556287288666,4.998661041259766,5.130666255950928,0.23624122142791748,1.0,0.43617457151412964,0.09999999999999998,20000,3686.33398103714
810000,0.016931014135479927,5.220676898956299,5.207094192504883,0.2927040159702301,1.0,0.33787140250205994,0.09999999999999998,20000,3690.546592950821
811000,0.047936152666807175,4.791596412658691,4.556028366088867,0.4878067374229431,1.0,0.38886427879333496,0.09999999999999998,20000,3694.701233148575
812000,0.0031278342939913273,5.136512279510498,5.133263111114502,0.2108539193868637,1.0,0.10802534222602844,0.09999999999999998,20000,3698.7719089984894
813000,0.011593714356422424,4.523991107940674,4.500410079956055,0.26399362087249756,1.0,0.2702200412750244,0.09999999999999998,20000,3703.4493429660797
814000,0.015259278938174248,4.709373474121094,4.727475166320801,0.2951560616493225,1.0,0.32061612606048584,0.09999999999999998,20000,3708.1190588474274
815000,0.004823788069188595,4.965022087097168,4.987699031829834,0.21108776330947876,1.0,0.21819135546684265,0.09999999999999998,20000,3712.6802859306335
816000,0.0037859247531741858,4.785613059997559,4.725343704223633,0.17198264598846436,1.0,0.22427205741405487,0.09999999999999998,20000,3716.9485800266266
817000,0.01164238527417183,5.009587287902832,4.9253387451171875,0.1847001016139984,1.0,0.4985036849975586,0.09999999999999998,20000,3721.182744026184
818000,0.005891857668757439,4.618806838989258,4.614467620849609,0.20482470095157623,1.0,0.23854407668113708,0.09999999999999998,20000,3725.3621327877045
819000,0.023391498252749443,5.023747444152832,5.000799179077148,0.36831891536712646,1.0,0.3106917142868042,0.09999999999999998,20000,3729.4790251255035
820000,0.015654778108000755,4.5752787590026855,4.532673358917236,0.27253609895706177,1.0,0.38239753246307373,0.09999999999999998,20000,3734.038691997528
821000,0.019297026097774506,5.144192218780518,5.167314529418945,0.2952011823654175,1.0,0.4137214720249176,0.09999999999999998,20000,3738.4604971408844
822000,0.013430238701403141,4.876276016235352,5.0919671058654785,0.35563910007476807,1.0,0.21025633811950684,0.09999999999999998,20000,3742.8969869613647
823000,0.013389663770794868,4.5831146240234375,4.664775848388672,0.3037634491920471,1.0,0.25484102964401245,0.09999999999999998,20000,3747.616847038269
824000,0.03973092883825302,5.2331624031066895,5.139171600341797,0.3876148462295532,1.0,0.39367568492889404,0.09999999999999998,20000,3752.063381910324
825000,0.02458566054701805,4.863293170928955,4.808072566986084,0.3164069652557373,1.0,0.3823578953742981,0.09999999999999998,20000,3756.600326061249
826000,0.012834049761295319,5.097896575927734,5.014842510223389,0.26609447598457336,1.0,0.31671398878097534,0.09999999999999998,20000,3761.3316190242767
827000,0.01731129363179207,5.267220497131348,5.418291091918945,0.3187575042247772,1.0,0.2923251688480377,0.09999999999999998,20000,3765.760584831238
828000,0.01004224456846714,5.011568546295166,5.067505359649658,0.3369031548500061,1.0,0.14472371339797974,0.09999999999999998,20000,3770.2197449207306
829000,0.01195449661463499,5.388184547424316,5.299211025238037,0.22483840584754944,1.0,0.4443116784095764,0.09999999999999998,20000,3774.7830939292908
830000,0.025306925177574158,5.269059658050537,5.209778785705566,0.34388113021850586,1.0,0.42492538690567017,0.09999999999999998,20000,3779.3256299495697
831000,0.010163729079067707,5.375361442565918,5.459902286529541,0.17890599370002747,1.0,0.4841979742050171,0.09999999999999998,20000,3783.7948751449585
832000,0.019605686888098717,4.908583641052246,4.830829620361328,0.2799642086029053,1.0,0.4011107087135315,0.09999999999999998,20000,3788.5783779621124
833000,0.018107660114765167,5.0117034912109375,5.239921569824219,0.29761838912963867,1.0,0.3391191065311432,0.09999999999999998,20000,3792.9888010025024
834000,0.0070730093866586685,5.606513977050781,5.713294982910156,0.1967485249042511,1.0,0.280341237783432,0.09999999999999998,20000,3797.1864528656006
835000,0.015504801645874977,5.072575569152832,5.035262584686279,0.20765194296836853,1.0,0.49144935607910156,0.09999999999999998,20000,3801.31046295166
836000,0.010884450748562813,5.28963565826416,5.366733074188232,0.24898134171962738,1.0,0.31518104672431946,0.09999999999999998,20000,3805.3694698810577
837000,0.013393182307481766,4.932871341705322,4.998717308044434,0.24504974484443665,1.0,0.33267587423324585,0.09999999999999998,20000,3809.772561073303
838000,0.014488077722489834,5.535696983337402,5.38625431060791,0.24112176895141602,1.0,0.3970203995704651,0.09999999999999998,20000,3814.2317719459534
839000,0.008567857556045055,5.264091968536377,5.16250467300415,0.18887199461460114,1.0,0.35259905457496643,0.09999999999999998,20000,3818.5850648880005
840000,0.027943328022956848,4.853719711303711,4.7884674072265625,0.2918717861175537,1.0,0.4705938696861267,0.09999999999999998,20000,3823.127198934555
841000,0.01679966226220131,4.575570106506348,4.619955062866211,0.26175355911254883,1.0,0.37117332220077515,0.09999999999999998,20000,3827.740509748459
842000,0.024475468322634697,4.577903747558594,4.415340900421143,0.2775694727897644,1.0,0.42722088098526,0.09999999999999998,20000,3832.4164991378784
843000,0.02449692040681839,4.753939628601074,4.77644157409668,0.30039966106414795,1.0,0.42776966094970703,0.09999999999999998,20000,3836.9436869621277
844000,0.01997777447104454,5.372131824493408,5.590412139892578,0.3138008713722229,1.0,0.33130115270614624,0.09999999999999998,20000,3841.3076798915863
845000,0.02139947935938835,5.183987617492676,5.308979511260986,0.30303990840911865,1.0,0.4086606800556183,0.09999999999999998,20000,3845.9711258411407
846000,0.01328304223716259,5.035610198974609,5.096309185028076,0.2578989863395691,1.0,0.33134400844573975,0.09999999999999998,20000,3850.2783160209656
847000,0.008414559066295624,5.081467628479004,5.092235565185547,0.21371746063232422,1.0,0.2748219966888428,0.09999999999999998,20000,3854.974774837494
848000,0.005585160106420517,4.9275007247924805,4.938193321228027,0.15860086679458618,1.0,0.38457852602005005,0.09999999999999998,20000,3859.438863992691
849000,0.00884372740983963,5.443857192993164,5.56965970993042,0.32781291007995605,1.0,0.17396356165409088,0.09999999999999998,20000,3864.0460979938507
850000,0.0038923348765820265,5.138694763183594,5.147740364074707,0.14039738476276398,1.0,0.3296266198158264,0.09999999999999998,20000,3868.4660608768463
851000,0.013940086588263512,5.080534934997559,5.042001247406006,0.2812715470790863,1.0,0.2850120961666107,0.09999999999999998,20000,3878.2799010276794
852000,0.015831589698791504,5.501666069030762,5.57270622253418,0.2569771409034729,1.0,0.39435291290283203,0.09999999999999998,20000,3882.4516298770905
853000,0.009545858949422836,4.782939910888672,4.854758262634277,0.2968146800994873,1.0,0.20772936940193176,0.09999999999999998,20000,3886.876972913742
854000,0.01373942382633686,5.637561321258545,5.587836265563965,0.21846121549606323,1.0,0.40635043382644653,0.09999999999999998,20000,3891.228990793228
855000,0.012138400226831436,5.234828948974609,5.142388343811035,0.24514904618263245,1.0,0.3693434000015259,0.09999999999999998,20000,3895.396885871887
856000,0.0055777085945010185,4.978696346282959,5.047112464904785,0.18753618001937866,1.0,0.3287207782268524,0.09999999999999998,20000,3899.496744155884
857000,0.017573250457644463,4.743544578552246,4.69937801361084,0.21829058229923248,1.0,0.4660634994506836,0.09999999999999998,20000,3903.8497960567474
858000,0.004067907575517893,5.440526008605957,5.469422340393066,0.18982213735580444,1.0,0.1960780918598175,0.09999999999999998,20000,3908.1205999851227
859000,0.009156893938779831,5.2276930809021,5.194586277008057,0.3092648386955261,1.0,0.19402888417243958,0.09999999999999998,20000,3912.5889477729797
860000,0.010492830537259579,5.036221504211426,5.1924285888671875,0.2866206467151642,1.0,0.23330098390579224,0.09999999999999998,20000,3916.8409729003906
861000,0.014450388960540295,4.686046600341797,4.5911946296691895,0.2541249394416809,1.0,0.3538814187049866,0.09999999999999998,20000,3921.556465148926
862000,0.008564397692680359,5.1316728591918945,5.150515079498291,0.1811850666999817,1.0,0.39429113268852234,0.09999999999999998,20000,3925.9142389297485
863000,0.011547904461622238,5.10645055770874,5.098665237426758,0.2544535994529724,1.0,0.32198289036750793,0.09999999999999998,20000,3930.3415110111237
864000,0.017430946230888367,4.745480537414551,4.705548286437988,0.2589479684829712,1.0,0.40271589159965515,0.09999999999999998,20000,3934.946470975876
865000,0.012652911245822906,5.169112205505371,5.089873313903809,0.22644318640232086,1.0,0.4091431498527527,0.09999999999999998,20000,3939.3610248565674
866000,0.010460964404046535,5.037202835083008,5.030000686645508,0.20369070768356323,1.0,0.3801697790622711,0.09999999999999998,20000,3944.0093619823456
867000,0.00847594067454338,4.791677474975586,4.740612983703613,0.21899670362472534,1.0,0.26547008752822876,0.09999999999999998,20000,3948.6843497753143
868000,0.010203578509390354,5.1415605545043945,5.16965389251709,0.25128173828125,1.0,0.25733575224876404,0.09999999999999998,20000,3952.9156069755554
869000,0.014010971412062645,5.400235176086426,5.3923749923706055,0.2950608730316162,1.0,0.29447054862976074,0.09999999999999998,20000,3957.099833011627
870000,0.021803338080644608,4.914759635925293,4.8428449630737305,0.270957887172699,1.0,0.4620366096496582,0.09999999999999998,20000,3961.2271988391876
871000,0.009541098959743977,5.552091598510742,5.704480171203613,0.20164644718170166,1.0,0.34802621603012085,0.09999999999999998,20000,3965.679524898529
872000,0.008195135742425919,4.845155715942383,4.8456244468688965,0.20911744236946106,1.0,0.3334636092185974,0.09999999999999998,20000,3970.0759069919586
873000,0.007528130896389484,5.1503520011901855,5.1897759437561035,0.20030413568019867,1.0,0.3535323441028595,0.09999999999999998,20000,3974.7388429641724
874000,0.015363117679953575,5.081987380981445,5.156217575073242,0.27786028385162354,1.0,0.3304143249988556,0.09999999999999998,20000,3979.360893011093
875000,0.01008174754679203,5.028439521789551,5.007833957672119,0.19707152247428894,1.0,0.4011476933956146,0.09999999999999998,20000,3984.1761949062347
876000,0.010876956395804882,4.714982986450195,4.748543739318848,0.3134150505065918,1.0,0.22651171684265137,0.09999999999999998,20000,3988.6316509246826
877000,0.00889415480196476,5.104555130004883,5.268878936767578,0.3820757567882538,1.0,0.14007990062236786,0.09999999999999998,20000,3993.1216650009155
878000,0.010910248383879662,5.0125041007995605,4.883711814880371,0.2876339554786682,1.0,0.21591788530349731,0.09999999999999998,20000,3997.924071073532
879000,0.009502924047410488,5.256496429443359,5.22420597076416,0.24378551542758942,1.0,0.2419448047876358,0.09999999999999998,20000,4002.37969994545
880000,0.011400973424315453,4.951149940490723,4.817555904388428,0.33900052309036255,1.0,0.19702857732772827,0.09999999999999998,20000,4006.9564168453217
881000,0.018161563202738762,5.137261390686035,5.2661943435668945,0.3036120533943176,1.0,0.34253883361816406,0.09999999999999998,20000,4011.4675018787384
882000,0.03289363905787468,5.0209245681762695,5.088756084442139,0.31168609857559204,1.0,0.527398943901062,0.09999999999999998,20000,4015.9635949134827
883000,0.004347244277596474,5.218169212341309,5.302055835723877,0.20137149095535278,1.0,0.16059939563274384,0.09999999999999998,20000,4020.3894889354706
884000,0.013035070151090622,5.031146049499512,4.95994758605957,0.21234753727912903,1.0,0.4260304272174835,0.09999999999999998,20000,4024.7376821041107
885000,0.013670658692717552,5.163657188415527,5.249114036560059,0.29552745819091797,1.0,0.28969886898994446,0.09999999999999998,20000,4028.937488079071
886000,0.025395579636096954,5.522908687591553,5.516275882720947,0.31414929032325745,1.0,0.421267569065094,0.09999999999999998,20000,4033.1461329460144
887000,0.014018101617693901,5.274820804595947,5.2607927322387695,0.2408471405506134,1.0,0.37058717012405396,0.09999999999999998,20000,4037.3699600696564
888000,0.01547048520296812,5.345894813537598,5.500925064086914,0.2918189465999603,1.0,0.3304588496685028,0.09999999999999998,20000,4041.4586310386658
889000,0.003775941440835595,5.18233585357666,5.25221586227417,0.24793477356433868,1.0,0.11082518100738525,0.09999999999999998,20000,4046.1230919361115
890000,0.027835436165332794,4.399412631988525,4.367667198181152,0.3620571494102478,1.0,0.339308500289917,0.09999999999999998,20000,4050.676658153534
891000,0.005023090168833733,5.426361083984375,5.388554573059082,0.16663484275341034,1.0,0.29856356978416443,0.09999999999999998,20000,4055.3511068820953
892000,0.015507331117987633,5.399109840393066,5.451039791107178,0.2816731333732605,1.0,0.341217041015625,0.09999999999999998,20000,4059.7727110385895
893000,0.010264214128255844,4.95994758605957,4.969698905944824,0.17731879651546478,1.0,0.4055195450782776,0.09999999999999998,20000,4064.3340468406677
894000,0.010050824843347073,5.461342811584473,5.531838417053223,0.23203840851783752,1.0,0.2610943615436554,0.09999999999999998,20000,4068.8141260147095
895000,0.012059731408953667,5.636497974395752,5.6662092208862305,0.20709660649299622,1.0,0.47211822867393494,0.09999999999999998,20000,4073.360584974289
896000,0.01843906193971634,5.046828269958496,5.047858238220215,0.2503989338874817,1.0,0.48072078824043274,0.09999999999999998,20000,4077.98095703125
897000,0.020625755190849304,5.142816543579102,5.231493949890137,0.2718698978424072,1.0,0.45699620246887207,0.09999999999999998,20000,4082.391515016556
898000,0.02203628420829773,4.576666355133057,4.519779682159424,0.3065982460975647,1.0,0.4194738268852234,0.09999999999999998,20000,4086.9579479694366
899000,0.0061419690027832985,5.041558742523193,5.081470489501953,0.2337254285812378,1.0,0.1912170946598053,0.09999999999999998,20000,4091.521024942398
900000,0.03305511921644211,5.002731800079346,4.995634078979492,0.32138749957084656,1.0,0.5353766679763794,0.09999999999999998,20000,4095.9538190364838
901000,0.02168489620089531,4.959232330322266,4.9933624267578125,0.2433023899793625,1.0,0.5406912565231323,0.09999999999999998,20000,4107.208420038223
902000,0.024140048772096634,4.775059700012207,4.746234893798828,0.33052700757980347,1.0,0.3805111348628998,0.09999999999999998,20000,4111.454963922501
903000,0.00875899102538824,5.23832893371582,5.126333236694336,0.25267502665519714,1.0,0.2520923912525177,0.09999999999999998,20000,4115.655073881149
904000,0.020957577973604202,4.403395652770996,4.296324253082275,0.27186843752861023,1.0,0.41523706912994385,0.09999999999999998,20000,4119.763744831085
905000,0.010808425955474377,4.2436418533325195,4.258082389831543,0.24915611743927002,1.0,0.28772884607315063,0.09999999999999998,20000,4123.996547937393
906000,0.034856799989938736,5.263032913208008,5.080954551696777,0.3882206082344055,1.0,0.4078916311264038,0.09999999999999998,20000,4128.157559871674
907000,0.007665370125323534,5.121304035186768,5.1554670333862305,0.17837893962860107,1.0,0.3699095845222473,0.09999999999999998,20000,4132.260769844055
908000,0.009161118417978287,4.892462730407715,4.907491207122803,0.1651894748210907,1.0,0.5302017331123352,0.09999999999999998,20000,4136.320936203003
909000,0.010122575797140598,5.222227573394775,5.128870010375977,0.28229162096977234,1.0,0.24926742911338806,0.09999999999999998,20000,4140.453160047531
910000,0.02512647584080696,5.105691909790039,4.993038654327393,0.308073490858078,1.0,0.4332355558872223,0.09999999999999998,20000,4145.018514871597
911000,0.01207185722887516,4.636763095855713,4.796003341674805,0.37481170892715454,1.0,0.1574857234954834,0.09999999999999998,20000,4149.5065541267395
912000,0.009204351343214512,5.020828723907471,4.976604461669922,0.21086695790290833,1.0,0.30005770921707153,0.09999999999999998,20000,4154.012876987457
913000,0.013825592584908009,5.045627117156982,5.029901504516602,0.26731276512145996,1.0,0.29495954513549805,0.09999999999999998,20000,4158.71913599968
914000,0.024343732744455338,5.44451904296875,5.54169225692749,0.3431663513183594,1.0,0.3555637300014496,0.09999999999999998,20000,4162.978297948837
915000,0.023247627541422844,4.816357612609863,4.944890022277832,0.27995169162750244,1.0,0.4275760054588318,0.09999999999999998,20000,4169.602984189987
916000,0.009704845026135445,4.946435928344727,4.991101264953613,0.2407565712928772,1.0,0.2692722678184509,0.09999999999999998,20000,4175.259562969208
917000,0.02279907464981079,4.677690505981445,4.567770957946777,0.28879496455192566,1.0,0.45755094289779663,0.09999999999999998,20000,4180.4456470012665
918000,0.01565423235297203,4.973730087280273,5.219137191772461,0.39234569668769836,1.0,0.21051450073719025,0.09999999999999998,20000,4185.845607042313
919000,0.012697136029601097,5.086687088012695,5.052802085876465,0.24119672179222107,1.0,0.35253003239631653,0.09999999999999998,20000,4190.429960012436
920000,0.010173613205552101,4.85897159576416,4.909616947174072,0.20841987431049347,1.0,0.3430919349193573,0.09999999999999998,20000,4194.738800048828
921000,0.0129950400441885,5.073002815246582,5.075069904327393,0.21426287293434143,1.0,0.38291051983833313,0.09999999999999998,20000,4199.111734867096
922000,0.008554809726774693,4.7373857498168945,4.706988334655762,0.42209023237228394,1.0,0.11805768311023712,0.09999999999999998,20000,4203.80584692955
923000,0.014822586439549923,4.808436870574951,4.783708095550537,0.26629263162612915,1.0,0.27277782559394836,0.09999999999999998,20000,4209.390354156494
924000,0.024966970086097717,4.380711555480957,4.312229633331299,0.31183066964149475,1.0,0.444718599319458,0.09999999999999998,20000,4214.858633995056
925000,0.017006782814860344,5.513915061950684,5.545684814453125,0.2940869927406311,1.0,0.32278555631637573,0.09999999999999998,20000,4219.983319044113
926000,0.01372785959392786,5.094621658325195,5.1424713134765625,0.1972368359565735,1.0,0.49294164776802063,0.09999999999999998,20000,4225.181919813156
927000,0.00477538350969553,5.0861382484436035,5.120725631713867,0.15952500700950623,1.0,0.3074045479297638,0.09999999999999998,20000,4230.189525842667
928000,0.008240962401032448,4.733129501342773,4.762605667114258,0.34542855620384216,1.0,0.15568327903747559,0.09999999999999998,20000,4235.325302839279
929000,0.012239506468176842,4.668336391448975,4.6863813400268555,0.26546984910964966,1.0,0.2914331257343292,0.09999999999999998,20000,4240.11833691597
930000,0.012742549180984497,4.757336616516113,4.781235218048096,0.2634166479110718,1.0,0.30210965871810913,0.09999999999999998,20000,4245.180557012558
931000,0.015072794631123543,4.640650272369385,4.7341485023498535,0.25885260105133057,1.0,0.3568089008331299,0.09999999999999998,20000,4250.216520786285
932000,0.011564420536160469,4.864449501037598,4.797053337097168,0.292664110660553,1.0,0.254605233669281,0.09999999999999998,20000,4254.63582611084
933000,0.02331327274441719,4.797705173492432,4.778136253356934,0.3056584596633911,1.0,0.4455551207065582,0.09999999999999998,20000,4259.444615125656
934000,0.008850805461406708,5.452223300933838,5.48015022277832,0.22643132507801056,1.0,0.31144389510154724,0.09999999999999998,20000,4264.095746040344
935000,0.014638315886259079,5.005880355834961,4.963688373565674,0.29253193736076355,1.0,0.27520638704299927,0.09999999999999998,20000,4268.500994920731
936000,0.005933575797826052,5.081853866577148,5.009182929992676,0.2205636352300644,1.0,0.2141197770833969,0.09999999999999998,20000,4273.620915174484
937000,0.0028511618729680777,5.3496551513671875,5.376145362854004,0.18751102685928345,1.0,0.1360565721988678,0.09999999999999998,20000,4278.06528711319
938000,0.004250349476933479,5.304153919219971,5.258366584777832,0.14910683035850525,1.0,0.30739790201187134,0.09999999999999998,20000,4282.949942827225
939000,0.01814832165837288,5.501812934875488,5.529684066772461,0.27462416887283325,1.0,0.41479557752609253,0.09999999999999998,20000,4287.925359010696
940000,0.014111321419477463,5.585443019866943,5.597434997558594,0.2701328992843628,1.0,0.32222050428390503,0.09999999999999998,20000,4292.923537969589
941000,0.013156970962882042,4.553701877593994,4.570801734924316,0.19361178576946259,1.0,0.4596066474914551,0.09999999999999998,20000,4297.969472885132
942000,0.0050837318412959576,4.820888996124268,4.765831470489502,0.18517835438251495,1.0,0.27324581146240234,0.09999999999999998,20000,4302.689222097397
943000,0.013835616409778595,5.205341339111328,5.174631118774414,0.23241691291332245,1.0,0.43887031078338623,0.09999999999999998,20000,4307.616070985794
944000,0.023775171488523483,5.281380653381348,5.248908042907715,0.24604979157447815,1.0,0.583286702632904,0.09999999999999998,20000,4312.338340997696
945000,0.0041200872510671616,4.928560256958008,4.93771505355835,0.15985321998596191,1.0,0.24547189474105835,0.09999999999999998,20000,4317.153480052948
946000,0.034507110714912415,5.525649070739746,5.575860023498535,0.4434661269187927,1.0,0.31702280044555664,0.09999999999999998,20000,4322.00670003891
947000,0.006384054198861122,5.0518598556518555,5.030614852905273,0.22332361340522766,1.0,0.20676502585411072,0.09999999999999998,20000,4326.86155295372
948000,0.009539270773530006,5.154391765594482,5.148096084594727,0.17802780866622925,1.0,0.42330196499824524,0.09999999999999998,20000,4331.731228113174
949000,0.01957343891263008,4.488173484802246,4.360422134399414,0.2813219130039215,1.0,0.4105406403541565,0.09999999999999998,20000,4336.713517904282
950000,0.0051561929285526276,4.716351509094238,4.761516571044922,0.2060723453760147,1.0,0.2245762050151825,0.09999999999999998,20000,4341.3982129096985
951000,0.012143952772021294,4.920437812805176,4.981014251708984,0.2233526110649109,1.0,0.3611670136451721,0.09999999999999998,20000,4352.52481508255
952000,0.008479619398713112,4.910676002502441,4.968191623687744,0.2557578682899475,1.0,0.22922533750534058,0.09999999999999998,20000,4356.971745967865
953000,0.03127019479870796,5.164609432220459,5.121191024780273,0.2846983075141907,1.0,0.4586244821548462,0.09999999999999998,20000,4361.7837879657745
954000,0.004536592401564121,5.014039993286133,4.973680019378662,0.2007034420967102,1.0,0.2118082344532013,0.09999999999999998,20000,4366.7462067604065
955000,0.010157151147723198,4.613368988037109,4.660675048828125,0.2372780442237854,1.0,0.30612269043922424,0.09999999999999998,20000,4371.16187787056
956000,0.02147253043949604,5.730741024017334,5.724451541900635,0.3132457733154297,1.0,0.4252965450286865,0.09999999999999998,20000,4375.816517114639
957000,0.013875345699489117,5.056056499481201,5.115900993347168,0.3179404139518738,1.0,0.2363668531179428,0.09999999999999998,20000,4380.46245098114
958000,0.007004797924309969,5.281109809875488,5.27955436706543,0.17732691764831543,1.0,0.3207809627056122,0.09999999999999998,20000,4385.167354106903
959000,0.013679024763405323,4.749497413635254,4.908060073852539,0.2995552122592926,1.0,0.27242976427078247,0.09999999999999998,20000,4389.6777329444885
960000,0.021898280829191208,4.45280122756958,4.357642650604248,0.31702324748039246,1.0,0.3523041307926178,0.09999999999999998,20000,4394.58331990242
961000,0.011433446779847145,5.2988739013671875,5.343613147735596,0.20566588640213013,1.0,0.4093725085258484,0.09999999999999998,20000,4399.054529905319
962000,0.014833441004157066,5.027958869934082,4.990039825439453,0.21365949511528015,1.0,0.4330572187900543,0.09999999999999998,20000,4403.820749998093
963000,0.0055603221990168095,5.079200744628906,5.06767463684082,0.16521449387073517,1.0,0.308904767036438,0.09999999999999998,20000,4408.23898100853
964000,0.01586967706680298,5.084961414337158,5.0879364013671875,0.2411857694387436,1.0,0.43260011076927185,0.09999999999999998,20000,4413.156010866165
965000,0.012193098664283752,5.202292442321777,5.200827598571777,0.3352090120315552,1.0,0.21048304438591003,0.09999999999999998,20000,4417.996362924576
966000,0.010634449310600758,5.05869722366333,4.99201774597168,0.3219450116157532,1.0,0.18584901094436646,0.09999999999999998,20000,4422.636307954788
967000,0.006889919750392437,4.818060874938965,4.82010555267334,0.21013960242271423,1.0,0.2428303360939026,0.09999999999999998,20000,4427.107057094574
968000,0.009082773700356483,5.268735408782959,5.3390374183654785,0.2195712924003601,1.0,0.3674619793891907,0.09999999999999998,20000,4431.488040924072
969000,0.013680714182555676,5.009611129760742,5.052092552185059,0.3038014769554138,1.0,0.2641499638557434,0.09999999999999998,20000,4435.813061952591
970000,0.010293933562934399,5.016430854797363,4.918365478515625,0.2616577744483948,1.0,0.22660379111766815,0.09999999999999998,20000,4440.7024619579315
971000,0.014699360355734825,5.743464946746826,5.6485185623168945,0.25717076659202576,1.0,0.3676140308380127,0.09999999999999998,20000,4445.272575855255
972000,0.007899209856987,5.365749835968018,5.393597602844238,0.191751629114151,1.0,0.29816925525665283,0.09999999999999998,20000,4450.016749858856
973000,0.013422954827547073,5.464933395385742,5.511082649230957,0.20969635248184204,1.0,0.4130845367908478,0.09999999999999998,20000,4454.66486787796
974000,0.031403545290231705,5.0569915771484375,4.81866979598999,0.41054120659828186,1.0,0.35365229845046997,0.09999999999999998,20000,4459.701491832733
975000,0.031219247728586197,4.841042518615723,4.686981201171875,0.38271376490592957,1.0,0.4066885709762573,0.09999999999999998,20000,4464.45717382431
976000,0.008460627868771553,5.337790489196777,5.17514705657959,0.32825416326522827,1.0,0.15550892055034637,0.09999999999999998,20000,4469.058847904205
977000,0.013093281537294388,5.268052577972412,5.147254467010498,0.24562400579452515,1.0,0.3531399369239807,0.09999999999999998,20000,4473.970712900162
978000,0.021636778488755226,4.651525020599365,4.771839141845703,0.3295954763889313,1.0,0.34492722153663635,0.09999999999999998,20000,4478.463082790375
979000,0.01967455819249153,5.06821346282959,5.08095121383667,0.3218742907047272,1.0,0.34319427609443665,0.09999999999999998,20000,4483.450278043747
980000,0.011703915894031525,4.815947532653809,4.882385730743408,0.26222455501556396,1.0,0.2888241410255432,0.09999999999999998,20000,4488.371508836746
981000,0.028832774609327316,5.173801898956299,5.154397010803223,0.28745126724243164,1.0,0.4557957053184509,0.09999999999999998,20000,4492.946302890778
982000,0.014313485473394394,5.349681854248047,5.315016746520996,0.29573914408683777,1.0,0.29952770471572876,0.09999999999999998,20000,4497.72450709343
983000,0.004792061634361744,4.812130928039551,4.810712814331055,0.18833552300930023,1.0,0.2433711290359497,0.09999999999999998,20000,4502.170014858246
984000,0.02031332068145275,5.208249092102051,5.2166547775268555,0.26999276876449585,1.0,0.42650631070137024,0.09999999999999998,20000,4506.625150918961
985000,0.013735948130488396,4.978452682495117,5.017605781555176,0.2267543375492096,1.0,0.3620624840259552,0.09999999999999998,20000,4510.887747049332
986000,0.006595569662749767,4.965420722961426,4.961135387420654,0.23057229816913605,1.0,0.2574903666973114,0.09999999999999998,20000,4515.183891773224
987000,0.016578353941440582,4.7001543045043945,4.673961162567139,0.27051228284835815,1.0,0.36645060777664185,0.09999999999999998,20000,4520.031065940857
988000,0.017582174390554428,4.857090950012207,4.897212505340576,0.3006254732608795,1.0,0.3733258843421936,0.09999999999999998,20000,4524.7774159908295
989000,0.01682835817337036,4.913423538208008,4.835223197937012,0.2901518940925598,1.0,0.35121649503707886,0.09999999999999998,20000,4529.371488809586
990000,0.02614625170826912,4.59186315536499,4.50110387802124,0.42430418729782104,1.0,0.2921479344367981,0.09999999999999998,20000,4534.294969081879
991000,0.014678298495709896,4.591939449310303,4.520001411437988,0.2734028697013855,1.0,0.31669116020202637,0.09999999999999998,20000,4539.002352952957
992000,0.04759068042039871,4.430512428283691,4.650198936462402,0.4321632981300354,1.0,0.4359619915485382,0.09999999999999998,20000,4543.541084051132
993000,0.009494761005043983,4.830944061279297,4.807002544403076,0.36231961846351624,1.0,0.14779701828956604,0.09999999999999998,20000,4548.459774971008
994000,0.010053712874650955,4.881441116333008,4.899101734161377,0.21611976623535156,1.0,0.28387707471847534,0.09999999999999998,20000,4553.170490980148
995000,0.017590777948498726,5.020137310028076,5.026429176330566,0.3182293176651001,1.0,0.31685683131217957,0.09999999999999998,20000,4557.878238916397
996000,0.02298952266573906,5.0161309242248535,5.098662376403809,0.29664963483810425,1.0,0.4206274151802063,0.09999999999999998,20000,4562.819713830948
997000,0.010516003705561161,5.021247863769531,5.105735778808594,0.2597179710865021,1.0,0.27837973833084106,0.09999999999999998,20000,4567.491379976273
998000,0.01334385760128498,5.225641250610352,5.230716705322266,0.22767584025859833,1.0,0.49264174699783325,0.09999999999999998,20000,4572.492943048477
999000,0.02407979965209961,5.058806419372559,5.2424468994140625,0.2830420136451721,1.0,0.4104049801826477,0.09999999999999998,20000,4577.253397941589
1000000,0.015682987868785858,4.705173015594482,4.642728805541992,0.23735888302326202,1.0,0.4948207139968872,0.09999999999999998,20000,4581.644851922989
