paso_global,loss,q_promedio,target_promedio,error_td_promedio,beta_per,peso_importancia_promedio,epsilon,tamano_buffer,tiempo_segundos
710000,0.10233523696660995,4.688902854919434,4.694371700286865,0.32556623220443726,1.0,1.0,0.09999999999999998,9998,16.985233068466187
711000,0.018864881247282028,4.3595380783081055,4.253739356994629,0.332557737827301,1.0,0.21195577085018158,0.09999999999999998,10998,23.240598917007446
712000,0.008406629785895348,4.26853084564209,4.224598407745361,0.3782549500465393,1.0,0.10892529785633087,0.09999999999999998,11998,30.25647497177124
713000,0.01885332725942135,4.729708194732666,4.615077018737793,0.4096180498600006,1.0,0.2337530553340912,0.09999999999999998,12998,37.20938682556152
714000,0.011165415868163109,4.355493545532227,4.374228477478027,0.23901337385177612,1.0,0.32439571619033813,0.09999999999999998,13998,43.39197516441345
715000,0.007225445471704006,4.890552520751953,4.967578411102295,0.23420411348342896,1.0,0.26452308893203735,0.09999999999999998,14998,48.54495191574097
716000,0.005376089364290237,4.494864463806152,4.55485725402832,0.37847521901130676,1.0,0.1194118857383728,0.09999999999999998,15998,53.722469091415405
717000,0.015119655057787895,4.453700065612793,4.32849645614624,0.29584017395973206,1.0,0.41725534200668335,0.09999999999999998,16998,58.9582839012146
718000,0.016093341633677483,4.403122901916504,4.5271100997924805,0.31464627385139465,1.0,0.37725508213043213,0.09999999999999998,17998,63.95775508880615
719000,0.012499997392296791,4.226364612579346,4.130894184112549,0.39478766918182373,1.0,0.21640586853027344,0.09999999999999998,18998,68.90407109260559
720000,0.00940072350203991,4.58339786529541,4.477787494659424,0.2904907464981079,1.0,0.24348340928554535,0.09999999999999998,19998,74.29026007652283
721000,0.011966705322265625,4.742121696472168,4.704557418823242,0.2748602032661438,1.0,0.2719268500804901,0.09999999999999998,20000,79.54310894012451
722000,0.01477012038230896,4.463220119476318,4.382116317749023,0.30410969257354736,1.0,0.35694223642349243,0.09999999999999998,20000,84.93082213401794
723000,0.012137813493609428,4.4033355712890625,4.478729724884033,0.26118004322052,1.0,0.3327683210372925,0.09999999999999998,20000,90.21545886993408
724000,0.009136822074651718,4.579242706298828,4.633601188659668,0.21132104098796844,1.0,0.3643330931663513,0.09999999999999998,20000,94.96789503097534
725000,0.017909931018948555,4.175877094268799,4.117830276489258,0.3759976923465729,1.0,0.32134461402893066,0.09999999999999998,20000,100.52229690551758
726000,0.006020689383149147,4.476120948791504,4.4961652755737305,0.2456957995891571,1.0,0.18955789506435394,0.09999999999999998,20000,105.51421189308167
727000,0.010861970484256744,4.332577705383301,4.129543781280518,0.4848877191543579,1.0,0.14956922829151154,0.09999999999999998,20000,110.67737579345703
728000,0.006693775299936533,4.690821647644043,4.665740966796875,0.23560787737369537,1.0,0.24344652891159058,0.09999999999999998,20000,116.26301097869873
729000,0.013320017606019974,4.36989688873291,4.232376575469971,0.3697490096092224,1.0,0.2730350196361542,0.09999999999999998,20000,121.68487095832825
730000,0.008263178169727325,4.591611862182617,4.489085674285889,0.2220187485218048,1.0,0.33251383900642395,0.09999999999999998,20000,128.3813259601593
731000,0.011368842795491219,4.265398979187012,4.123568058013916,0.24300217628479004,1.0,0.3461434841156006,0.09999999999999998,20000,135.22267603874207
732000,0.01230432465672493,4.444624900817871,4.446104049682617,0.37904971837997437,1.0,0.17898336052894592,0.09999999999999998,20000,141.0745828151703
733000,0.0038407756946980953,4.6694254875183105,4.750273704528809,0.23167163133621216,1.0,0.09993335604667664,0.09999999999999998,20000,146.92256808280945
734000,0.009170268662273884,4.435032844543457,4.427271842956543,0.3419896364212036,1.0,0.24167726933956146,0.09999999999999998,20000,152.2747778892517
735000,0.01052037812769413,4.449329376220703,4.591788291931152,0.2829388976097107,1.0,0.2570663094520569,0.09999999999999998,20000,157.63471603393555
736000,0.0038277502171695232,5.001255512237549,4.919459342956543,0.2713867723941803,1.0,0.12154936790466309,0.09999999999999998,20000,163.2977430820465
737000,0.011290257796645164,4.136174201965332,4.000368118286133,0.40422236919403076,1.0,0.19770213961601257,0.09999999999999998,20000,168.67118883132935
738000,0.011785263195633888,4.451991081237793,4.437458038330078,0.38022905588150024,1.0,0.1842564046382904,0.09999999999999998,20000,173.99454998970032
739000,0.0024776076897978783,4.42293643951416,4.29331111907959,0.2291630506515503,1.0,0.11372597515583038,0.09999999999999998,20000,179.43568086624146
740000,0.014767109416425228,4.959746360778809,4.842800617218018,0.3247033953666687,1.0,0.29289254546165466,0.09999999999999998,20000,184.79303216934204
741000,0.00754595547914505,4.648369789123535,4.57990026473999,0.25175410509109497,1.0,0.24668380618095398,0.09999999999999998,20000,190.72625494003296
742000,0.013604620471596718,4.915538787841797,5.000035285949707,0.2745426595211029,1.0,0.3221880793571472,0.09999999999999998,20000,195.9240119457245
743000,0.009726145304739475,4.592453956604004,4.638120174407959,0.2713361382484436,1.0,0.27217140793800354,0.09999999999999998,20000,201.19851899147034
744000,0.01081728283315897,4.870988368988037,4.700111389160156,0.30566900968551636,1.0,0.2559700012207031,0.09999999999999998,20000,208.27269792556763
745000,0.008991153910756111,4.785876274108887,4.731510162353516,0.30809247493743896,1.0,0.2539074718952179,0.09999999999999998,20000,215.09265089035034
746000,0.00869016069918871,4.3115949630737305,4.185412883758545,0.33542031049728394,1.0,0.1707107275724411,0.09999999999999998,20000,221.39018416404724
747000,0.01369472499936819,4.032320022583008,3.975641965866089,0.3203154504299164,1.0,0.3219277262687683,0.09999999999999998,20000,227.70328903198242
748000,0.005015200935304165,4.472903728485107,4.644994735717773,0.2581976652145386,1.0,0.1491650491952896,0.09999999999999998,20000,234.0049331188202
749000,0.009077068418264389,4.569647789001465,4.659820556640625,0.26041707396507263,1.0,0.2625869810581207,0.09999999999999998,20000,240.2310528755188
750000,0.00797673873603344,4.638895034790039,4.463247776031494,0.39399251341819763,1.0,0.22653765976428986,0.09999999999999998,20000,246.3900179862976
751000,0.03605498746037483,4.4562907218933105,4.483004093170166,0.40772294998168945,1.0,0.4086155891418457,0.09999999999999998,20000,258.78927302360535
752000,0.02217830717563629,4.283966064453125,4.362766742706299,0.36298078298568726,1.0,0.3445090055465698,0.09999999999999998,20000,265.22537207603455
753000,0.02030453458428383,4.56635856628418,4.522244453430176,0.38456279039382935,1.0,0.3262171447277069,0.09999999999999998,20000,272.9529950618744
754000,0.030095260590314865,4.609212875366211,4.648040771484375,0.3875795602798462,1.0,0.4009198546409607,0.09999999999999998,20000,278.6046869754791
755000,0.013058358803391457,4.734789848327637,4.747976779937744,0.3004612922668457,1.0,0.3396835923194885,0.09999999999999998,20000,284.23497581481934
756000,0.020765341818332672,4.847786903381348,4.751053810119629,0.3879864811897278,1.0,0.3808819651603699,0.09999999999999998,20000,289.5492310523987
757000,0.01014791615307331,4.719081401824951,4.705023288726807,0.31524109840393066,1.0,0.21482637524604797,0.09999999999999998,20000,295.2053620815277
758000,0.012634224258363247,4.9754743576049805,5.039714813232422,0.2779953181743622,1.0,0.3374220132827759,0.09999999999999998,20000,299.9191529750824
759000,0.010720407590270042,4.959921836853027,4.865307807922363,0.2602185606956482,1.0,0.3465656638145447,0.09999999999999998,20000,304.64690709114075
760000,0.012353380210697651,4.98689079284668,4.9159040451049805,0.2667284607887268,1.0,0.31059592962265015,0.09999999999999998,20000,310.86701703071594
761000,0.013885587453842163,5.084408760070801,5.079300880432129,0.2403775006532669,1.0,0.38593965768814087,0.09999999999999998,20000,316.1799750328064
762000,0.007534310221672058,4.968211650848389,4.97458553314209,0.2249971330165863,1.0,0.2890360355377197,0.09999999999999998,20000,321.43279504776
763000,0.011929994449019432,4.920576095581055,4.980033874511719,0.30878356099128723,1.0,0.30116140842437744,0.09999999999999998,20000,326.93565797805786
764000,0.010551827028393745,4.86472749710083,4.786665916442871,0.2713538408279419,1.0,0.2850538194179535,0.09999999999999998,20000,333.1216239929199
765000,0.007021988742053509,4.650177001953125,4.575329303741455,0.22816622257232666,1.0,0.21736541390419006,0.09999999999999998,20000,338.34748697280884
766000,0.004228177480399609,4.38813591003418,4.402109146118164,0.3308306336402893,1.0,0.10294440388679504,0.09999999999999998,20000,343.98360896110535
767000,0.014017303474247456,4.377051830291748,4.253161430358887,0.34824711084365845,1.0,0.22370684146881104,0.09999999999999998,20000,349.2584719657898
768000,0.015178504399955273,4.891923427581787,4.970306396484375,0.3403072655200958,1.0,0.29288095235824585,0.09999999999999998,20000,354.6568989753723
769000,0.009068560786545277,4.4060468673706055,4.203872203826904,0.34854573011398315,1.0,0.18543078005313873,0.09999999999999998,20000,359.9307339191437
770000,0.009249364957213402,5.101286888122559,5.124999046325684,0.20208054780960083,1.0,0.4157797694206238,0.09999999999999998,20000,364.74150109291077
771000,0.009335970506072044,4.9130144119262695,4.890782356262207,0.25521063804626465,1.0,0.2920916676521301,0.09999999999999998,20000,370.24616408348083
772000,0.006641461979597807,4.573944091796875,4.540675163269043,0.24351762235164642,1.0,0.2652851939201355,0.09999999999999998,20000,375.2510280609131
773000,0.0077290297485888,4.923811912536621,4.768749237060547,0.2989913523197174,1.0,0.17635442316532135,0.09999999999999998,20000,381.05788397789
774000,0.011102205142378807,5.009744167327881,4.991047382354736,0.22668929398059845,1.0,0.34619301557540894,0.09999999999999998,20000,386.24841594696045
775000,0.005372804123908281,4.382641792297363,4.361458778381348,0.24844354391098022,1.0,0.22946861386299133,0.09999999999999998,20000,391.5966579914093
776000,0.006711356341838837,4.1783342361450195,4.1465229988098145,0.2811220586299896,1.0,0.2144472599029541,0.09999999999999998,20000,396.8873279094696
777000,0.013601692393422127,4.84627628326416,4.994724750518799,0.29835018515586853,1.0,0.2867501378059387,0.09999999999999998,20000,402.3081510066986
778000,0.010628153569996357,4.5001726150512695,4.368595123291016,0.25873473286628723,1.0,0.3245682418346405,0.09999999999999998,20000,407.68396496772766
779000,0.011759940534830093,5.124439239501953,5.056878089904785,0.26172885298728943,1.0,0.34119200706481934,0.09999999999999998,20000,412.7234539985657
780000,0.010518224909901619,4.2663116455078125,4.246097087860107,0.25626781582832336,1.0,0.30122244358062744,0.09999999999999998,20000,418.25505805015564
781000,0.015492566861212254,4.650303840637207,4.656335830688477,0.3966454267501831,1.0,0.21625886857509613,0.09999999999999998,20000,423.59411692619324
782000,0.003195103257894516,4.490137100219727,4.472517967224121,0.24191075563430786,1.0,0.12005419284105301,0.09999999999999998,20000,429.4284360408783
783000,0.00856174249202013,4.643064022064209,4.513637065887451,0.39615362882614136,1.0,0.15305855870246887,0.09999999999999998,20000,434.7887279987335
784000,0.009187348186969757,4.997162818908691,5.161691188812256,0.3235575556755066,1.0,0.19640618562698364,0.09999999999999998,20000,440.312726020813
785000,0.0062940726056694984,4.7632551193237305,4.7815399169921875,0.29893189668655396,1.0,0.20350152254104614,0.09999999999999998,20000,446.0359699726105
786000,0.015843933448195457,4.740420341491699,4.654961585998535,0.32183802127838135,1.0,0.3363472819328308,0.09999999999999998,20000,451.24099802970886
787000,0.00675623957067728,4.496320724487305,4.4603681564331055,0.34408101439476013,1.0,0.14143863320350647,0.09999999999999998,20000,456.59532499313354
788000,0.0022052691783756018,4.5447516441345215,4.631011962890625,0.21167896687984467,1.0,0.08842968195676804,0.09999999999999998,20000,461.8192529678345
789000,0.006985031068325043,4.628284454345703,4.630214691162109,0.3223571479320526,1.0,0.21228700876235962,0.09999999999999998,20000,467.3977928161621
790000,0.005033934488892555,4.46307373046875,4.358476638793945,0.2742353081703186,1.0,0.1531483232975006,0.09999999999999998,20000,472.81897592544556
791000,0.00554377818480134,4.702970504760742,4.688574314117432,0.2839253544807434,1.0,0.11583857983350754,0.09999999999999998,20000,478.9096848964691
792000,0.006457056850194931,4.915491104125977,4.887986183166504,0.3484792709350586,1.0,0.1307608187198639,0.09999999999999998,20000,486.05589604377747
793000,0.005593561567366123,5.080646514892578,5.048898696899414,0.22622144222259521,1.0,0.2081277221441269,0.09999999999999998,20000,491.0002419948578
794000,0.006795032881200314,5.20068359375,4.9881911277771,0.3183656930923462,1.0,0.17317727208137512,0.09999999999999998,20000,496.76648211479187
795000,0.01005331240594387,5.346055030822754,5.416669845581055,0.2871685326099396,1.0,0.2674800753593445,0.09999999999999998,20000,502.3217680454254
796000,0.0109575055539608,4.736514091491699,4.658816814422607,0.34541648626327515,1.0,0.21936947107315063,0.09999999999999998,20000,507.31021881103516
797000,0.006193051114678383,5.030762195587158,5.163834571838379,0.34491240978240967,1.0,0.1505543738603592,0.09999999999999998,20000,512.8916730880737
798000,0.00863073393702507,5.175132751464844,5.185103416442871,0.29858916997909546,1.0,0.1964835226535797,0.09999999999999998,20000,518.2387149333954
799000,0.0032059866935014725,4.9973673820495605,4.974282264709473,0.15012577176094055,1.0,0.3086574673652649,0.09999999999999998,20000,523.5464479923248
800000,0.020325902849435806,4.746340751647949,4.677034378051758,0.310248464345932,1.0,0.438576877117157,0.09999999999999998,20000,529.1120941638947
801000,0.014375247992575169,4.904595375061035,4.923224449157715,0.2621808648109436,1.0,0.40535590052604675,0.09999999999999998,20000,539.9063398838043
802000,0.008128570392727852,4.931872844696045,4.972723960876465,0.2009657919406891,1.0,0.33859512209892273,0.09999999999999998,20000,544.6287789344788
803000,0.016040364280343056,4.613938331604004,4.728059768676758,0.2640708088874817,1.0,0.45492857694625854,0.09999999999999998,20000,550.1418018341064
804000,0.014462471008300781,4.773571491241455,4.65466833114624,0.37191253900527954,1.0,0.1884748488664627,0.09999999999999998,20000,555.1767439842224
805000,0.017409708350896835,4.836664199829102,4.985326766967773,0.31797003746032715,1.0,0.3524305820465088,0.09999999999999998,20000,560.7043290138245
806000,0.0021146549843251705,5.163166046142578,5.087900161743164,0.2347739040851593,1.0,0.10728070139884949,0.09999999999999998,20000,569.2555627822876
807000,0.00619815057143569,5.058385848999023,5.053603172302246,0.22247999906539917,1.0,0.22585605084896088,0.09999999999999998,20000,576.3722138404846
808000,0.00700747175142169,5.224573135375977,5.212738037109375,0.20687411725521088,1.0,0.3024734854698181,0.09999999999999998,20000,582.8861939907074
809000,0.006495003588497639,4.729771137237549,4.650774002075195,0.2678358554840088,1.0,0.2263621985912323,0.09999999999999998,20000,588.9251530170441
810000,0.005793073680251837,5.37716007232666,5.351574897766113,0.3591485619544983,1.0,0.14196978509426117,0.09999999999999998,20000,595.0212681293488
811000,0.009233567863702774,5.012698173522949,5.060630798339844,0.2634010314941406,1.0,0.30652713775634766,0.09999999999999998,20000,601.1435298919678
812000,0.0074247741140425205,4.982419490814209,5.012728691101074,0.27485477924346924,1.0,0.2531932294368744,0.09999999999999998,20000,607.2825140953064
813000,0.009137172251939774,5.078132629394531,5.099268913269043,0.32467973232269287,1.0,0.20622682571411133,0.09999999999999998,20000,613.2365069389343
814000,0.007481900975108147,5.636399269104004,5.649666786193848,0.24717707931995392,1.0,0.25460776686668396,0.09999999999999998,20000,619.2251980304718
815000,0.017062045633792877,4.836825847625732,4.927045822143555,0.3928728997707367,1.0,0.2249373197555542,0.09999999999999998,20000,625.2303230762482
816000,0.010243605822324753,5.21453332901001,5.12388801574707,0.26899445056915283,1.0,0.3860083222389221,0.09999999999999998,20000,631.4615001678467
817000,0.007058611139655113,5.511180877685547,5.578150272369385,0.25819286704063416,1.0,0.22924089431762695,0.09999999999999998,20000,637.4942409992218
818000,0.006032376084476709,5.350403308868408,5.393192768096924,0.22116366028785706,1.0,0.2363864779472351,0.09999999999999998,20000,643.5681529045105
819000,0.013373095542192459,4.81561279296875,4.879322052001953,0.25003379583358765,1.0,0.40033090114593506,0.09999999999999998,20000,649.6746220588684
820000,0.00830806978046894,5.062291622161865,5.10666561126709,0.2725425660610199,1.0,0.2097199261188507,0.09999999999999998,20000,655.7303569316864
821000,0.013496042229235172,5.373624324798584,5.32806396484375,0.26710429787635803,1.0,0.34356871247291565,0.09999999999999998,20000,661.6674129962921
822000,0.014427896589040756,4.81570291519165,4.832918643951416,0.3068082928657532,1.0,0.3392784595489502,0.09999999999999998,20000,667.6531059741974
823000,0.009615285322070122,4.53009033203125,4.477262496948242,0.26098817586898804,1.0,0.3178274631500244,0.09999999999999998,20000,673.7830700874329
824000,0.018452661111950874,5.025907039642334,5.048178672790527,0.3776371479034424,1.0,0.2819787859916687,0.09999999999999998,20000,679.8691780567169
825000,0.0036552688106894493,5.275875091552734,5.243762493133545,0.2001412808895111,1.0,0.17652614414691925,0.09999999999999998,20000,685.9778089523315
826000,0.006934142205864191,5.032733917236328,4.839897155761719,0.33172905445098877,1.0,0.16134819388389587,0.09999999999999998,20000,692.0386111736298
827000,0.008380087092518806,4.925016403198242,4.8888702392578125,0.2708956301212311,1.0,0.21587201952934265,0.09999999999999998,20000,698.0704710483551
828000,0.00898102205246687,5.03171968460083,4.949937343597412,0.2600328326225281,1.0,0.23177699744701385,0.09999999999999998,20000,704.2385058403015
829000,0.019346153363585472,4.756649017333984,4.685206413269043,0.2737790644168854,1.0,0.4565107822418213,0.09999999999999998,20000,710.8218970298767
830000,0.0015436572721228004,4.983867645263672,5.039766788482666,0.23785968124866486,1.0,0.08238956332206726,0.09999999999999998,20000,717.1472358703613
831000,0.02743164636194706,4.534938335418701,4.633431911468506,0.43035489320755005,1.0,0.32222992181777954,0.09999999999999998,20000,723.2643659114838
832000,0.011804819107055664,4.937443256378174,4.995206356048584,0.40212422609329224,1.0,0.19903814792633057,0.09999999999999998,20000,729.3099370002747
833000,0.016285771504044533,4.874505996704102,4.918574333190918,0.28357720375061035,1.0,0.41573867201805115,0.09999999999999998,20000,735.567510843277
834000,0.003393658436834812,5.347923755645752,5.346793174743652,0.19461552798748016,1.0,0.22502125799655914,0.09999999999999998,20000,741.6358649730682
835000,0.013237837702035904,5.130244731903076,5.036306381225586,0.30352863669395447,1.0,0.2985692620277405,0.09999999999999998,20000,747.834547996521
836000,0.00513090705499053,4.9114484786987305,4.878298759460449,0.26350831985473633,1.0,0.14282019436359406,0.09999999999999998,20000,753.8594977855682
837000,0.011922100558876991,4.738072395324707,4.764863014221191,0.2956089973449707,1.0,0.2986260652542114,0.09999999999999998,20000,759.9939811229706
838000,0.0167707372456789,4.744917869567871,4.869281768798828,0.3469688296318054,1.0,0.3168959319591522,0.09999999999999998,20000,766.4266819953918
839000,0.01725427247583866,4.493595123291016,4.482268333435059,0.4614977240562439,1.0,0.23048830032348633,0.09999999999999998,20000,772.5483648777008
840000,0.0067978594452142715,4.8755621910095215,5.111355781555176,0.31883057951927185,1.0,0.14274516701698303,0.09999999999999998,20000,778.6204268932343
841000,0.009409698657691479,4.6737751960754395,4.754571914672852,0.30460071563720703,1.0,0.1935204118490219,0.09999999999999998,20000,784.9164531230927
842000,0.014765053056180477,4.808607578277588,4.65821647644043,0.3958386182785034,1.0,0.24236106872558594,0.09999999999999998,20000,791.0592701435089
843000,0.019088830798864365,4.624992370605469,4.651201248168945,0.3160102665424347,1.0,0.36398378014564514,0.09999999999999998,20000,797.0703799724579
844000,0.011631281115114689,4.770346641540527,4.796346664428711,0.33529725670814514,1.0,0.23595361411571503,0.09999999999999998,20000,803.3391849994659
845000,0.00603119470179081,5.056551933288574,4.854547023773193,0.4138345420360565,1.0,0.13353301584720612,0.09999999999999998,20000,809.7370488643646
846000,0.006524277850985527,4.772575378417969,4.846175193786621,0.17886677384376526,1.0,0.34420233964920044,0.09999999999999998,20000,815.8938090801239
847000,0.015166639350354671,4.822598457336426,4.949621200561523,0.3379739820957184,1.0,0.2577584385871887,0.09999999999999998,20000,822.1201808452606
848000,0.023196617141366005,4.6957807540893555,4.492033958435059,0.5052831172943115,1.0,0.28878238797187805,0.09999999999999998,20000,828.2634410858154
849000,0.005276423878967762,4.625092506408691,4.771389961242676,0.24738001823425293,1.0,0.19523796439170837,0.09999999999999998,20000,834.4726450443268
850000,0.012761503458023071,4.953102111816406,4.78499698638916,0.30911868810653687,1.0,0.293916791677475,0.09999999999999998,20000,841.0528218746185
851000,0.014713935554027557,5.038410186767578,5.11705207824707,0.34932971000671387,1.0,0.2512439489364624,0.09999999999999998,20000,852.6690971851349
852000,0.015577170997858047,4.957707405090332,4.895267009735107,0.27133309841156006,1.0,0.4446682631969452,0.09999999999999998,20000,856.9749720096588
853000,0.008858117274940014,5.320972919464111,5.320578098297119,0.22193540632724762,1.0,0.3476671874523163,0.09999999999999998,20000,861.3530337810516
854000,0.0042169587686657906,4.713058948516846,4.624995708465576,0.24029511213302612,1.0,0.1512397825717926,0.09999999999999998,20000,865.6707720756531
855000,0.00430335896089673,4.515151023864746,4.433785915374756,0.28394073247909546,1.0,0.15748268365859985,0.09999999999999998,20000,869.9905052185059
856000,0.020396040752530098,4.7578325271606445,4.507132053375244,0.40563255548477173,1.0,0.3637935519218445,0.09999999999999998,20000,874.3322238922119
857000,0.027479302138090134,4.45040225982666,4.2201738357543945,0.4183178246021271,1.0,0.4267279803752899,0.09999999999999998,20000,881.0964848995209
858000,0.01433752104640007,4.543125152587891,4.404326915740967,0.36829444766044617,1.0,0.2616405487060547,0.09999999999999998,20000,887.5590398311615
859000,0.016748758032917976,4.904047966003418,4.8587646484375,0.3540591597557068,1.0,0.291094571352005,0.09999999999999998,20000,894.0885920524597
860000,0.0039614420384168625,5.262686729431152,5.213197708129883,0.2847341299057007,1.0,0.13861212134361267,0.09999999999999998,20000,900.3942980766296
861000,0.010267728939652443,5.17320442199707,5.320154666900635,0.26601219177246094,1.0,0.29100698232650757,0.09999999999999998,20000,906.344290971756
862000,0.018170781433582306,4.884708881378174,4.747481346130371,0.49971646070480347,1.0,0.19127628207206726,0.09999999999999998,20000,913.1434779167175
863000,0.014982832595705986,4.709478378295898,4.783390045166016,0.34727221727371216,1.0,0.2757536768913269,0.09999999999999998,20000,918.6400330066681
864000,0.009598398581147194,4.782822608947754,4.71707010269165,0.3228500783443451,1.0,0.23669537901878357,0.09999999999999998,20000,923.9007709026337
865000,0.002698540920391679,4.739048004150391,4.735006332397461,0.2997003495693207,1.0,0.09118396043777466,0.09999999999999998,20000,929.2168900966644
866000,0.007730177603662014,5.281693935394287,5.293820381164551,0.3121442496776581,1.0,0.21984782814979553,0.09999999999999998,20000,934.5690588951111
867000,0.00665077893063426,5.208369255065918,5.277984619140625,0.3648722767829895,1.0,0.11999820917844772,0.09999999999999998,20000,939.5047221183777
868000,0.00745763024315238,4.946015357971191,5.10136604309082,0.37896186113357544,1.0,0.15508931875228882,0.09999999999999998,20000,944.9634599685669
869000,0.008768724277615547,5.301318645477295,5.275359153747559,0.28239113092422485,1.0,0.24949878454208374,0.09999999999999998,20000,950.2516729831696
870000,0.011397529393434525,4.447988510131836,4.537819862365723,0.4568489193916321,1.0,0.16580331325531006,0.09999999999999998,20000,957.2049219608307
871000,0.009606173262000084,5.15396785736084,5.1907734870910645,0.2865169048309326,1.0,0.31687599420547485,0.09999999999999998,20000,963.3548610210419
872000,0.012800087220966816,4.861774444580078,4.614867687225342,0.39702650904655457,1.0,0.24509403109550476,0.09999999999999998,20000,970.0393278598785
873000,0.01750420778989792,5.220938682556152,5.1028947830200195,0.32097533345222473,1.0,0.37266820669174194,0.09999999999999998,20000,976.3835010528564
874000,0.007158972322940826,5.1967549324035645,5.237760543823242,0.2269265055656433,1.0,0.19996657967567444,0.09999999999999998,20000,983.0096189975739
875000,0.019192693755030632,4.805285930633545,4.592450141906738,0.3993106186389923,1.0,0.34459561109542847,0.09999999999999998,20000,990.237900018692
876000,0.011762004345655441,4.569908142089844,4.443758964538574,0.34963104128837585,1.0,0.258548378944397,0.09999999999999998,20000,996.2961320877075
877000,0.028256282210350037,4.716696262359619,4.516651630401611,0.4004877507686615,1.0,0.46054914593696594,0.09999999999999998,20000,1002.5327289104462
878000,0.007575474679470062,4.415505409240723,4.402732849121094,0.22486534714698792,1.0,0.2830730080604553,0.09999999999999998,20000,1008.2940089702606
879000,0.010332159698009491,5.051161766052246,5.053616523742676,0.2445605993270874,1.0,0.3191332221031189,0.09999999999999998,20000,1014.3490290641785
880000,0.009514694102108479,4.68009090423584,4.787777900695801,0.23251524567604065,1.0,0.31651854515075684,0.09999999999999998,20000,1020.9780309200287
881000,0.01569761522114277,4.921255111694336,4.949574947357178,0.2953280508518219,1.0,0.3955968916416168,0.09999999999999998,20000,1026.7495529651642
882000,0.01593933068215847,4.785589218139648,4.7773942947387695,0.30832284688949585,1.0,0.29325181245803833,0.09999999999999998,20000,1033.001394033432
883000,0.012220406904816628,4.9466352462768555,5.0611467361450195,0.2320815920829773,1.0,0.37711775302886963,0.09999999999999998,20000,1038.1806371212006
884000,0.005560454912483692,4.915016174316406,5.020343780517578,0.27934521436691284,1.0,0.1800777018070221,0.09999999999999998,20000,1043.8030498027802
885000,0.009597212076187134,4.908766746520996,4.869104385375977,0.25737693905830383,1.0,0.31491774320602417,0.09999999999999998,20000,1049.2689461708069
886000,0.0068169585429131985,5.474581241607666,5.4199724197387695,0.19104772806167603,1.0,0.33846503496170044,0.09999999999999998,20000,1055.8655798435211
887000,0.013016737066209316,5.038784980773926,5.011573791503906,0.2602442502975464,1.0,0.5047605037689209,0.09999999999999998,20000,1061.7041659355164
888000,0.004124443978071213,5.13173246383667,5.101894378662109,0.2821710705757141,1.0,0.1447809934616089,0.09999999999999998,20000,1067.4936950206757
889000,0.01126458402723074,4.968006134033203,5.01676607131958,0.26342275738716125,1.0,0.32705941796302795,0.09999999999999998,20000,1074.214082956314
890000,0.005518842022866011,5.044163227081299,5.007077217102051,0.17348980903625488,1.0,0.24365569651126862,0.09999999999999998,20000,1082.0373611450195
891000,0.011084329336881638,5.399624824523926,5.33297061920166,0.39485421776771545,1.0,0.19372005760669708,0.09999999999999998,20000,1087.9193351268768
892000,0.007556836120784283,4.788363933563232,4.659043312072754,0.26196467876434326,1.0,0.24346746504306793,0.09999999999999998,20000,1093.937345981598
893000,0.0028622064273804426,4.9823737144470215,4.937237739562988,0.3664974570274353,1.0,0.0650167465209961,0.09999999999999998,20000,1099.9394640922546
894000,0.008244928903877735,5.231966018676758,5.130000114440918,0.37317511439323425,1.0,0.17580154538154602,0.09999999999999998,20000,1106.2501530647278
895000,0.010556892491877079,5.0246100425720215,5.060001373291016,0.34168142080307007,1.0,0.22582271695137024,0.09999999999999998,20000,1112.413773059845
896000,0.011404139921069145,5.028246879577637,4.9397382736206055,0.3705063462257385,1.0,0.21067801117897034,0.09999999999999998,20000,1119.2890877723694
897000,0.008179603144526482,5.47154426574707,5.553778171539307,0.2648407816886902,1.0,0.27186596393585205,0.09999999999999998,20000,1125.8503777980804
898000,0.01846783421933651,4.866238594055176,4.698277950286865,0.5202905535697937,1.0,0.22936353087425232,0.09999999999999998,20000,1133.152594089508
899000,0.004747847095131874,4.78292179107666,4.651717185974121,0.37927761673927307,1.0,0.12663638591766357,0.09999999999999998,20000,1139.727087020874
900000,0.02404768206179142,4.737922668457031,4.764796733856201,0.3836669921875,1.0,0.3726041316986084,0.09999999999999998,20000,1146.0153560638428
901000,0.0070791905745863914,5.667913436889648,5.746191024780273,0.23872795701026917,1.0,0.19825252890586853,0.09999999999999998,20000,1159.4368920326233
902000,0.010510807856917381,5.1276469230651855,5.158106327056885,0.3058438003063202,1.0,0.23931774497032166,0.09999999999999998,20000,1164.3686649799347
903000,0.015495319850742817,5.166838645935059,5.149328231811523,0.3839137554168701,1.0,0.22996509075164795,0.09999999999999998,20000,1169.45818400383
904000,0.02131851762533188,5.020373344421387,5.238547325134277,0.3095414638519287,1.0,0.37026238441467285,0.09999999999999998,20000,1174.5292780399323
905000,0.004737555980682373,5.656096458435059,5.6916327476501465,0.1743910014629364,1.0,0.29187512397766113,0.09999999999999998,20000,1180.7988362312317
906000,0.012103121727705002,4.75470495223999,4.751868724822998,0.28296029567718506,1.0,0.32513582706451416,0.09999999999999998,20000,1187.2413680553436
907000,0.004372851923108101,5.286068916320801,5.197300434112549,0.21200871467590332,1.0,0.1896134912967682,0.09999999999999998,20000,1193.5236859321594
908000,0.01137611549347639,4.92669677734375,5.094836235046387,0.4617947041988373,1.0,0.12760546803474426,0.09999999999999998,20000,1199.3236520290375
909000,0.019120879471302032,5.115023612976074,4.936751842498779,0.4138445258140564,1.0,0.3271827697753906,0.09999999999999998,20000,1205.131726026535
910000,0.008661237545311451,4.677008152008057,4.837612628936768,0.32251274585723877,1.0,0.20076051354408264,0.09999999999999998,20000,1211.5365710258484
911000,0.004099234938621521,5.141787528991699,5.13843297958374,0.2235758900642395,1.0,0.15872029960155487,0.09999999999999998,20000,1217.252624988556
912000,0.02315755933523178,4.745682716369629,4.578455924987793,0.5535590052604675,1.0,0.25827062129974365,0.09999999999999998,20000,1223.709951877594
913000,0.0037430552765727043,5.540573596954346,5.469985485076904,0.21247076988220215,1.0,0.20020896196365356,0.09999999999999998,20000,1229.8502190113068
914000,0.011071853339672089,4.7953782081604,4.798739433288574,0.38658997416496277,1.0,0.19465091824531555,0.09999999999999998,20000,1235.5917851924896
915000,0.0181221142411232,4.326045036315918,4.356284141540527,0.3755265772342682,1.0,0.27733057737350464,0.09999999999999998,20000,1241.6896450519562
916000,0.01435023546218872,4.615652561187744,4.449553489685059,0.3710409998893738,1.0,0.2534279525279999,0.09999999999999998,20000,1248.0554699897766
917000,0.004158465191721916,4.95497989654541,4.974274158477783,0.2789362668991089,1.0,0.13434314727783203,0.09999999999999998,20000,1255.0466768741608
918000,0.021134745329618454,5.2162346839904785,5.1962385177612305,0.3399200439453125,1.0,0.3462405800819397,0.09999999999999998,20000,1261.3202760219574
919000,0.010117665864527225,5.183945655822754,5.180863380432129,0.27830010652542114,1.0,0.2520301640033722,0.09999999999999998,20000,1268.1811590194702
920000,0.004738412331789732,5.15568733215332,5.119783878326416,0.27140012383461,1.0,0.15350846946239471,0.09999999999999998,20000,1274.4197008609772
921000,0.015395145863294601,4.688323974609375,4.63169002532959,0.2369239330291748,1.0,0.4049015939235687,0.09999999999999998,20000,1280.724671125412
922000,0.00868701096624136,5.781547546386719,5.522475242614746,0.3280700445175171,1.0,0.2166016548871994,0.09999999999999998,20000,1287.6217620372772
923000,0.007631212472915649,5.010128498077393,5.109021186828613,0.2840956151485443,1.0,0.22328923642635345,0.09999999999999998,20000,1294.195305109024
924000,0.010708238929510117,5.678624153137207,5.695893287658691,0.2821633219718933,1.0,0.2756252884864807,0.09999999999999998,20000,1300.0417671203613
925000,0.009952465072274208,5.4698944091796875,5.475491523742676,0.2519306540489197,1.0,0.27935805916786194,0.09999999999999998,20000,1306.0088510513306
926000,0.0064725615084171295,5.7128095626831055,5.69533109664917,0.2050786018371582,1.0,0.2497989535331726,0.09999999999999998,20000,1312.6857240200043
927000,0.013463277369737625,5.13037633895874,4.971975326538086,0.2983155846595764,1.0,0.3969084918498993,0.09999999999999998,20000,1319.2196290493011
928000,0.016748497262597084,5.342567443847656,5.227302074432373,0.3723870515823364,1.0,0.28929293155670166,0.09999999999999998,20000,1325.1973028182983
929000,0.007931934669613838,4.793206214904785,4.797610282897949,0.30961644649505615,1.0,0.2466808259487152,0.09999999999999998,20000,1331.337306022644
930000,0.006057552993297577,5.144875526428223,5.244595050811768,0.20571918785572052,1.0,0.23324871063232422,0.09999999999999998,20000,1337.972165107727
931000,0.005589748732745647,5.373605251312256,5.358237266540527,0.30779993534088135,1.0,0.14124655723571777,0.09999999999999998,20000,1344.8133380413055
932000,0.00720972940325737,4.847058296203613,4.8096699714660645,0.2343102991580963,1.0,0.23560798168182373,0.09999999999999998,20000,1351.1466410160065
933000,0.02883015014231205,5.256259441375732,4.960206508636475,0.4646250009536743,1.0,0.34284132719039917,0.09999999999999998,20000,1357.4514698982239
934000,0.008724109269678593,5.385235786437988,5.310601234436035,0.3062244653701782,1.0,0.214888796210289,0.09999999999999998,20000,1363.4515690803528
935000,0.007438641972839832,5.304919719696045,5.2795729637146,0.25416022539138794,1.0,0.2852092385292053,0.09999999999999998,20000,1369.8011648654938
936000,0.009037629701197147,4.725879669189453,4.9147796630859375,0.29449179768562317,1.0,0.2531743049621582,0.09999999999999998,20000,1377.6462280750275
937000,0.02510947361588478,4.856011390686035,4.977752685546875,0.3497791290283203,1.0,0.407792866230011,0.09999999999999998,20000,1384.9082400798798
938000,0.006277080625295639,5.556098937988281,5.475013732910156,0.17930009961128235,1.0,0.3885292410850525,0.09999999999999998,20000,1391.0603408813477
939000,0.01449175551533699,4.862893104553223,4.780813217163086,0.3991954028606415,1.0,0.2856750786304474,0.09999999999999998,20000,1397.0092267990112
940000,0.02227393537759781,4.783158302307129,4.873134136199951,0.2905787229537964,1.0,0.4361109733581543,0.09999999999999998,20000,1403.9120841026306
941000,0.002642618026584387,4.766590118408203,4.834448337554932,0.36064624786376953,1.0,0.08510105311870575,0.09999999999999998,20000,1411.030972957611
942000,0.011815795674920082,5.182402610778809,5.1238179206848145,0.44945451617240906,1.0,0.18429487943649292,0.09999999999999998,20000,1417.8297488689423
943000,0.008969869464635849,4.826841831207275,4.866677284240723,0.21238714456558228,1.0,0.4105800986289978,0.09999999999999998,20000,1424.528370141983
944000,0.01506093516945839,5.45279598236084,5.501698970794678,0.3442646861076355,1.0,0.3116878271102905,0.09999999999999998,20000,1431.3315618038177
945000,0.006752305664122105,5.3599348068237305,5.421135425567627,0.22875258326530457,1.0,0.26128602027893066,0.09999999999999998,20000,1437.9091329574585
946000,0.036335110664367676,5.336292266845703,5.535257339477539,0.4914519786834717,1.0,0.41448089480400085,0.09999999999999998,20000,1444.366998910904
947000,0.027815811336040497,4.621675491333008,4.992862701416016,0.49006232619285583,1.0,0.3597257137298584,0.09999999999999998,20000,1451.4162998199463
948000,0.014031828381121159,5.040410995483398,4.857425212860107,0.274518758058548,1.0,0.32566601037979126,0.09999999999999998,20000,1458.190337896347
949000,0.009897148236632347,4.829038619995117,4.740897178649902,0.3218763470649719,1.0,0.22258707880973816,0.09999999999999998,20000,1463.913537979126
950000,0.021265143528580666,4.405436038970947,4.34771728515625,0.3188169598579407,1.0,0.4302673637866974,0.09999999999999998,20000,1470.3195469379425
951000,0.021294904872775078,5.45263671875,5.3258819580078125,0.347423791885376,1.0,0.41787105798721313,0.09999999999999998,20000,1482.292377948761
952000,0.024196309968829155,4.679349422454834,4.615813732147217,0.3550226092338562,1.0,0.338308185338974,0.09999999999999998,20000,1487.1539390087128
953000,0.0019177885260432959,4.984725475311279,4.971735000610352,0.21689867973327637,1.0,0.1038244441151619,0.09999999999999998,20000,1491.9676718711853
954000,0.0032668798230588436,5.532767295837402,5.603684425354004,0.23980797827243805,1.0,0.12871211767196655,0.09999999999999998,20000,1496.869668006897
955000,0.010428965091705322,5.116313934326172,5.124246597290039,0.29459619522094727,1.0,0.23067814111709595,0.09999999999999998,20000,1501.5961561203003
956000,0.006062649190425873,5.463572978973389,5.42921257019043,0.2428087741136551,1.0,0.24251289665699005,0.09999999999999998,20000,1506.3551950454712
957000,0.012518737465143204,4.970516204833984,4.944194793701172,0.3951214551925659,1.0,0.21968841552734375,0.09999999999999998,20000,1511.0384721755981
958000,0.005239211954176426,5.6213483810424805,5.554740905761719,0.20307733118534088,1.0,0.23489555716514587,0.09999999999999998,20000,1516.8456959724426
959000,0.011606869287788868,4.720666408538818,4.688031196594238,0.25986170768737793,1.0,0.33134153485298157,0.09999999999999998,20000,1522.5464489459991
960000,0.02151435986161232,5.327950954437256,5.271727561950684,0.2983589172363281,1.0,0.48406729102134705,0.09999999999999998,20000,1528.1065828800201
961000,0.017658844590187073,5.161175727844238,5.011415481567383,0.431816041469574,1.0,0.2673819661140442,0.09999999999999998,20000,1533.4191279411316
962000,0.005219736136496067,5.585532188415527,5.581938743591309,0.25862374901771545,1.0,0.1867285966873169,0.09999999999999998,20000,1539.1359069347382
963000,0.002133839763700962,5.506239891052246,5.440117359161377,0.2941288948059082,1.0,0.07975558936595917,0.09999999999999998,20000,1545.4757130146027
964000,0.008890357799828053,5.386238098144531,5.422802448272705,0.23862886428833008,1.0,0.2687004506587982,0.09999999999999998,20000,1551.144905090332
965000,0.01229812391102314,5.206269264221191,5.155621528625488,0.31042319536209106,1.0,0.305808424949646,0.09999999999999998,20000,1556.8646850585938
966000,0.016924992203712463,4.979823112487793,4.96635627746582,0.2647848427295685,1.0,0.4059816002845764,0.09999999999999998,20000,1562.9312732219696
967000,0.011436419561505318,5.1110758781433105,5.18387508392334,0.2553115487098694,1.0,0.32484105229377747,0.09999999999999998,20000,1568.0224208831787
968000,0.014044933021068573,5.436445236206055,5.441199779510498,0.2358412742614746,1.0,0.43887215852737427,0.09999999999999998,20000,1573.1638979911804
969000,0.006005067378282547,5.777576923370361,5.818029880523682,0.23249197006225586,1.0,0.2342863380908966,0.09999999999999998,20000,1578.3622691631317
970000,0.0061443643644452095,5.27946138381958,5.3546600341796875,0.24553081393241882,1.0,0.22477081418037415,0.09999999999999998,20000,1584.0482552051544
971000,0.0101617481559515,5.397517204284668,5.435805797576904,0.22874769568443298,1.0,0.3099510073661804,0.09999999999999998,20000,1589.3796529769897
972000,0.019162435084581375,5.490965366363525,5.482911109924316,0.3074718415737152,1.0,0.21064484119415283,0.09999999999999998,20000,1594.5305790901184
973000,0.020522667095065117,5.071061611175537,5.0532546043396,0.3451187312602997,1.0,0.36231231689453125,0.09999999999999998,20000,1599.3832669258118
974000,0.019653305411338806,5.102116107940674,5.224555015563965,0.31380921602249146,1.0,0.37910041213035583,0.09999999999999998,20000,1604.8875968456268
975000,0.019168011844158173,4.953265190124512,4.757636070251465,0.31743884086608887,1.0,0.4049409031867981,0.09999999999999998,20000,1610.1420681476593
976000,0.008027272298932076,5.3511247634887695,5.385049819946289,0.22874295711517334,1.0,0.275025874376297,0.09999999999999998,20000,1616.0425639152527
977000,0.01570439524948597,5.731008052825928,5.830270767211914,0.3933200240135193,1.0,0.23256517946720123,0.09999999999999998,20000,1621.3234469890594
978000,0.008290358819067478,5.4122314453125,5.288630485534668,0.2950632870197296,1.0,0.23298674821853638,0.09999999999999998,20000,1626.6227660179138
979000,0.0053938329219818115,5.145767688751221,5.059695243835449,0.2686024010181427,1.0,0.1989724487066269,0.09999999999999998,20000,1631.5675539970398
980000,0.020070962607860565,4.9046101570129395,4.817023277282715,0.358620285987854,1.0,0.3275473415851593,0.09999999999999998,20000,1637.0390601158142
981000,0.023594509810209274,4.968757629394531,4.961574077606201,0.3970969617366791,1.0,0.36788052320480347,0.09999999999999998,20000,1642.3212449550629
982000,0.00716662872582674,5.342652320861816,5.405938625335693,0.3105722665786743,1.0,0.1762923300266266,0.09999999999999998,20000,1647.7877299785614
983000,0.011240342631936073,4.825484752655029,4.755354881286621,0.3162999749183655,1.0,0.29084402322769165,0.09999999999999998,20000,1653.1172819137573
984000,0.004741847515106201,5.255170822143555,5.210981369018555,0.24829183518886566,1.0,0.18693041801452637,0.09999999999999998,20000,1658.6059029102325
985000,0.01333809457719326,5.433401584625244,5.54380989074707,0.2790968716144562,1.0,0.2788921296596527,0.09999999999999998,20000,1664.0749218463898
986000,0.018492456525564194,5.4683613777160645,5.194972038269043,0.40975987911224365,1.0,0.2723469138145447,0.09999999999999998,20000,1669.1367919445038
987000,0.015865180641412735,5.415034294128418,5.418432235717773,0.32352423667907715,1.0,0.35859811305999756,0.09999999999999998,20000,1674.5712559223175
988000,0.01212012767791748,5.592463493347168,5.531210899353027,0.22569608688354492,1.0,0.43935495615005493,0.09999999999999998,20000,1679.964854001999
989000,0.010680848732590675,5.207014083862305,5.125484466552734,0.3632386326789856,1.0,0.21429288387298584,0.09999999999999998,20000,1685.2894740104675
990000,0.012074220925569534,5.594289779663086,5.433523178100586,0.3431769609451294,1.0,0.2369065135717392,0.09999999999999998,20000,1690.4385619163513
991000,0.026054013520479202,5.043377876281738,4.986303329467773,0.26570212841033936,1.0,0.38091397285461426,0.09999999999999998,20000,1696.2501468658447
992000,0.01924907974898815,5.520541191101074,5.369494438171387,0.33704280853271484,1.0,0.3883914351463318,0.09999999999999998,20000,1701.6529378890991
993000,0.007479799911379814,5.195859909057617,5.388165473937988,0.30807405710220337,1.0,0.186785489320755,0.09999999999999998,20000,1707.2713928222656
994000,0.013561394065618515,5.25424337387085,5.280704498291016,0.2693103551864624,1.0,0.29327037930488586,0.09999999999999998,20000,1712.445708990097
995000,0.016870245337486267,5.2499799728393555,5.041892051696777,0.4681963622570038,1.0,0.24457761645317078,0.09999999999999998,20000,1718.5572509765625
996000,0.015118466690182686,5.23607063293457,5.080008029937744,0.33471331000328064,1.0,0.31853771209716797,0.09999999999999998,20000,1723.8977539539337
997000,0.0059604342095553875,5.036921501159668,4.934928894042969,0.37163102626800537,1.0,0.12707415223121643,0.09999999999999998,20000,1729.3720920085907
998000,0.009722674265503883,5.317754745483398,5.389019966125488,0.2957601845264435,1.0,0.24736469984054565,0.09999999999999998,20000,1734.851702928543
999000,0.016059964895248413,5.393074035644531,5.479098320007324,0.3215699791908264,1.0,0.33325260877609253,0.09999999999999998,20000,1740.2379109859467
1000000,0.015665553510189056,5.1948137283325195,5.243851184844971,0.39839935302734375,1.0,0.2693648934364319,0.09999999999999998,20000,1745.632521867752
1001000,0.013008158653974533,5.068819999694824,5.099174976348877,0.3103869557380676,1.0,0.2638966143131256,0.09999999999999998,20000,1758.585065126419
1002000,0.014239465817809105,5.400163650512695,5.398131370544434,0.27457112073898315,1.0,0.37448209524154663,0.09999999999999998,20000,1764.1701538562775
1003000,0.006801873445510864,5.363463401794434,5.29825496673584,0.2886662483215332,1.0,0.1846567839384079,0.09999999999999998,20000,1770.4697089195251
1004000,0.02163126692175865,5.287308692932129,4.925555229187012,0.5008002519607544,1.0,0.22870048880577087,0.09999999999999998,20000,1775.4941129684448
1005000,0.010004553943872452,5.7683868408203125,5.776199817657471,0.2904041111469269,1.0,0.2457607388496399,0.09999999999999998,20000,1780.8066630363464
1006000,0.008564252406358719,5.071579456329346,5.03872013092041,0.2767285704612732,1.0,0.27125611901283264,0.09999999999999998,20000,1785.6716451644897
1007000,0.010184037499129772,5.5486955642700195,5.59339714050293,0.26131871342658997,1.0,0.39009666442871094,0.09999999999999998,20000,1791.247409105301
1008000,0.023948505520820618,4.95905876159668,5.038463592529297,0.3975867033004761,1.0,0.3392820358276367,0.09999999999999998,20000,1798.6487698554993
1009000,0.003738938830792904,5.868747234344482,5.949760437011719,0.3339459002017975,1.0,0.10131295025348663,0.09999999999999998,20000,1805.1231689453125
1010000,0.0070166089572012424,5.62899112701416,5.594825744628906,0.34896546602249146,1.0,0.18406599760055542,0.09999999999999998,20000,1812.0760250091553
1011000,0.010111263021826744,5.412364959716797,5.417057991027832,0.2923472821712494,1.0,0.26272308826446533,0.09999999999999998,20000,1819.2456119060516
1012000,0.016990160569548607,5.626996994018555,5.59002161026001,0.33721020817756653,1.0,0.35392558574676514,0.09999999999999998,20000,1825.7329080104828
1013000,0.017506204545497894,5.385828495025635,5.335410118103027,0.29835695028305054,1.0,0.41448071599006653,0.09999999999999998,20000,1832.4721598625183
1014000,0.01729390397667885,5.067248344421387,5.128721237182617,0.3578856587409973,1.0,0.28585851192474365,0.09999999999999998,20000,1838.875069141388
1015000,0.006255681160837412,5.698156356811523,5.809593200683594,0.20434901118278503,1.0,0.29474204778671265,0.09999999999999998,20000,1845.399416923523
1016000,0.016735471785068512,5.374599456787109,5.469632148742676,0.3123331665992737,1.0,0.3201616704463959,0.09999999999999998,20000,1852.1951060295105
1017000,0.002993892878293991,5.605624198913574,5.624760627746582,0.19754073023796082,1.0,0.16775551438331604,0.09999999999999998,20000,1858.5063650608063
1018000,0.023855110630393028,4.704710960388184,4.684023380279541,0.4531927704811096,1.0,0.3066214323043823,0.09999999999999998,20000,1865.1587171554565
1019000,0.017205771058797836,5.169309616088867,5.191215515136719,0.28806179761886597,1.0,0.3736657202243805,0.09999999999999998,20000,1872.6323838233948
1020000,0.006647511385381222,5.260807514190674,5.28013277053833,0.2387508749961853,1.0,0.32369595766067505,0.09999999999999998,20000,1879.869511127472
1021000,0.016812637448310852,4.5229949951171875,4.6153998374938965,0.23879492282867432,1.0,0.499072790145874,0.09999999999999998,20000,1887.020525932312
1022000,0.014176883734762669,5.327782154083252,5.361011505126953,0.42177313566207886,1.0,0.2113610953092575,0.09999999999999998,20000,1894.7573249340057
1023000,0.011922325938940048,4.783764839172363,4.744318962097168,0.28190845251083374,1.0,0.31235963106155396,0.09999999999999998,20000,1901.760540008545
1024000,0.024939846247434616,5.635871887207031,5.714632034301758,0.47283855080604553,1.0,0.2715319097042084,0.09999999999999998,20000,1908.0910050868988
1025000,0.010228575207293034,5.311071872711182,5.238302230834961,0.25923147797584534,1.0,0.3263750672340393,0.09999999999999998,20000,1915.1025009155273
1026000,0.002721755765378475,5.366132736206055,5.24448299407959,0.2472386658191681,1.0,0.13865917921066284,0.09999999999999998,20000,1921.8496389389038
1027000,0.006288907025009394,5.149070739746094,5.049446105957031,0.23792245984077454,1.0,0.21697691082954407,0.09999999999999998,20000,1930.5934901237488
1028000,0.013567674905061722,5.09067964553833,5.089694023132324,0.2831576466560364,1.0,0.3372282385826111,0.09999999999999998,20000,1937.1160459518433
1029000,0.007398048881441355,5.325904846191406,5.26525354385376,0.35591238737106323,1.0,0.16007310152053833,0.09999999999999998,20000,1943.7043008804321
1030000,0.008397715166211128,4.966155052185059,4.9704694747924805,0.3123905062675476,1.0,0.18343022465705872,0.09999999999999998,20000,1951.203724861145
1031000,0.007853880524635315,5.084054470062256,5.019478797912598,0.3190326690673828,1.0,0.18702027201652527,0.09999999999999998,20000,1958.157695055008
1032000,0.012939879670739174,5.5677809715271,5.443259239196777,0.31361550092697144,1.0,0.2672698497772217,0.09999999999999998,20000,1965.3875658512115
1033000,0.012172328308224678,5.669221878051758,5.581084251403809,0.38217344880104065,1.0,0.21623334288597107,0.09999999999999998,20000,1972.2618610858917
1034000,0.0127208037301898,4.938467025756836,5.022335529327393,0.2618519365787506,1.0,0.3289704918861389,0.09999999999999998,20000,1978.600431919098
1035000,0.004647068679332733,5.653878211975098,5.708260536193848,0.3205941915512085,1.0,0.1019919216632843,0.09999999999999998,20000,1984.9002499580383
1036000,0.0060253990814089775,5.427244186401367,5.52069091796875,0.3366044759750366,1.0,0.14831414818763733,0.09999999999999998,20000,1991.2313680648804
1037000,0.01071876473724842,5.408322334289551,5.2403693199157715,0.3118598461151123,1.0,0.27464646100997925,0.09999999999999998,20000,1998.2183899879456
1038000,0.010029815137386322,5.177087783813477,5.307477951049805,0.31260907649993896,1.0,0.22345685958862305,0.09999999999999998,20000,2006.0829169750214
1039000,0.008077580481767654,5.112814426422119,5.19759464263916,0.2791043519973755,1.0,0.23339353501796722,0.09999999999999998,20000,2012.4332571029663
1040000,0.009184077382087708,5.386054039001465,5.297212600708008,0.3724931478500366,1.0,0.18051131069660187,0.09999999999999998,20000,2018.8702900409698
1041000,0.009647480212152004,5.36868953704834,5.345515251159668,0.4165949821472168,1.0,0.1427677422761917,0.09999999999999998,20000,2025.5911049842834
1042000,0.01607508957386017,5.734955787658691,5.698619842529297,0.35467392206192017,1.0,0.32473334670066833,0.09999999999999998,20000,2031.9454760551453
1043000,0.004170919768512249,5.390488147735596,5.406308174133301,0.2690492272377014,1.0,0.14239996671676636,0.09999999999999998,20000,2039.1687457561493
1044000,0.008793190121650696,5.041238307952881,4.920168399810791,0.36398279666900635,1.0,0.1672850400209427,0.09999999999999998,20000,2045.0813438892365
1045000,0.003806555178016424,5.019281387329102,5.051551818847656,0.28003084659576416,1.0,0.10853970050811768,0.09999999999999998,20000,2051.6246571540833
1046000,0.00964692048728466,4.983109474182129,5.05279541015625,0.27366572618484497,1.0,0.27949878573417664,0.09999999999999998,20000,2058.6452310085297
1047000,0.020367484539747238,5.5034284591674805,5.558043956756592,0.3125506341457367,1.0,0.42631182074546814,0.09999999999999998,20000,2064.7820949554443
1048000,0.01063242182135582,5.509145259857178,5.377322673797607,0.40057212114334106,1.0,0.21859210729599,0.09999999999999998,20000,2070.9328780174255
1049000,0.009219510480761528,5.408251762390137,5.361418724060059,0.2686953544616699,1.0,0.292576402425766,0.09999999999999998,20000,2077.3036551475525
1050000,0.02042507380247116,5.541072845458984,5.328476905822754,0.42016375064849854,1.0,0.33257389068603516,0.09999999999999998,20000,2084.970538854599
1051000,0.012566205114126205,5.340390205383301,5.385425567626953,0.27256307005882263,1.0,0.3065839111804962,0.09999999999999998,20000,2100.9074280261993
1052000,0.005852969363331795,4.956432342529297,4.899407863616943,0.22771033644676208,1.0,0.23751632869243622,0.09999999999999998,20000,2105.952584028244
1053000,0.009904690086841583,5.527483940124512,5.649486064910889,0.33463388681411743,1.0,0.23814474046230316,0.09999999999999998,20000,2110.6684770584106
1054000,0.012072315439581871,5.558352470397949,5.522241592407227,0.26882249116897583,1.0,0.302057147026062,0.09999999999999998,20000,2116.282143831253
1055000,0.01637895405292511,5.098711013793945,4.94927978515625,0.4374571442604065,1.0,0.2089792788028717,0.09999999999999998,20000,2121.6241891384125
1056000,0.005320428870618343,5.029060363769531,5.039722442626953,0.33372366428375244,1.0,0.1438431292772293,0.09999999999999998,20000,2127.310487985611
1057000,0.01831880770623684,5.670574188232422,5.639925003051758,0.2894251346588135,1.0,0.4365978538990021,0.09999999999999998,20000,2133.8104300498962
1058000,0.02421172522008419,5.231073379516602,5.3557820320129395,0.3574092984199524,1.0,0.438536137342453,0.09999999999999998,20000,2141.312987089157
1059000,0.016121797263622284,5.150394439697266,5.271804332733154,0.3084055781364441,1.0,0.3575007915496826,0.09999999999999998,20000,2148.237245082855
1060000,0.011292547918856144,4.41943883895874,4.156891822814941,0.45574134588241577,1.0,0.16308513283729553,0.09999999999999998,20000,2155.022356033325
1061000,0.012152504175901413,5.586199760437012,5.755881309509277,0.27545008063316345,1.0,0.3172844648361206,0.09999999999999998,20000,2161.4819860458374
1062000,0.005491551011800766,5.624305725097656,5.638254165649414,0.3333282768726349,1.0,0.11168184131383896,0.09999999999999998,20000,2167.756612062454
1063000,0.011664815247058868,5.62757682800293,5.581758499145508,0.3296477794647217,1.0,0.28339964151382446,0.09999999999999998,20000,2174.675670862198
1064000,0.00326427910476923,5.688612461090088,5.648306369781494,0.2968882918357849,1.0,0.09758022427558899,0.09999999999999998,20000,2180.336744070053
1065000,0.005049597471952438,5.585101127624512,5.536867141723633,0.23109421133995056,1.0,0.17640621960163116,0.09999999999999998,20000,2186.3387110233307
1066000,0.005661901086568832,5.178662300109863,5.308511734008789,0.25516200065612793,1.0,0.22302411496639252,0.09999999999999998,20000,2191.9831829071045
1067000,0.01067638024687767,5.309202194213867,5.240836143493652,0.3848878741264343,1.0,0.1794213503599167,0.09999999999999998,20000,2198.3041031360626
1068000,0.012664876878261566,5.522847652435303,5.478899002075195,0.2738254964351654,1.0,0.3263205885887146,0.09999999999999998,20000,2203.877594947815
1069000,0.003452984383329749,4.826830863952637,4.829598426818848,0.25432324409484863,1.0,0.12509365379810333,0.09999999999999998,20000,2209.5201840400696
1070000,0.009656193666160107,5.409895896911621,5.289588928222656,0.30005133152008057,1.0,0.26194077730178833,0.09999999999999998,20000,2215.7330458164215
1071000,0.01106856856495142,5.020273685455322,5.014826774597168,0.2871502935886383,1.0,0.2666642963886261,0.09999999999999998,20000,2220.675199985504
1072000,0.014792309142649174,5.514804363250732,5.412468910217285,0.2527424693107605,1.0,0.41913414001464844,0.09999999999999998,20000,2226.623915910721
1073000,0.0061198268085718155,4.991858959197998,4.900838851928711,0.3873419165611267,1.0,0.10383503139019012,0.09999999999999998,20000,2233.009335041046
1074000,0.011881965212523937,5.236990928649902,5.339927673339844,0.28133976459503174,1.0,0.29438042640686035,0.09999999999999998,20000,2239.718235015869
1075000,0.008465258404612541,5.387646198272705,5.369903564453125,0.22470414638519287,1.0,0.29605334997177124,0.09999999999999998,20000,2246.269159078598
1076000,0.011480351909995079,5.226743221282959,5.173397064208984,0.3088356852531433,1.0,0.2855589985847473,0.09999999999999998,20000,2252.8218750953674
1077000,0.0041642035357654095,5.447032451629639,5.473517417907715,0.2198120653629303,1.0,0.16469267010688782,0.09999999999999998,20000,2259.3324840068817
1078000,0.015831446275115013,5.419241428375244,5.400664329528809,0.4148160219192505,1.0,0.27394595742225647,0.09999999999999998,20000,2265.720541000366
1079000,0.009014971554279327,5.254720211029053,5.254363059997559,0.2862885296344757,1.0,0.21191006898880005,0.09999999999999998,20000,2272.5418570041656
1080000,0.005481310188770294,5.386500358581543,5.560039520263672,0.20963263511657715,1.0,0.18634310364723206,0.09999999999999998,20000,2279.5495450496674
1081000,0.006676353048533201,5.431493759155273,5.46916389465332,0.35894322395324707,1.0,0.13116097450256348,0.09999999999999998,20000,2285.778729915619
1082000,0.0019604810513556004,5.321866989135742,5.302754878997803,0.26423773169517517,1.0,0.0740499347448349,0.09999999999999998,20000,2291.7754600048065
1083000,0.005202526226639748,5.115283489227295,5.085457801818848,0.2143896222114563,1.0,0.27275633811950684,0.09999999999999998,20000,2298.631448030472
1084000,0.006596455816179514,5.0569987297058105,4.924806594848633,0.2812914252281189,1.0,0.19989827275276184,0.09999999999999998,20000,2304.8154270648956
1085000,0.009033203125,5.451969146728516,5.399097442626953,0.22882789373397827,1.0,0.35732242465019226,0.09999999999999998,20000,2311.207991838455
1086000,0.012927315197885036,4.739988327026367,4.751407623291016,0.2767035961151123,1.0,0.3028825521469116,0.09999999999999998,20000,2317.3244400024414
1087000,0.01736416295170784,5.048835754394531,5.00175666809082,0.3885428309440613,1.0,0.27788829803466797,0.09999999999999998,20000,2323.7536051273346
1088000,0.0074500953778624535,4.7706804275512695,4.952683448791504,0.3519558310508728,1.0,0.1753332018852234,0.09999999999999998,20000,2329.7879559993744
1089000,0.013186067342758179,4.870662689208984,4.786359786987305,0.4039948284626007,1.0,0.24109579622745514,0.09999999999999998,20000,2336.752842903137
1090000,0.014362603425979614,5.425049781799316,5.440183639526367,0.35951608419418335,1.0,0.2984161972999573,0.09999999999999998,20000,2342.519695043564
1091000,0.024461781606078148,5.4943342208862305,5.428805351257324,0.3721844553947449,1.0,0.3590521812438965,0.09999999999999998,20000,2348.993530035019
1092000,0.010836689732968807,5.035184860229492,5.164914608001709,0.24242405593395233,1.0,0.4121040999889374,0.09999999999999998,20000,2355.159120082855
1093000,0.0052001625299453735,5.54803991317749,5.681672096252441,0.26867741346359253,1.0,0.2028418332338333,0.09999999999999998,20000,2360.832654953003
1094000,0.01135655865073204,5.48299503326416,5.389195442199707,0.2602594792842865,1.0,0.3575102686882019,0.09999999999999998,20000,2367.366196870804
1095000,0.029141509905457497,4.873682022094727,4.783764839172363,0.41965505480766296,1.0,0.39536434412002563,0.09999999999999998,20000,2374.15855884552
1096000,0.008359874598681927,5.635601043701172,5.725053787231445,0.2343917191028595,1.0,0.336443156003952,0.09999999999999998,20000,2381.1015059947968
1097000,0.025475282222032547,5.19493293762207,5.076201915740967,0.3149762749671936,1.0,0.5185901522636414,0.09999999999999998,20000,2387.4679851531982
1098000,0.005086368881165981,4.9374799728393555,4.81842041015625,0.29122743010520935,1.0,0.16501253843307495,0.09999999999999998,20000,2393.6399919986725
1099000,0.004260395187884569,5.47057580947876,5.56490421295166,0.2084612101316452,1.0,0.18551740050315857,0.09999999999999998,20000,2399.8232831954956
1100000,0.013300066813826561,5.587947368621826,5.577142715454102,0.32093825936317444,1.0,0.29342854022979736,0.09999999999999998,20000,2406.915761947632
1101000,0.01733129285275936,4.889147758483887,4.8144659996032715,0.39462316036224365,1.0,0.3198210895061493,0.09999999999999998,20000,2422.801694869995
1102000,0.0038819187320768833,4.986166477203369,4.931094169616699,0.26814720034599304,1.0,0.13261224329471588,0.09999999999999998,20000,2429.5147540569305
1103000,0.0043145595118403435,5.633049964904785,5.643433570861816,0.19594156742095947,1.0,0.19485387206077576,0.09999999999999998,20000,2436.1737580299377
1104000,0.009154757484793663,5.193452835083008,5.073690414428711,0.2862057685852051,1.0,0.23557476699352264,0.09999999999999998,20000,2442.330565929413
1105000,0.004424598067998886,5.118307113647461,5.190749645233154,0.28159797191619873,1.0,0.11529126763343811,0.09999999999999998,20000,2448.277323961258
1106000,0.01854601874947548,5.546684741973877,5.706519603729248,0.3017228841781616,1.0,0.42132508754730225,0.09999999999999998,20000,2453.920401096344
1107000,0.010110745206475258,5.466442108154297,5.333449363708496,0.32467398047447205,1.0,0.2141571044921875,0.09999999999999998,20000,2459.805184841156
1108000,0.01129680685698986,5.563173294067383,5.547117233276367,0.2482796013355255,1.0,0.3294351100921631,0.09999999999999998,20000,2465.3896560668945
1109000,0.009728921577334404,5.050113201141357,5.084106922149658,0.274665892124176,1.0,0.21698211133480072,0.09999999999999998,20000,2471.0342638492584
1110000,0.00319807231426239,5.545189380645752,5.456745147705078,0.2587285339832306,1.0,0.1319364756345749,0.09999999999999998,20000,2477.6877360343933
1111000,0.022094745188951492,5.295139312744141,5.410616874694824,0.3052135109901428,1.0,0.36391082406044006,0.09999999999999998,20000,2483.9943561553955
1112000,0.007125247269868851,5.078797817230225,5.055746078491211,0.2426348775625229,1.0,0.20715370774269104,0.09999999999999998,20000,2490.780709028244
1113000,0.00497757364064455,5.058200836181641,5.001418113708496,0.3593204915523529,1.0,0.12107472866773605,0.09999999999999998,20000,2497.854880809784
1114000,0.0035494789481163025,5.354074478149414,5.309124946594238,0.24270546436309814,1.0,0.14433728158473969,0.09999999999999998,20000,2504.494631052017
1115000,0.006908401846885681,4.874351501464844,4.843848705291748,0.3462525010108948,1.0,0.19551286101341248,0.09999999999999998,20000,2512.4070069789886
1116000,0.013801380060613155,5.438174247741699,5.536038398742676,0.40643632411956787,1.0,0.19232740998268127,0.09999999999999998,20000,2518.6355209350586
1117000,0.013460502959787846,5.251501083374023,5.424530029296875,0.34828412532806396,1.0,0.2727407217025757,0.09999999999999998,20000,2525.3285920619965
1118000,0.01261231955140829,4.960288047790527,4.879404067993164,0.2868041694164276,1.0,0.30745142698287964,0.09999999999999998,20000,2531.4717559814453
1119000,0.01126183196902275,4.970086097717285,4.923317909240723,0.2714790403842926,1.0,0.18345466256141663,0.09999999999999998,20000,2538.4992611408234
1120000,0.02408045157790184,5.446564674377441,5.311318397521973,0.3959149122238159,1.0,0.35399970412254333,0.09999999999999998,20000,2544.641534090042
1121000,0.041216351091861725,5.32259464263916,5.220093250274658,0.4192240834236145,1.0,0.603193998336792,0.09999999999999998,20000,2552.07821393013
1122000,0.010487930849194527,5.4720869064331055,5.3565993309021,0.2468109428882599,1.0,0.33661651611328125,0.09999999999999998,20000,2558.8441519737244
1123000,0.009709297679364681,5.232293605804443,5.399023532867432,0.29482612013816833,1.0,0.2404593825340271,0.09999999999999998,20000,2566.2795491218567
1124000,0.013799341395497322,5.607874870300293,5.619596481323242,0.36275264620780945,1.0,0.2388799488544464,0.09999999999999998,20000,2573.287083864212
1125000,0.012750588357448578,5.878610134124756,5.931428909301758,0.3085927367210388,1.0,0.2706717252731323,0.09999999999999998,20000,2579.771404981613
1126000,0.00920470617711544,5.692594051361084,5.6420464515686035,0.37725508213043213,1.0,0.17296287417411804,0.09999999999999998,20000,2587.2357301712036
1127000,0.006223905365914106,5.741450309753418,5.685196876525879,0.1771133840084076,1.0,0.36908286809921265,0.09999999999999998,20000,2593.861519098282
1128000,0.007380371913313866,5.571864604949951,5.592218399047852,0.2453784942626953,1.0,0.253060519695282,0.09999999999999998,20000,2600.4933910369873
1129000,0.004540541209280491,5.705568790435791,5.76833438873291,0.21107612550258636,1.0,0.2100982964038849,0.09999999999999998,20000,2607.5436058044434
1130000,0.023791151121258736,5.112770080566406,4.9535675048828125,0.44021737575531006,1.0,0.3022783398628235,0.09999999999999998,20000,2613.9289581775665
1131000,0.013395775109529495,5.086729526519775,5.2634429931640625,0.34915247559547424,1.0,0.21875795722007751,0.09999999999999998,20000,2620.8277411460876
1132000,0.00858499575406313,5.3178277015686035,5.376516819000244,0.28810569643974304,1.0,0.24117149412631989,0.09999999999999998,20000,2628.601238012314
1133000,0.003357921727001667,5.390410423278809,5.378281593322754,0.2437170445919037,1.0,0.15573453903198242,0.09999999999999998,20000,2635.264042854309
1134000,0.010433169081807137,5.091682434082031,5.210104942321777,0.26841872930526733,1.0,0.3101809322834015,0.09999999999999998,20000,2641.9675228595734
1135000,0.008558702655136585,5.603842735290527,5.5771636962890625,0.21782255172729492,1.0,0.31191080808639526,0.09999999999999998,20000,2648.5567121505737
1136000,0.0022947369143366814,4.766640663146973,4.731656551361084,0.311123788356781,1.0,0.0843244343996048,0.09999999999999998,20000,2655.733404159546
1137000,0.030766712501645088,5.2390923500061035,5.132301330566406,0.4508793354034424,1.0,0.32388681173324585,0.09999999999999998,20000,2662.1401109695435
1138000,0.004715024493634701,5.120105743408203,5.090425491333008,0.2260248064994812,1.0,0.16918495297431946,0.09999999999999998,20000,2668.4827659130096
1139000,0.015522374771535397,5.002795219421387,4.852510452270508,0.4088268280029297,1.0,0.27328070998191833,0.09999999999999998,20000,2675.011197090149
1140000,0.01571638509631157,5.088198661804199,5.293379306793213,0.3685261607170105,1.0,0.26174259185791016,0.09999999999999998,20000,2682.679037094116
1141000,0.005053728353232145,5.488006591796875,5.427219867706299,0.20263035595417023,1.0,0.21197491884231567,0.09999999999999998,20000,2690.052489042282
1142000,0.011857466772198677,5.579131603240967,5.526906967163086,0.2444724142551422,1.0,0.3987281918525696,0.09999999999999998,20000,2696.3594269752502
1143000,0.007776349782943726,5.299102783203125,5.312723636627197,0.26947763562202454,1.0,0.2303280234336853,0.09999999999999998,20000,2702.9932980537415
1144000,0.025361333042383194,4.990412712097168,4.964777946472168,0.3798145353794098,1.0,0.4136967658996582,0.09999999999999998,20000,2708.8172929286957
1145000,0.0149772260338068,5.047579288482666,5.029242515563965,0.3670283555984497,1.0,0.30107003450393677,0.09999999999999998,20000,2715.7003569602966
1146000,0.01889694295823574,5.159459114074707,5.052558898925781,0.377201646566391,1.0,0.3169848918914795,0.09999999999999998,20000,2723.2012231349945
1147000,0.015130198560655117,5.314481258392334,5.33583402633667,0.35340553522109985,1.0,0.25724315643310547,0.09999999999999998,20000,2730.5423698425293
1148000,0.004624261520802975,4.706349849700928,4.691079616546631,0.2989354133605957,1.0,0.13026373088359833,0.09999999999999998,20000,2738.490905046463
1149000,0.019906623288989067,5.107447624206543,5.265319347381592,0.3848516345024109,1.0,0.3228806257247925,0.09999999999999998,20000,2745.434441804886
1150000,0.00864490307867527,4.957669258117676,4.882889747619629,0.2435375303030014,1.0,0.2964797616004944,0.09999999999999998,20000,2752.05202293396
1151000,0.005153710022568703,4.917571544647217,4.813141345977783,0.216415137052536,1.0,0.2171405851840973,0.09999999999999998,20000,2766.4036259651184
1152000,0.005744516383856535,5.357172012329102,5.446619033813477,0.2753606140613556,1.0,0.22335630655288696,0.09999999999999998,20000,2772.4235920906067
1153000,0.010665061883628368,5.404048919677734,5.325832366943359,0.2703079581260681,1.0,0.2179919332265854,0.09999999999999998,20000,2778.9475648403168
1154000,0.0069700269959867,5.036499977111816,4.86221981048584,0.2881350815296173,1.0,0.21548309922218323,0.09999999999999998,20000,2785.3018231391907
1155000,0.007484302390366793,5.167933464050293,5.276094913482666,0.39283257722854614,1.0,0.14361059665679932,0.09999999999999998,20000,2792.3435480594635
1156000,0.010955149307847023,5.548518657684326,5.526673793792725,0.25797998905181885,1.0,0.3794146180152893,0.09999999999999998,20000,2799.4119169712067
1157000,0.006920853164047003,5.10342264175415,5.067963123321533,0.24097193777561188,1.0,0.251167356967926,0.09999999999999998,20000,2805.1851460933685
1158000,0.02644829824566841,5.276918411254883,5.318394184112549,0.41155070066452026,1.0,0.3780585527420044,0.09999999999999998,20000,2811.6378841400146
1159000,0.012004230171442032,5.564528465270996,5.688118934631348,0.2814180850982666,1.0,0.3228112757205963,0.09999999999999998,20000,2819.157037973404
1160000,0.005689512938261032,5.398076057434082,5.357911586761475,0.18444108963012695,1.0,0.331800639629364,0.09999999999999998,20000,2826.5547380447388
1161000,0.016593053936958313,5.377906322479248,5.346743106842041,0.35008877515792847,1.0,0.33090120553970337,0.09999999999999998,20000,2833.5617661476135
1162000,0.005133063532412052,4.990384578704834,5.009946823120117,0.28602316975593567,1.0,0.1909438669681549,0.09999999999999998,20000,2840.3002321720123
1163000,0.021509557962417603,4.7521748542785645,4.75004768371582,0.3296920657157898,1.0,0.4155566692352295,0.09999999999999998,20000,2846.165065050125
1164000,0.020202092826366425,5.418659687042236,5.607520580291748,0.35448193550109863,1.0,0.35149550437927246,0.09999999999999998,20000,2852.758085012436
1165000,0.015091056935489178,5.219165802001953,5.172898292541504,0.3393545150756836,1.0,0.29100823402404785,0.09999999999999998,20000,2860.3271679878235
1166000,0.01295516174286604,4.988224983215332,5.089200019836426,0.29847899079322815,1.0,0.2949286103248596,0.09999999999999998,20000,2867.910761117935
1167000,0.004049269482493401,5.4676361083984375,5.549132347106934,0.26240724325180054,1.0,0.14712855219841003,0.09999999999999998,20000,2875.4101400375366
1168000,0.019103221595287323,5.044351577758789,5.061150550842285,0.3524707853794098,1.0,0.2999672293663025,0.09999999999999998,20000,2882.7539370059967
1169000,0.0066618537530303,5.507674217224121,5.643129348754883,0.2605956196784973,1.0,0.21397727727890015,0.09999999999999998,20000,2889.6064949035645
1170000,0.006611334625631571,5.259416580200195,5.253916263580322,0.33769577741622925,1.0,0.1509193778038025,0.09999999999999998,20000,2896.4324340820312
1171000,0.016158849000930786,5.111185073852539,5.192146301269531,0.26982468366622925,1.0,0.4440905749797821,0.09999999999999998,20000,2903.153822183609
1172000,0.011555063538253307,5.152774333953857,5.246283531188965,0.2792489528656006,1.0,0.3197338581085205,0.09999999999999998,20000,2909.4507160186768
1173000,0.004783023148775101,4.846000671386719,4.808389663696289,0.3223210871219635,1.0,0.13794440031051636,0.09999999999999998,20000,2916.3027210235596
1174000,0.01844041980803013,5.177817344665527,5.183072090148926,0.3244505524635315,1.0,0.36725541949272156,0.09999999999999998,20000,2923.400148868561
1175000,0.012818166986107826,5.206171989440918,5.206526756286621,0.2539704144001007,1.0,0.4400978982448578,0.09999999999999998,20000,2929.8488109111786
1176000,0.012074640020728111,4.899415493011475,4.853908538818359,0.469449520111084,1.0,0.16575941443443298,0.09999999999999998,20000,2936.088984966278
1177000,0.007764266803860664,5.571916580200195,5.62355899810791,0.26410576701164246,1.0,0.2595245838165283,0.09999999999999998,20000,2942.68999004364
1178000,0.010895670391619205,4.933122634887695,5.025744438171387,0.27542808651924133,1.0,0.3267149329185486,0.09999999999999998,20000,2949.4486980438232
1179000,0.008522732183337212,5.228789329528809,5.255342960357666,0.22024473547935486,1.0,0.3219480514526367,0.09999999999999998,20000,2955.9959919452667
1180000,0.007793760858476162,5.585118293762207,5.534523963928223,0.24433770775794983,1.0,0.2988070249557495,0.09999999999999998,20000,2962.16729593277
1181000,0.013460629619657993,4.902111530303955,4.842789649963379,0.4411901831626892,1.0,0.2530158758163452,0.09999999999999998,20000,2968.7289459705353
1182000,0.010535143315792084,5.57292366027832,5.436069488525391,0.2955302894115448,1.0,0.2601582109928131,0.09999999999999998,20000,2975.328681945801
1183000,0.010213915258646011,5.868157863616943,5.864409446716309,0.2955297827720642,1.0,0.254998117685318,0.09999999999999998,20000,2982.462292909622
1184000,0.005777291487902403,5.379650115966797,5.506237030029297,0.28162479400634766,1.0,0.15482063591480255,0.09999999999999998,20000,2988.9309589862823
1185000,0.005884598940610886,5.117166519165039,5.089860439300537,0.2996414303779602,1.0,0.1558493673801422,0.09999999999999998,20000,2995.3693568706512
1186000,0.007068593520671129,5.20170783996582,5.1934814453125,0.272042453289032,1.0,0.23219621181488037,0.09999999999999998,20000,3001.6318769454956
1187000,0.013522583991289139,5.726517677307129,5.689059257507324,0.2519228458404541,1.0,0.3502677083015442,0.09999999999999998,20000,3007.451117992401
1188000,0.0335838608443737,5.213442802429199,5.318291664123535,0.6290972232818604,1.0,0.32117724418640137,0.09999999999999998,20000,3013.0450189113617
1189000,0.004327257163822651,5.483222007751465,5.405673980712891,0.2715785503387451,1.0,0.1294090300798416,0.09999999999999998,20000,3018.6601169109344
1190000,0.017552463337779045,4.719128608703613,4.5656328201293945,0.3835480809211731,1.0,0.29313141107559204,0.09999999999999998,20000,3024.3926980495453
1191000,0.004750559572130442,4.873529434204102,4.701412200927734,0.28669920563697815,1.0,0.12784913182258606,0.09999999999999998,20000,3030.424439907074
1192000,0.018437128514051437,4.830188751220703,4.828680515289307,0.26287907361984253,1.0,0.366790771484375,0.09999999999999998,20000,3036.0332090854645
1193000,0.004014551639556885,4.71024227142334,4.697787284851074,0.3145029544830322,1.0,0.13119935989379883,0.09999999999999998,20000,3041.9500110149384
1194000,0.013123688288033009,5.416802406311035,5.4554524421691895,0.35979539155960083,1.0,0.2575104236602783,0.09999999999999998,20000,3048.3806490898132
1195000,0.013063644990324974,5.006123065948486,4.964916706085205,0.2507377862930298,1.0,0.4043837785720825,0.09999999999999998,20000,3054.885473012924
1196000,0.002889062277972698,5.3340253829956055,5.386617660522461,0.22172687947750092,1.0,0.10890793800354004,0.09999999999999998,20000,3062.8108389377594
1197000,0.006357342936098576,4.946230411529541,4.898013591766357,0.32512617111206055,1.0,0.1600894033908844,0.09999999999999998,20000,3069.665321111679
1198000,0.011943881399929523,4.692519187927246,4.722887992858887,0.3596218228340149,1.0,0.20535597205162048,0.09999999999999998,20000,3076.2883129119873
1199000,0.007583616767078638,5.3918914794921875,5.392692565917969,0.210341677069664,1.0,0.28995364904403687,0.09999999999999998,20000,3082.536862850189
1200000,0.008736198768019676,5.69016170501709,5.748741149902344,0.2504391372203827,1.0,0.3063414692878723,0.09999999999999998,20000,3088.3379600048065
1201000,0.022948186844587326,5.282049179077148,5.357370853424072,0.3152400255203247,1.0,0.4574071764945984,0.09999999999999998,20000,3103.4156770706177
1202000,0.002722071949392557,5.200357437133789,5.177167892456055,0.23963290452957153,1.0,0.14997515082359314,0.09999999999999998,20000,3109.325208902359
1203000,0.012877457775175571,5.013401031494141,5.055324554443359,0.26671501994132996,1.0,0.32689785957336426,0.09999999999999998,20000,3115.7682609558105
1204000,0.0068011898547410965,4.331085681915283,4.247557163238525,0.2975795865058899,1.0,0.16888538002967834,0.09999999999999998,20000,3121.100783109665
1205000,0.008483330719172955,5.144444465637207,5.148304462432861,0.299237459897995,1.0,0.22272194921970367,0.09999999999999998,20000,3126.971915960312
1206000,0.013498656451702118,5.47206449508667,5.527627944946289,0.22783569991588593,1.0,0.44004565477371216,0.09999999999999998,20000,3132.883708000183
1207000,0.005643193610012531,5.133490085601807,5.1756486892700195,0.26442641019821167,1.0,0.20050707459449768,0.09999999999999998,20000,3139.634001016617
1208000,0.002991383196786046,4.654685020446777,4.582514762878418,0.2512132227420807,1.0,0.12450756132602692,0.09999999999999998,20000,3145.5322420597076
1209000,0.00780497258529067,5.176229476928711,5.143975734710693,0.2074986696243286,1.0,0.32622599601745605,0.09999999999999998,20000,3151.953630924225
1210000,0.008876776322722435,5.356809616088867,5.313675880432129,0.2566719949245453,1.0,0.2924882769584656,0.09999999999999998,20000,3157.7018399238586
1211000,0.005289173685014248,5.474428176879883,5.454297065734863,0.31182557344436646,1.0,0.11018280684947968,0.09999999999999998,20000,3163.815456867218
1212000,0.02927784062922001,5.073636054992676,4.976172924041748,0.43923401832580566,1.0,0.38365066051483154,0.09999999999999998,20000,3169.9309430122375
1213000,0.01207160297781229,4.936621189117432,4.911971092224121,0.3243326246738434,1.0,0.3013555109500885,0.09999999999999998,20000,3176.4234941005707
1214000,0.012787073850631714,5.137341499328613,5.203600883483887,0.276833713054657,1.0,0.3782389163970947,0.09999999999999998,20000,3182.9082448482513
1215000,0.014817324467003345,5.064891338348389,5.20884895324707,0.327123761177063,1.0,0.32193899154663086,0.09999999999999998,20000,3189.7774000167847
1216000,0.004781188443303108,5.538974761962891,5.542821884155273,0.2436361312866211,1.0,0.15986913442611694,0.09999999999999998,20000,3196.2876110076904
1217000,0.010951382108032703,5.437379837036133,5.378382682800293,0.38098570704460144,1.0,0.18848812580108643,0.09999999999999998,20000,3201.591241121292
1218000,0.00924100074917078,5.335729598999023,5.232821464538574,0.2696790099143982,1.0,0.29374998807907104,0.09999999999999998,20000,3207.0025520324707
1219000,0.005848850589245558,5.535606384277344,5.575409889221191,0.2583414316177368,1.0,0.1435880959033966,0.09999999999999998,20000,3212.942013978958
1220000,0.006714262999594212,5.369658470153809,5.418348789215088,0.2379940152168274,1.0,0.23387989401817322,0.09999999999999998,20000,3218.744767189026
1221000,0.021327786147594452,5.096698760986328,5.0889997482299805,0.3724329471588135,1.0,0.3411324620246887,0.09999999999999998,20000,3225.39404296875
1222000,0.0036186124198138714,5.231183052062988,5.2488508224487305,0.20103053748607635,1.0,0.22003906965255737,0.09999999999999998,20000,3232.48335814476
1223000,0.007896386086940765,4.866842269897461,5.031618595123291,0.3951759338378906,1.0,0.13363727927207947,0.09999999999999998,20000,3239.1943788528442
1224000,0.007836303673684597,6.190487861633301,6.195281028747559,0.21460452675819397,1.0,0.3168635368347168,0.09999999999999998,20000,3245.669445991516
1225000,0.017332319170236588,4.613440990447998,4.538050651550293,0.2975991368293762,1.0,0.17827872931957245,0.09999999999999998,20000,3251.7824108600616
1226000,0.008768333122134209,5.621065139770508,5.5236687660217285,0.275804728269577,1.0,0.22494149208068848,0.09999999999999998,20000,3258.005709886551
1227000,0.009941942989826202,5.4098219871521,5.414578914642334,0.3026852011680603,1.0,0.27315428853034973,0.09999999999999998,20000,3264.209244966507
1228000,0.005585897713899612,5.322379112243652,5.400618076324463,0.212076798081398,1.0,0.23779167234897614,0.09999999999999998,20000,3269.694752931595
1229000,0.006710497662425041,4.97805643081665,4.930415630340576,0.3588574528694153,1.0,0.1625569760799408,0.09999999999999998,20000,3276.075012922287
1230000,0.006796177476644516,5.383243560791016,5.408469200134277,0.26359647512435913,1.0,0.1758473813533783,0.09999999999999998,20000,3281.856750011444
1231000,0.005328637547791004,5.101241588592529,5.102141857147217,0.33392083644866943,1.0,0.12264662235975266,0.09999999999999998,20000,3287.4983088970184
1232000,0.0032623205333948135,5.624409198760986,5.624967575073242,0.26914823055267334,1.0,0.12193265557289124,0.09999999999999998,20000,3292.922019004822
1233000,0.0041346075013279915,4.9881110191345215,5.048551559448242,0.2503504455089569,1.0,0.14374199509620667,0.09999999999999998,20000,3298.6992750167847
1234000,0.015443515963852406,5.629730224609375,5.587154388427734,0.36166465282440186,1.0,0.2700357139110565,0.09999999999999998,20000,3304.363023042679
1235000,0.005872043780982494,5.4786481857299805,5.37014102935791,0.30556613206863403,1.0,0.17962528765201569,0.09999999999999998,20000,3311.119987010956
1236000,0.01843615248799324,4.874051094055176,4.785434246063232,0.38113439083099365,1.0,0.2396048903465271,0.09999999999999998,20000,3317.5375661849976
1237000,0.0018800435354933143,5.308906555175781,5.350116729736328,0.2317180037498474,1.0,0.09773367643356323,0.09999999999999998,20000,3323.616865873337
1238000,0.006804253906011581,5.012603759765625,5.063457489013672,0.3684810996055603,1.0,0.15787485241889954,0.09999999999999998,20000,3329.6990559101105
1239000,0.026891395449638367,4.959517478942871,5.116462230682373,0.3570609390735626,1.0,0.36288928985595703,0.09999999999999998,20000,3335.576117992401
1240000,0.005209402646869421,5.501228332519531,5.537664413452148,0.2432461380958557,1.0,0.20748472213745117,0.09999999999999998,20000,3341.5791919231415
1241000,0.004329263232648373,5.669578552246094,5.824737548828125,0.26893651485443115,1.0,0.13086794316768646,0.09999999999999998,20000,3347.675784111023
1242000,0.02516230009496212,5.224060535430908,5.084645748138428,0.46989160776138306,1.0,0.3338824212551117,0.09999999999999998,20000,3353.68700504303
1243000,0.008212759159505367,4.857024669647217,4.8574676513671875,0.24001486599445343,1.0,0.27957433462142944,0.09999999999999998,20000,3359.6910829544067
1244000,0.010610146448016167,5.112852096557617,4.983328819274902,0.34540846943855286,1.0,0.2243264615535736,0.09999999999999998,20000,3365.6466641426086
1245000,0.031015168875455856,5.3564558029174805,5.081450462341309,0.4153514504432678,1.0,0.37792789936065674,0.09999999999999998,20000,3371.4615449905396
1246000,0.014489931985735893,4.771717548370361,4.740316390991211,0.35845261812210083,1.0,0.2788773775100708,0.09999999999999998,20000,3377.6371970176697
1247000,0.009742114692926407,5.569165229797363,5.5361762046813965,0.229528546333313,1.0,0.37167567014694214,0.09999999999999998,20000,3383.5935719013214
1248000,0.008558113127946854,5.321865081787109,5.404250621795654,0.29661744832992554,1.0,0.23512518405914307,0.09999999999999998,20000,3389.5025639533997
1249000,0.005554334260523319,5.290815353393555,5.3482465744018555,0.20759834349155426,1.0,0.24482543766498566,0.09999999999999998,20000,3395.5476891994476
1250000,0.00926169753074646,5.571928977966309,5.56524658203125,0.31622254848480225,1.0,0.23771467804908752,0.09999999999999998,20000,3401.4605779647827
1251000,0.01483120582997799,5.396941184997559,5.509026527404785,0.411329984664917,1.0,0.17908859252929688,0.09999999999999998,20000,3414.516180038452
1252000,0.010893943719565868,5.162107467651367,5.131875038146973,0.33390572667121887,1.0,0.22021207213401794,0.09999999999999998,20000,3419.3954331874847
1253000,0.01447847206145525,5.417562484741211,5.462972640991211,0.2352992445230484,1.0,0.4713597595691681,0.09999999999999998,20000,3424.6415209770203
1254000,0.016450315713882446,5.10052490234375,5.052221298217773,0.31663715839385986,1.0,0.3757840692996979,0.09999999999999998,20000,3429.656768798828
1255000,0.009799870662391186,5.069025039672852,5.2220869064331055,0.308635413646698,1.0,0.25467073917388916,0.09999999999999998,20000,3434.2734920978546
1256000,0.014765549451112747,5.595221042633057,5.298722267150879,0.4758843183517456,1.0,0.2409580945968628,0.09999999999999998,20000,3439.2681698799133
1257000,0.006604584399610758,5.211795806884766,5.230995178222656,0.3151797354221344,1.0,0.14853619039058685,0.09999999999999998,20000,3444.078413963318
1258000,0.0071243830025196075,5.720565319061279,5.784587383270264,0.2945758104324341,1.0,0.19508999586105347,0.09999999999999998,20000,3448.842264890671
1259000,0.017760641872882843,4.940046310424805,4.823845386505127,0.4152548015117645,1.0,0.29232603311538696,0.09999999999999998,20000,3453.535672903061
1260000,0.012005760334432125,5.892915725708008,5.924992561340332,0.248744398355484,1.0,0.3316081762313843,0.09999999999999998,20000,3458.203279018402
1261000,0.004160292912274599,5.934178829193115,5.961448669433594,0.30544137954711914,1.0,0.11021970957517624,0.09999999999999998,20000,3462.5794949531555
1262000,0.011126886121928692,5.325405120849609,5.403526306152344,0.2491801679134369,1.0,0.3931863605976105,0.09999999999999998,20000,3468.0084869861603
1263000,0.004745734855532646,5.523148536682129,5.621729373931885,0.2847541272640228,1.0,0.14344599843025208,0.09999999999999998,20000,3472.404484987259
1264000,0.008893356658518314,5.302035331726074,5.314775466918945,0.20583534240722656,1.0,0.403373658657074,0.09999999999999998,20000,3476.8135499954224
1265000,0.014751829206943512,5.30349063873291,5.269382476806641,0.2768480181694031,1.0,0.4149450659751892,0.09999999999999998,20000,3481.17396402359
1266000,0.005101535469293594,5.191342353820801,5.152593612670898,0.2379206418991089,1.0,0.19648051261901855,0.09999999999999998,20000,3486.7797858715057
1267000,0.007170552387833595,5.217763423919678,5.092885971069336,0.262380450963974,1.0,0.21145816147327423,0.09999999999999998,20000,3492.9237401485443
1268000,0.012623267248272896,5.028716564178467,5.125345230102539,0.36994221806526184,1.0,0.30228257179260254,0.09999999999999998,20000,3499.084182024002
1269000,0.008518383838236332,4.872403621673584,4.924564361572266,0.31656116247177124,1.0,0.2422041893005371,0.09999999999999998,20000,3505.1337699890137
1270000,0.008903207257390022,4.874222755432129,4.723501205444336,0.4597828686237335,1.0,0.17364832758903503,0.09999999999999998,20000,3511.267100095749
1271000,0.009051242843270302,4.885038375854492,4.86213493347168,0.3002914786338806,1.0,0.2716178894042969,0.09999999999999998,20000,3517.290279150009
1272000,0.010303860530257225,4.8315958976745605,4.827230453491211,0.3100951910018921,1.0,0.27982601523399353,0.09999999999999998,20000,3523.453788995743
1273000,0.009867604821920395,5.076273441314697,4.90284538269043,0.35623764991760254,1.0,0.20202714204788208,0.09999999999999998,20000,3529.558429002762
1274000,0.006729993503540754,4.450708866119385,4.443464756011963,0.2670489549636841,1.0,0.19114950299263,0.09999999999999998,20000,3535.4601078033447
1275000,0.010118848644196987,5.492536544799805,5.493279457092285,0.25375741720199585,1.0,0.3293679356575012,0.09999999999999998,20000,3541.818619966507
1276000,0.007629713974893093,5.242514133453369,5.303999423980713,0.27098485827445984,1.0,0.21357791125774384,0.09999999999999998,20000,3547.779742002487
1277000,0.017495647072792053,5.4688262939453125,5.586349010467529,0.3020188808441162,1.0,0.40503984689712524,0.09999999999999998,20000,3553.696913957596
1278000,0.0018655635649338365,4.780364513397217,4.810756206512451,0.19503825902938843,1.0,0.11476266384124756,0.09999999999999998,20000,3560.338371992111
1279000,0.010915931314229965,5.570413112640381,5.55989408493042,0.21134795248508453,1.0,0.4418131709098816,0.09999999999999998,20000,3566.7175698280334
1280000,0.010816635563969612,5.231253623962402,5.137746334075928,0.3304690718650818,1.0,0.2156267762184143,0.09999999999999998,20000,3573.0972220897675
1281000,0.008433002978563309,5.319760322570801,5.261792182922363,0.2630065679550171,1.0,0.25742045044898987,0.09999999999999998,20000,3579.150055170059
1282000,0.010985365137457848,5.727433204650879,5.736869812011719,0.30421915650367737,1.0,0.26293715834617615,0.09999999999999998,20000,3585.60826587677
1283000,0.005170609336346388,5.305610179901123,5.341948509216309,0.18486997485160828,1.0,0.27343514561653137,0.09999999999999998,20000,3592.1006100177765
1284000,0.004068553447723389,5.8195953369140625,5.889007568359375,0.2525821030139923,1.0,0.13494844734668732,0.09999999999999998,20000,3598.221652030945
1285000,0.006053293123841286,5.308250904083252,5.1847124099731445,0.2773584723472595,1.0,0.18213339149951935,0.09999999999999998,20000,3604.662302017212
1286000,0.013848988339304924,5.058634281158447,5.012677192687988,0.27551186084747314,1.0,0.27411940693855286,0.09999999999999998,20000,3611.039750099182
1287000,0.01079671923071146,5.365447998046875,5.248152732849121,0.34633421897888184,1.0,0.24869205057621002,0.09999999999999998,20000,3617.1276659965515
1288000,0.00498541072010994,5.2373833656311035,5.362054824829102,0.2893971800804138,1.0,0.15958797931671143,0.09999999999999998,20000,3623.374154806137
1289000,0.006926947273313999,5.586192607879639,5.6377739906311035,0.3205088973045349,1.0,0.18979166448116302,0.09999999999999998,20000,3629.856157064438
1290000,0.006544743664562702,5.372060298919678,5.441494464874268,0.25814905762672424,1.0,0.25690826773643494,0.09999999999999998,20000,3637.223116874695
1291000,0.002331860363483429,5.341282844543457,5.384653091430664,0.23115211725234985,1.0,0.1450010985136032,0.09999999999999998,20000,3643.4295399188995
1292000,0.006220134906470776,5.27974271774292,5.221114158630371,0.1896802932024002,1.0,0.2880838215351105,0.09999999999999998,20000,3650.023594856262
1293000,0.015536432154476643,5.07338809967041,5.053079128265381,0.3735484182834625,1.0,0.24377784132957458,0.09999999999999998,20000,3656.8070549964905
1294000,0.016750484704971313,5.387213706970215,5.190547466278076,0.3773552477359772,1.0,0.3179866671562195,0.09999999999999998,20000,3663.067170858383
1295000,0.015347584150731564,5.21697473526001,5.1896138191223145,0.29836538434028625,1.0,0.30712735652923584,0.09999999999999998,20000,3669.400913953781
1296000,0.004847153089940548,5.599180221557617,5.538876533508301,0.23037150502204895,1.0,0.1923648715019226,0.09999999999999998,20000,3675.708552122116
1297000,0.006092609837651253,5.621539115905762,5.701423645019531,0.22606724500656128,1.0,0.2620164752006531,0.09999999999999998,20000,3681.6643970012665
1298000,0.008668706752359867,4.862069129943848,4.85072135925293,0.3317767381668091,1.0,0.15998303890228271,0.09999999999999998,20000,3687.7229940891266
1299000,0.012387995608150959,5.196735858917236,5.089570045471191,0.32776856422424316,1.0,0.2782738506793976,0.09999999999999998,20000,3693.7215440273285
1300000,0.0051423716358840466,5.406973838806152,5.431412696838379,0.2286556214094162,1.0,0.2060050666332245,0.09999999999999998,20000,3700.2375390529633
1301000,0.014398826286196709,5.208765983581543,5.3332672119140625,0.3799707889556885,1.0,0.2488623708486557,0.09999999999999998,20000,3713.8752269744873
1302000,0.03176956623792648,5.16411018371582,5.1123247146606445,0.35596370697021484,1.0,0.42344915866851807,0.09999999999999998,20000,3720.115036010742
1303000,0.0027126427739858627,5.606285095214844,5.562161445617676,0.3319397568702698,1.0,0.08829899877309799,0.09999999999999998,20000,3726.631684064865
1304000,0.010184455662965775,5.509117603302002,5.4921112060546875,0.3356318771839142,1.0,0.1737019419670105,0.09999999999999998,20000,3732.9640159606934
1305000,0.011996488086879253,5.193892478942871,4.974396228790283,0.29417896270751953,1.0,0.30858027935028076,0.09999999999999998,20000,3739.133866786957
1306000,0.019516047090291977,5.814587593078613,5.817305088043213,0.3426547050476074,1.0,0.3047519326210022,0.09999999999999998,20000,3745.4620258808136
1307000,0.004707328509539366,4.9886884689331055,4.872960090637207,0.23200157284736633,1.0,0.20881906151771545,0.09999999999999998,20000,3751.6663870811462
1308000,0.004351509734988213,5.965388298034668,6.099134922027588,0.24995356798171997,1.0,0.1542346328496933,0.09999999999999998,20000,3757.6120879650116
1309000,0.002988584339618683,5.727482795715332,5.757190704345703,0.22507216036319733,1.0,0.14031608402729034,0.09999999999999998,20000,3763.539099931717
1310000,0.003566508647054434,5.20028829574585,5.139744281768799,0.35132959485054016,1.0,0.1006341427564621,0.09999999999999998,20000,3769.646808862686
1311000,0.008468693122267723,5.63972282409668,5.719210624694824,0.34657347202301025,1.0,0.1906062662601471,0.09999999999999998,20000,3776.3331859111786
1312000,0.004711133893579245,5.325770378112793,5.204019546508789,0.29785171151161194,1.0,0.11867564171552658,0.09999999999999998,20000,3782.5399219989777
1313000,0.004664215259253979,5.652069568634033,5.789637565612793,0.24121609330177307,1.0,0.19814714789390564,0.09999999999999998,20000,3788.8843569755554
1314000,0.004357876721769571,5.345677375793457,5.3587212562561035,0.21740582585334778,1.0,0.18241626024246216,0.09999999999999998,20000,3795.0814781188965
1315000,0.018874552100896835,5.5594377517700195,5.633646488189697,0.2872045040130615,1.0,0.39652547240257263,0.09999999999999998,20000,3801.2983388900757
1316000,0.009315061382949352,5.11789608001709,5.034605503082275,0.3085923194885254,1.0,0.2670782208442688,0.09999999999999998,20000,3807.5838899612427
1317000,0.030485911294817924,4.990568161010742,4.970619201660156,0.33748048543930054,1.0,0.5323009490966797,0.09999999999999998,20000,3813.892879962921
1318000,0.012233925051987171,5.340008735656738,5.299238204956055,0.4202628433704376,1.0,0.2074679285287857,0.09999999999999998,20000,3820.186313867569
1319000,0.010746743530035019,5.009049415588379,5.163162708282471,0.3052595257759094,1.0,0.21375127136707306,0.09999999999999998,20000,3826.436543226242
1320000,0.012201640754938126,4.649102687835693,4.542184352874756,0.5194913744926453,1.0,0.15926365554332733,0.09999999999999998,20000,3832.679136991501
1321000,0.021219104528427124,4.487482070922852,4.537600517272949,0.3775787949562073,1.0,0.3183194100856781,0.09999999999999998,20000,3838.6828157901764
1322000,0.01913389191031456,5.622403144836426,5.497786045074463,0.355612576007843,1.0,0.345889687538147,0.09999999999999998,20000,3844.502039909363
1323000,0.008204575628042221,5.134009838104248,5.0264668464660645,0.22546041011810303,1.0,0.3456878364086151,0.09999999999999998,20000,3850.6695997714996
1324000,0.007678980939090252,5.300630569458008,5.403474807739258,0.3022417724132538,1.0,0.20620715618133545,0.09999999999999998,20000,3856.901627063751
1325000,0.005150048993527889,5.446836948394775,5.385033130645752,0.21882364153862,1.0,0.22848384082317352,0.09999999999999998,20000,3863.1033902168274
1326000,0.0052962591871619225,5.242884635925293,5.059099197387695,0.29246950149536133,1.0,0.17484575510025024,0.09999999999999998,20000,3869.245064020157
1327000,0.008323540911078453,5.175983428955078,5.092768669128418,0.29778000712394714,1.0,0.24238426983356476,0.09999999999999998,20000,3875.496225833893
1328000,0.015427064150571823,4.911382675170898,4.818417549133301,0.4934583902359009,1.0,0.27520784735679626,0.09999999999999998,20000,3881.767487049103
1329000,0.021576181054115295,5.455631256103516,5.4069719314575195,0.25224563479423523,1.0,0.5393564105033875,0.09999999999999998,20000,3888.220484972
1330000,0.01268794946372509,4.906252861022949,4.864800453186035,0.2547113299369812,1.0,0.3720945715904236,0.09999999999999998,20000,3894.3338429927826
1331000,0.0037347094621509314,4.437078475952148,4.421163558959961,0.29476454854011536,1.0,0.09821803122758865,0.09999999999999998,20000,3900.442498922348
1332000,0.012128030881285667,4.931413650512695,5.020231246948242,0.2896738350391388,1.0,0.3010399341583252,0.09999999999999998,20000,3906.7334339618683
1333000,0.00634760083630681,5.120843410491943,5.20059871673584,0.24035558104515076,1.0,0.21073049306869507,0.09999999999999998,20000,3912.77761387825
1334000,0.005461599677801132,5.808130741119385,5.789904594421387,0.29532861709594727,1.0,0.16386470198631287,0.09999999999999998,20000,3918.885402917862
1335000,0.006212944630533457,5.030792236328125,4.954167366027832,0.206943541765213,1.0,0.2469438910484314,0.09999999999999998,20000,3924.904825925827
1336000,0.00780677143484354,5.494476318359375,5.556034564971924,0.2876128852367401,1.0,0.2296416461467743,0.09999999999999998,20000,3931.4686319828033
1337000,0.012673585675656796,5.639918327331543,5.6158881187438965,0.2749320864677429,1.0,0.3424034118652344,0.09999999999999998,20000,3937.778708219528
1338000,0.003448568284511566,4.8553314208984375,4.923389911651611,0.1491180658340454,1.0,0.31299692392349243,0.09999999999999998,20000,3944.2297151088715
1339000,0.005468265153467655,5.8859453201293945,5.831027984619141,0.3978147506713867,1.0,0.09031039476394653,0.09999999999999998,20000,3950.4329698085785
1340000,0.012947442010045052,5.172415733337402,5.202053070068359,0.34761160612106323,1.0,0.25551965832710266,0.09999999999999998,20000,3956.7616169452667
1341000,0.008642425760626793,5.056612968444824,4.987010478973389,0.33452919125556946,1.0,0.24197810888290405,0.09999999999999998,20000,3963.058239221573
1342000,0.0022020949982106686,5.759835243225098,5.723931312561035,0.24896396696567535,1.0,0.1102302148938179,0.09999999999999998,20000,3969.6622371673584
1343000,0.010431414470076561,5.3187384605407715,5.122983455657959,0.315997838973999,1.0,0.26496216654777527,0.09999999999999998,20000,3975.9533689022064
1344000,0.014153740368783474,5.462615013122559,5.502247333526611,0.2700122594833374,1.0,0.3750293254852295,0.09999999999999998,20000,3982.2290511131287
1345000,0.006792067550122738,5.722474098205566,5.850078105926514,0.3279460370540619,1.0,0.13999566435813904,0.09999999999999998,20000,3988.520323038101
1346000,0.009318405762314796,5.500628471374512,5.477812767028809,0.3342440128326416,1.0,0.21257738769054413,0.09999999999999998,20000,3994.5553460121155
1347000,0.007857585325837135,5.453167915344238,5.3337531089782715,0.2854573726654053,1.0,0.23033572733402252,0.09999999999999998,20000,4000.677062034607
1348000,0.005100286565721035,5.030448913574219,5.0036420822143555,0.32170575857162476,1.0,0.13818681240081787,0.09999999999999998,20000,4006.836361169815
1349000,0.009026451967656612,5.824001312255859,5.890799045562744,0.18299990892410278,1.0,0.486041396856308,0.09999999999999998,20000,4013.4033482074738
1350000,0.007047368213534355,5.119104385375977,5.017058372497559,0.24409273266792297,1.0,0.2777320146560669,0.09999999999999998,20000,4019.7754600048065
1351000,0.02320021763443947,5.426455497741699,5.457042217254639,0.3176790773868561,1.0,0.4007982611656189,0.09999999999999998,20000,4033.7697970867157
1352000,0.011423934251070023,5.366137504577637,5.402639865875244,0.30335357785224915,1.0,0.3068366050720215,0.09999999999999998,20000,4040.0665550231934
1353000,0.011338802985846996,5.018562316894531,4.926438808441162,0.2392018735408783,1.0,0.35260534286499023,0.09999999999999998,20000,4046.7556908130646
1354000,0.00700772600248456,5.69126558303833,5.566587448120117,0.34242722392082214,1.0,0.17000655829906464,0.09999999999999998,20000,4053.183580160141
1355000,0.02273622155189514,4.734189033508301,4.657020568847656,0.4403665065765381,1.0,0.252648264169693,0.09999999999999998,20000,4059.5064239501953
1356000,0.014517933130264282,5.105101585388184,5.048582077026367,0.34015756845474243,1.0,0.31901082396507263,0.09999999999999998,20000,4065.8198339939117
1357000,0.010597213171422482,5.320183753967285,5.4019670486450195,0.2961200773715973,1.0,0.2436610758304596,0.09999999999999998,20000,4071.7465341091156
1358000,0.007389573380351067,4.490242958068848,4.547811985015869,0.30301615595817566,1.0,0.18944045901298523,0.09999999999999998,20000,4077.8709321022034
1359000,0.019788719713687897,4.815246105194092,4.785927772521973,0.35788124799728394,1.0,0.3115537762641907,0.09999999999999998,20000,4083.777179956436
1360000,0.007314981892704964,5.504646301269531,5.602726936340332,0.2009594738483429,1.0,0.27936509251594543,0.09999999999999998,20000,4089.7630739212036
1361000,0.010733246803283691,5.613307952880859,5.776238441467285,0.3441729247570038,1.0,0.22319871187210083,0.09999999999999998,20000,4096.2399289608
1362000,0.005900952965021133,5.169046401977539,5.188999176025391,0.22415931522846222,1.0,0.14394491910934448,0.09999999999999998,20000,4102.586739063263
1363000,0.008643988519906998,4.868984699249268,4.8308305740356445,0.30254215002059937,1.0,0.17907491326332092,0.09999999999999998,20000,4109.266073942184
1364000,0.01148092932999134,4.890944004058838,4.826840877532959,0.2811129689216614,1.0,0.30776098370552063,0.09999999999999998,20000,4115.528337955475
1365000,0.0213170126080513,5.052716255187988,5.127694129943848,0.37469714879989624,1.0,0.3719466030597687,0.09999999999999998,20000,4121.960370063782
1366000,0.030558452010154724,5.273313045501709,5.269912242889404,0.44831544160842896,1.0,0.37094563245773315,0.09999999999999998,20000,4128.357428073883
1367000,0.005348282866179943,4.966444492340088,4.842838287353516,0.3596382737159729,1.0,0.13423579931259155,0.09999999999999998,20000,4134.667865991592
1368000,0.013929976150393486,5.024672508239746,5.147373199462891,0.31600216031074524,1.0,0.31605470180511475,0.09999999999999998,20000,4140.901381015778
1369000,0.005148246884346008,5.360662460327148,5.427214622497559,0.3668057322502136,1.0,0.12833863496780396,0.09999999999999998,20000,4147.084234952927
1370000,0.016802923753857613,5.471750736236572,5.537869453430176,0.28702789545059204,1.0,0.37829992175102234,0.09999999999999998,20000,4153.465550899506
1371000,0.01982024870812893,5.279508590698242,5.217650413513184,0.45443984866142273,1.0,0.24601709842681885,0.09999999999999998,20000,4159.41416311264
1372000,0.012417759746313095,5.094748020172119,5.10835075378418,0.2802995443344116,1.0,0.3326030373573303,0.09999999999999998,20000,4165.587961912155
1373000,0.016081003472208977,5.222336769104004,5.362246036529541,0.29021912813186646,1.0,0.3584011197090149,0.09999999999999998,20000,4171.565384149551
1374000,0.012240584939718246,4.836967468261719,4.789220809936523,0.26045310497283936,1.0,0.36411404609680176,0.09999999999999998,20000,4178.460536003113
1375000,0.022675160318613052,5.580140113830566,5.551551342010498,0.4629959166049957,1.0,0.26537176966667175,0.09999999999999998,20000,4184.769624948502
1376000,0.012690503150224686,5.566838264465332,5.424825668334961,0.2367628663778305,1.0,0.36861318349838257,0.09999999999999998,20000,4191.22616314888
1377000,0.004825002048164606,4.9900665283203125,5.015726089477539,0.21824504435062408,1.0,0.17759858071804047,0.09999999999999998,20000,4197.614452123642
1378000,0.002767425263300538,5.496708393096924,5.616244792938232,0.24936893582344055,1.0,0.12652185559272766,0.09999999999999998,20000,4203.908243179321
1379000,0.006896612700074911,5.506410598754883,5.564181327819824,0.2033338099718094,1.0,0.30820390582084656,0.09999999999999998,20000,4210.165225982666
1380000,0.014125647954642773,5.660104274749756,5.678149700164795,0.24598060548305511,1.0,0.42490118741989136,0.09999999999999998,20000,4216.355757951736
1381000,0.035670362412929535,5.4514689445495605,5.413426876068115,0.4920913577079773,1.0,0.39654654264450073,0.09999999999999998,20000,4222.5960149765015
1382000,0.01103589404374361,5.741131782531738,5.8842997550964355,0.27289366722106934,1.0,0.32470154762268066,0.09999999999999998,20000,4229.126368999481
1383000,0.007105100434273481,5.5910186767578125,5.5382585525512695,0.189368337392807,1.0,0.35701239109039307,0.09999999999999998,20000,4236.189824819565
1384000,0.028650034219026566,5.219817161560059,5.107123374938965,0.4241665005683899,1.0,0.3445385992527008,0.09999999999999998,20000,4242.193428993225
1385000,0.0051840078085660934,5.495133399963379,5.587231636047363,0.29060301184654236,1.0,0.1707218885421753,0.09999999999999998,20000,4248.1612939834595
1386000,0.010506312362849712,5.672943115234375,5.756422996520996,0.36920249462127686,1.0,0.21622827649116516,0.09999999999999998,20000,4254.732840061188
1387000,0.006086030974984169,5.2933244705200195,5.260644912719727,0.2666577398777008,1.0,0.17034687101840973,0.09999999999999998,20000,4261.060852050781
1388000,0.006287854164838791,5.106776237487793,5.170836448669434,0.19112488627433777,1.0,0.262092649936676,0.09999999999999998,20000,4267.407255887985
1389000,0.021328002214431763,5.505681037902832,5.386141777038574,0.4763187766075134,1.0,0.29435765743255615,0.09999999999999998,20000,4273.620447874069
1390000,0.011372989043593407,5.2260236740112305,5.2624311447143555,0.23491522669792175,1.0,0.4027976989746094,0.09999999999999998,20000,4280.082562923431
1391000,0.0025427634827792645,5.029867172241211,4.996491432189941,0.2954719662666321,1.0,0.07746390253305435,0.09999999999999998,20000,4286.2430601119995
1392000,0.008605964481830597,4.941058158874512,4.816585063934326,0.323954313993454,1.0,0.22932235896587372,0.09999999999999998,20000,4292.523733854294
1393000,0.009458804503083229,5.030802249908447,5.009372711181641,0.38750818371772766,1.0,0.1737360954284668,0.09999999999999998,20000,4298.876566886902
1394000,0.015897206962108612,6.020398139953613,6.003176212310791,0.21827983856201172,1.0,0.5718645453453064,0.09999999999999998,20000,4305.213683128357
1395000,0.002970791421830654,5.313947677612305,5.493838310241699,0.29860466718673706,1.0,0.09909473359584808,0.09999999999999998,20000,4311.30926990509
1396000,0.003840778721496463,5.826061248779297,5.681850433349609,0.2087814211845398,1.0,0.15779003500938416,0.09999999999999998,20000,4317.273853063583
1397000,0.006555403582751751,5.526501655578613,5.437175750732422,0.26957061886787415,1.0,0.2004307061433792,0.09999999999999998,20000,4323.207551240921
1398000,0.0050032977014780045,5.503393173217773,5.586878299713135,0.36359167098999023,1.0,0.10545612871646881,0.09999999999999998,20000,4329.103738069534
1399000,0.006880928762257099,4.675407409667969,4.578312873840332,0.20872879028320312,1.0,0.3167268931865692,0.09999999999999998,20000,4335.806285858154
1400000,0.005639875773340464,5.096558570861816,5.094858169555664,0.31911373138427734,1.0,0.15573473274707794,0.09999999999999998,20000,4342.094090938568
1401000,0.008122993633151054,4.601773738861084,4.554692268371582,0.36186841130256653,1.0,0.16727301478385925,0.09999999999999998,20000,4355.102836847305
1402000,0.005301082041114569,5.608653545379639,5.582615375518799,0.3332342505455017,1.0,0.12499549984931946,0.09999999999999998,20000,4361.3562541008
1403000,0.00600516377016902,5.328606605529785,5.3738861083984375,0.28918153047561646,1.0,0.17324864864349365,0.09999999999999998,20000,4367.606784820557
1404000,0.019819438457489014,5.295864105224609,5.225358963012695,0.3433377146720886,1.0,0.34128230810165405,0.09999999999999998,20000,4374.1572461128235
1405000,0.007205440197139978,5.258402347564697,5.277281761169434,0.32646116614341736,1.0,0.18360334634780884,0.09999999999999998,20000,4380.405237913132
1406000,0.006564370356500149,5.5253095626831055,5.547550201416016,0.2520502805709839,1.0,0.20325246453285217,0.09999999999999998,20000,4386.681673049927
1407000,0.009086471050977707,5.6399359703063965,5.724270343780518,0.312979519367218,1.0,0.23243412375450134,0.09999999999999998,20000,4392.718571901321
1408000,0.019331837072968483,6.034258842468262,6.100115776062012,0.2742215692996979,1.0,0.49450770020484924,0.09999999999999998,20000,4398.960031986237
1409000,0.009337765164673328,5.587887763977051,5.564743995666504,0.3547126054763794,1.0,0.19665846228599548,0.09999999999999998,20000,4404.899302005768
1410000,0.005009624175727367,6.20268440246582,6.100059509277344,0.36200469732284546,1.0,0.12651847302913666,0.09999999999999998,20000,4411.267079114914
1411000,0.017154913395643234,5.22053337097168,5.342397689819336,0.2794055640697479,1.0,0.36708515882492065,0.09999999999999998,20000,4417.62223982811
1412000,0.005750767420977354,5.926571846008301,5.84499454498291,0.1817530393600464,1.0,0.3035823702812195,0.09999999999999998,20000,4424.141716003418
1413000,0.012413524091243744,5.87026834487915,6.105584144592285,0.4002138376235962,1.0,0.23113539814949036,0.09999999999999998,20000,4430.533801078796
1414000,0.012241177260875702,5.710339069366455,5.74404239654541,0.24451453983783722,1.0,0.4209890067577362,0.09999999999999998,20000,4436.798921108246
1415000,0.004060870967805386,5.1464009284973145,5.089405536651611,0.22451567649841309,1.0,0.18762850761413574,0.09999999999999998,20000,4443.105349063873
1416000,0.002091007074341178,5.322772026062012,5.4407958984375,0.2976818084716797,1.0,0.08749943226575851,0.09999999999999998,20000,4449.413192033768
1417000,0.010196949355304241,5.4003777503967285,5.257189750671387,0.26956796646118164,1.0,0.2497418224811554,0.09999999999999998,20000,4455.527232885361
1418000,0.005364906508475542,5.845527648925781,5.834537982940674,0.20277589559555054,1.0,0.3058144450187683,0.09999999999999998,20000,4461.812256813049
1419000,0.015809599310159683,5.520559310913086,5.532217025756836,0.30628567934036255,1.0,0.3201664090156555,0.09999999999999998,20000,4468.183869123459
1420000,0.0044347019866108894,5.407871723175049,5.40986442565918,0.20686903595924377,1.0,0.2550943195819855,0.09999999999999998,20000,4474.234390974045
1421000,0.01627602055668831,5.296978950500488,5.316279411315918,0.3703395128250122,1.0,0.2872255742549896,0.09999999999999998,20000,4480.205524921417
1422000,0.0067823901772499084,5.470306396484375,5.5179443359375,0.27881181240081787,1.0,0.20836393535137177,0.09999999999999998,20000,4486.025172948837
1423000,0.017402242869138718,5.42241096496582,5.357478141784668,0.2662578821182251,1.0,0.44944119453430176,0.09999999999999998,20000,4492.932525873184
1424000,0.003442722372710705,5.134143352508545,5.139255523681641,0.3051016330718994,1.0,0.09796200692653656,0.09999999999999998,20000,4499.475987195969
1425000,0.016191955655813217,5.08276891708374,5.070880889892578,0.2502705752849579,1.0,0.43849825859069824,0.09999999999999998,20000,4505.568628072739
1426000,0.00770418019965291,5.08558988571167,5.002520561218262,0.28426092863082886,1.0,0.19983568787574768,0.09999999999999998,20000,4511.944470882416
1427000,0.004932037089020014,5.670194149017334,5.850520133972168,0.3243311941623688,1.0,0.14165464043617249,0.09999999999999998,20000,4518.388088941574
1428000,0.024186210706830025,5.268538475036621,5.208148956298828,0.36094948649406433,1.0,0.459954172372818,0.09999999999999998,20000,4524.792789936066
1429000,0.004756220616400242,5.225467681884766,5.2222490310668945,0.23426219820976257,1.0,0.1971505731344223,0.09999999999999998,20000,4530.971236944199
1430000,0.01497085765004158,5.380987167358398,5.426653861999512,0.39815378189086914,1.0,0.23962198197841644,0.09999999999999998,20000,4537.218235015869
1431000,0.009963380172848701,5.476234436035156,5.542936325073242,0.3247251808643341,1.0,0.19276320934295654,0.09999999999999998,20000,4543.791188955307
1432000,0.017854608595371246,5.6647443771362305,5.519991874694824,0.38103973865509033,1.0,0.32734963297843933,0.09999999999999998,20000,4549.934308052063
1433000,0.00825702678412199,5.080883026123047,5.00283145904541,0.2744329869747162,1.0,0.23049095273017883,0.09999999999999998,20000,4556.086651086807
1434000,0.009966806508600712,5.207587718963623,5.190990447998047,0.2326394021511078,1.0,0.3176953196525574,0.09999999999999998,20000,4562.162505865097
1435000,0.011431095190346241,5.225966453552246,5.129159927368164,0.3802827298641205,1.0,0.25283658504486084,0.09999999999999998,20000,4568.5990381240845
1436000,0.0051294355653226376,5.3538055419921875,5.3300933837890625,0.24521952867507935,1.0,0.1798020601272583,0.09999999999999998,20000,4574.944757938385
1437000,0.010587482713162899,5.981400489807129,5.989291667938232,0.2604108154773712,1.0,0.3173316717147827,0.09999999999999998,20000,4581.291059017181
1438000,0.005854729097336531,5.782656192779541,5.781793117523193,0.18232904374599457,1.0,0.3799094557762146,0.09999999999999998,20000,4587.865848064423
1439000,0.00627492368221283,5.314154624938965,5.437258720397949,0.2551068365573883,1.0,0.206810861825943,0.09999999999999998,20000,4594.3980939388275
1440000,0.013871254399418831,5.402970314025879,5.566609859466553,0.3786551058292389,1.0,0.25715336203575134,0.09999999999999998,20000,4600.780817985535
1441000,0.004815228283405304,5.532556533813477,5.536803722381592,0.19909003376960754,1.0,0.23946276307106018,0.09999999999999998,20000,4606.955465078354
1442000,0.0024913805536925793,4.975920677185059,4.851892948150635,0.403378427028656,1.0,0.06070275977253914,0.09999999999999998,20000,4613.448636054993
1443000,0.003613265696913004,5.727771282196045,5.715180397033691,0.24892328679561615,1.0,0.15530073642730713,0.09999999999999998,20000,4619.790814161301
1444000,0.01417284831404686,5.675726890563965,5.779455661773682,0.2735670804977417,1.0,0.31811970472335815,0.09999999999999998,20000,4626.138829946518
1445000,0.011190192773938179,5.3604841232299805,5.184778213500977,0.343664288520813,1.0,0.26044270396232605,0.09999999999999998,20000,4632.358972072601
1446000,0.006174367852509022,5.646820545196533,5.633305549621582,0.260715126991272,1.0,0.23600740730762482,0.09999999999999998,20000,4638.274698972702
1447000,0.003328172490000725,5.80348014831543,5.764652729034424,0.19837069511413574,1.0,0.215889573097229,0.09999999999999998,20000,4644.379136800766
1448000,0.004992052912712097,5.7229743003845215,5.757129669189453,0.27366918325424194,1.0,0.11585649102926254,0.09999999999999998,20000,4651.203151941299
1449000,0.007344409823417664,5.65602970123291,5.6171674728393555,0.2725093364715576,1.0,0.2727004885673523,0.09999999999999998,20000,4658.284544944763
1450000,0.006762419827282429,5.280276298522949,5.380051136016846,0.2500552535057068,1.0,0.21895980834960938,0.09999999999999998,20000,4665.505615949631
1451000,0.011652975343167782,4.775798797607422,4.671819686889648,0.3326077163219452,1.0,0.26645922660827637,0.09999999999999998,20000,4678.569464921951
1452000,0.011084610596299171,5.706904411315918,5.75916862487793,0.2700970768928528,1.0,0.28963127732276917,0.09999999999999998,20000,4684.533770799637
1453000,0.006661059334874153,5.99505615234375,6.115715026855469,0.2517181634902954,1.0,0.2588502764701843,0.09999999999999998,20000,4690.525308132172
1454000,0.01150914654135704,5.7342448234558105,5.649231910705566,0.274993896484375,1.0,0.34664779901504517,0.09999999999999998,20000,4696.4759640693665
1455000,0.007044482510536909,5.742783546447754,5.807003021240234,0.24868260324001312,1.0,0.20570781826972961,0.09999999999999998,20000,4702.704262018204
1456000,0.0171880591660738,5.72213077545166,5.63761043548584,0.2782800495624542,1.0,0.40067824721336365,0.09999999999999998,20000,4708.435653924942
1457000,0.01038394309580326,5.523667335510254,5.417025566101074,0.34085965156555176,1.0,0.2653454542160034,0.09999999999999998,20000,4714.285916090012
1458000,0.015304723754525185,5.284823417663574,5.387491226196289,0.4034516215324402,1.0,0.2525175213813782,0.09999999999999998,20000,4720.010288953781
1459000,0.013863380998373032,5.574265956878662,5.674091339111328,0.2677910029888153,1.0,0.3162163496017456,0.09999999999999998,20000,4726.427838087082
1460000,0.007814412005245686,5.681456565856934,5.553218364715576,0.34035152196884155,1.0,0.1951080858707428,0.09999999999999998,20000,4733.737560033798
1461000,0.02551150880753994,4.96596622467041,4.771829605102539,0.46622133255004883,1.0,0.3367031514644623,0.09999999999999998,20000,4739.786332130432
1462000,0.02052336558699608,5.608519554138184,5.612026214599609,0.36598098278045654,1.0,0.3366331160068512,0.09999999999999998,20000,4745.84334397316
1463000,0.007163927424699068,5.609015464782715,5.7312822341918945,0.23333236575126648,1.0,0.2614063620567322,0.09999999999999998,20000,4751.774192094803
1464000,0.009433284401893616,5.887686729431152,5.951138496398926,0.2587701082229614,1.0,0.3280150890350342,0.09999999999999998,20000,4757.794553995132
1465000,0.007123739458620548,5.6797003746032715,5.730738639831543,0.2207830846309662,1.0,0.2894778847694397,0.09999999999999998,20000,4763.944319009781
1466000,0.0028735315427184105,5.88407039642334,5.8553314208984375,0.27273088693618774,1.0,0.11081288754940033,0.09999999999999998,20000,4769.9310030937195
1467000,0.003972972743213177,5.5556488037109375,5.427334785461426,0.31370413303375244,1.0,0.10634386539459229,0.09999999999999998,20000,4775.963906049728
1468000,0.029550934210419655,5.156622886657715,5.2808518409729,0.3864719569683075,1.0,0.403372198343277,0.09999999999999998,20000,4781.911017894745
1469000,0.002557077445089817,5.193174839019775,5.190794944763184,0.24924854934215546,1.0,0.08893128484487534,0.09999999999999998,20000,4787.703040838242
1470000,0.007162429392337799,5.452567100524902,5.339831829071045,0.28160470724105835,1.0,0.21259814500808716,0.09999999999999998,20000,4793.591307878494
1471000,0.00848840270191431,5.809094429016113,5.580936431884766,0.3712631165981293,1.0,0.17288586497306824,0.09999999999999998,20000,4799.342658042908
1472000,0.006008806638419628,5.457724094390869,5.388406753540039,0.29739910364151,1.0,0.15892627835273743,0.09999999999999998,20000,4805.630162000656
1473000,0.01372041366994381,5.859868049621582,5.794740200042725,0.3311586380004883,1.0,0.3051975965499878,0.09999999999999998,20000,4812.156519174576
1474000,0.003983584698289633,5.405498504638672,5.422082901000977,0.2689690887928009,1.0,0.14675989747047424,0.09999999999999998,20000,4818.260375022888
1475000,0.006635475438088179,5.694999694824219,5.82451057434082,0.35452574491500854,1.0,0.16512636840343475,0.09999999999999998,20000,4824.447439908981
1476000,0.011942092329263687,5.8617048263549805,5.936797618865967,0.3033207058906555,1.0,0.3255041241645813,0.09999999999999998,20000,4830.680567979813
1477000,0.010205505415797234,5.488007545471191,5.657416343688965,0.3606116473674774,1.0,0.23528046905994415,0.09999999999999998,20000,4838.002489089966
1478000,0.009880558587610722,5.248945713043213,5.295182704925537,0.23929670453071594,1.0,0.3085233271121979,0.09999999999999998,20000,4844.888406991959
1479000,0.0115896537899971,5.855495452880859,5.7625322341918945,0.26660600304603577,1.0,0.3989642858505249,0.09999999999999998,20000,4851.140128850937
1480000,0.004332386888563633,5.915622711181641,5.908354759216309,0.2837910056114197,1.0,0.13648663461208344,0.09999999999999998,20000,4857.513326883316
1481000,0.006713454145938158,5.542533874511719,5.47129487991333,0.3620755970478058,1.0,0.15316912531852722,0.09999999999999998,20000,4863.651084899902
1482000,0.0053035602904856205,5.637083053588867,5.6668806076049805,0.3010157644748688,1.0,0.16203686594963074,0.09999999999999998,20000,4869.461933851242
1483000,0.012210579589009285,5.763978958129883,5.79058837890625,0.3011242747306824,1.0,0.2880195379257202,0.09999999999999998,20000,4875.237853050232
1484000,0.013890297152101994,5.429354190826416,5.425182819366455,0.2305464744567871,1.0,0.4620935022830963,0.09999999999999998,20000,4880.976206064224
1485000,0.017197079956531525,5.424191474914551,5.465601921081543,0.33035600185394287,1.0,0.3647192716598511,0.09999999999999998,20000,4886.981126070023
1486000,0.013999907299876213,6.202706336975098,6.3674635887146,0.3369552493095398,1.0,0.3002401292324066,0.09999999999999998,20000,4893.234814167023
1487000,0.006279415916651487,5.538761138916016,5.546505451202393,0.27244293689727783,1.0,0.19969671964645386,0.09999999999999998,20000,4899.33687210083
1488000,0.011536277830600739,5.661979675292969,5.717724800109863,0.2683248519897461,1.0,0.3140411376953125,0.09999999999999998,20000,4905.399573802948
1489000,0.01255424227565527,5.020052909851074,4.944112300872803,0.3491222560405731,1.0,0.24267570674419403,0.09999999999999998,20000,4911.377870082855
1490000,0.016165349632501602,5.151697158813477,5.122859001159668,0.2822018265724182,1.0,0.35146915912628174,0.09999999999999998,20000,4917.605860948563
1491000,0.013082990422844887,5.846421241760254,5.869723320007324,0.30590763688087463,1.0,0.27218401432037354,0.09999999999999998,20000,4923.793245077133
1492000,0.02642100676894188,5.508114814758301,5.682430744171143,0.3848670721054077,1.0,0.3023604452610016,0.09999999999999998,20000,4930.167526960373
1493000,0.009863950312137604,5.226472854614258,5.055991172790527,0.30348774790763855,1.0,0.18599630892276764,0.09999999999999998,20000,4936.138569116592
1494000,0.005645418539643288,5.154339790344238,5.14274787902832,0.26219820976257324,1.0,0.15963810682296753,0.09999999999999998,20000,4942.374045133591
1495000,0.001046780962496996,6.116146087646484,6.138798713684082,0.19082900881767273,1.0,0.07224695384502411,0.09999999999999998,20000,4948.306142091751
1496000,0.00937626976519823,5.5516276359558105,5.468372344970703,0.27122262120246887,1.0,0.260203093290329,0.09999999999999998,20000,4954.160623073578
1497000,0.003433849196881056,5.532156467437744,5.54680871963501,0.199701189994812,1.0,0.17609885334968567,0.09999999999999998,20000,4960.009653806686
1498000,0.01892229914665222,5.043770790100098,4.9223246574401855,0.3938087821006775,1.0,0.3240947425365448,0.09999999999999998,20000,4966.309377908707
1499000,0.012339798733592033,5.251040935516357,5.191553115844727,0.3549453318119049,1.0,0.23774608969688416,0.09999999999999998,20000,4972.475446939468
1500000,0.004273794591426849,5.5190277099609375,5.481528282165527,0.235286682844162,1.0,0.15283943712711334,0.09999999999999998,20000,4978.771395921707
1501000,0.01137874647974968,5.393309593200684,5.385937213897705,0.2742249369621277,1.0,0.29085803031921387,0.09999999999999998,20000,4992.518082857132
1502000,0.008889922872185707,4.922509670257568,4.903710842132568,0.3426372706890106,1.0,0.14736837148666382,0.09999999999999998,20000,4998.592116832733
1503000,0.01685374788939953,4.779314041137695,4.762044906616211,0.4316019117832184,1.0,0.23653867840766907,0.09999999999999998,20000,5004.654980897903
1504000,0.0038442141376435757,5.051609039306641,5.105899810791016,0.30404138565063477,1.0,0.1211923137307167,0.09999999999999998,20000,5011.089211940765
1505000,0.007385514676570892,5.038089752197266,4.956764221191406,0.2416740357875824,1.0,0.318231999874115,0.09999999999999998,20000,5017.567182064056
1506000,0.007304490078240633,5.503894805908203,5.509532928466797,0.2752216160297394,1.0,0.19067910313606262,0.09999999999999998,20000,5024.255268096924
1507000,0.005460272543132305,5.320679664611816,5.395666122436523,0.22487951815128326,1.0,0.18424324691295624,0.09999999999999998,20000,5030.098520040512
1508000,0.017046738415956497,5.30081844329834,5.372173309326172,0.246694415807724,1.0,0.49482420086860657,0.09999999999999998,20000,5035.981948137283
1509000,0.007522731088101864,5.921446800231934,6.006600856781006,0.27744531631469727,1.0,0.20129284262657166,0.09999999999999998,20000,5042.35964679718
1510000,0.036241259425878525,5.499042510986328,5.543695449829102,0.4442242383956909,1.0,0.4084777235984802,0.09999999999999998,20000,5048.297511100769
1511000,0.0023999041877686977,4.986227989196777,4.946202278137207,0.23926657438278198,1.0,0.09231443703174591,0.09999999999999998,20000,5054.094297885895
1512000,0.004169872030615807,5.835870742797852,5.895970344543457,0.21128526329994202,1.0,0.19031016528606415,0.09999999999999998,20000,5060.438132762909
1513000,0.01422475092113018,5.323293685913086,5.274196624755859,0.29423749446868896,1.0,0.33451348543167114,0.09999999999999998,20000,5066.676722049713
1514000,0.0027945851907134056,5.703640937805176,5.564796447753906,0.32707738876342773,1.0,0.09467504918575287,0.09999999999999998,20000,5072.894377946854
1515000,0.00802889559417963,5.380619049072266,5.300889015197754,0.25488969683647156,1.0,0.2339828908443451,0.09999999999999998,20000,5079.264339208603
1516000,0.032056063413619995,5.004026412963867,4.998127460479736,0.3276018798351288,1.0,0.5239648818969727,0.09999999999999998,20000,5085.46129488945
1517000,0.008735347539186478,5.3122711181640625,5.3378586769104,0.2940948009490967,1.0,0.23449404537677765,0.09999999999999998,20000,5091.695478916168
1518000,0.004453443922102451,5.627886772155762,5.5110578536987305,0.24871189892292023,1.0,0.1490904688835144,0.09999999999999998,20000,5097.7980670928955
1519000,0.016321029514074326,5.291547775268555,5.2951507568359375,0.29148611426353455,1.0,0.3148166239261627,0.09999999999999998,20000,5104.478009939194
1520000,0.004322519525885582,5.7859296798706055,5.840940475463867,0.28335052728652954,1.0,0.12839815020561218,0.09999999999999998,20000,5110.600471973419
1521000,0.008375922217965126,5.717278480529785,5.7017316818237305,0.27224844694137573,1.0,0.20687393844127655,0.09999999999999998,20000,5116.895126819611
1522000,0.010198280215263367,6.45646858215332,6.355992317199707,0.31666022539138794,1.0,0.21666842699050903,0.09999999999999998,20000,5122.762661933899
1523000,0.014560236595571041,5.2763142585754395,5.250559329986572,0.33667221665382385,1.0,0.2823006510734558,0.09999999999999998,20000,5128.626485824585
1524000,0.006885868962854147,5.433669090270996,5.2848310470581055,0.34319832921028137,1.0,0.15962369740009308,0.09999999999999998,20000,5134.583617925644
1525000,0.005852381698787212,5.612942218780518,5.600203990936279,0.17592784762382507,1.0,0.3436352610588074,0.09999999999999998,20000,5140.416556835175
1526000,0.02282249741256237,5.6243085861206055,5.607126235961914,0.3396809995174408,1.0,0.390828937292099,0.09999999999999998,20000,5146.608340978622
1527000,0.004170020576566458,5.71209716796875,5.709564685821533,0.2117224931716919,1.0,0.21827860176563263,0.09999999999999998,20000,5152.787007808685
1528000,0.01099255308508873,5.239377021789551,5.237765312194824,0.3153683543205261,1.0,0.2519074082374573,0.09999999999999998,20000,5159.004506111145
1529000,0.016193361952900887,5.569216728210449,5.478784561157227,0.33517494797706604,1.0,0.35225796699523926,0.09999999999999998,20000,5165.069238901138
1530000,0.0020042089745402336,5.196732521057129,5.190261363983154,0.21280589699745178,1.0,0.11759573966264725,0.09999999999999998,20000,5171.146054983139
1531000,0.007686971221119165,5.700954914093018,5.610570430755615,0.24518877267837524,1.0,0.24220387637615204,0.09999999999999998,20000,5177.521321773529
1532000,0.004813751205801964,5.970020771026611,6.004915714263916,0.19862806797027588,1.0,0.19917675852775574,0.09999999999999998,20000,5183.5537168979645
1533000,0.002876283135265112,5.433856964111328,5.474729061126709,0.2631843388080597,1.0,0.11067960411310196,0.09999999999999998,20000,5189.874631166458
1534000,0.006550969555974007,5.62940788269043,5.550299167633057,0.41428372263908386,1.0,0.16448432207107544,0.09999999999999998,20000,5196.07887506485
1535000,0.014231865294277668,5.372224807739258,5.425312042236328,0.3125940263271332,1.0,0.2541748881340027,0.09999999999999998,20000,5202.163126945496
1536000,0.01005239225924015,6.119894027709961,6.285573959350586,0.31730568408966064,1.0,0.2209252417087555,0.09999999999999998,20000,5208.317005872726
1537000,0.008794227614998817,5.495923042297363,5.470161437988281,0.314561128616333,1.0,0.1958095133304596,0.09999999999999998,20000,5214.238289117813
1538000,0.005822916515171528,5.7573747634887695,5.724958896636963,0.27455413341522217,1.0,0.20893366634845734,0.09999999999999998,20000,5220.137449979782
1539000,0.008960730396211147,5.204787254333496,5.2565789222717285,0.3913593292236328,1.0,0.16999360918998718,0.09999999999999998,20000,5226.389764070511
1540000,0.006247989367693663,5.012263298034668,5.025795936584473,0.3011470437049866,1.0,0.12830445170402527,0.09999999999999998,20000,5232.492033958435
1541000,0.015100044198334217,5.580561637878418,5.7014312744140625,0.280832976102829,1.0,0.3222733438014984,0.09999999999999998,20000,5238.675445795059
1542000,0.0090398658066988,5.602381229400635,5.615960597991943,0.2591502368450165,1.0,0.32248619198799133,0.09999999999999998,20000,5245.084766864777
1543000,0.01086280308663845,5.650204181671143,5.746185302734375,0.26126590371131897,1.0,0.34340786933898926,0.09999999999999998,20000,5251.163401842117
1544000,0.011862837709486485,4.765041351318359,4.738955974578857,0.3188166618347168,1.0,0.16158650815486908,0.09999999999999998,20000,5257.327411174774
1545000,0.00615160446614027,5.552656173706055,5.527459621429443,0.25874435901641846,1.0,0.17514270544052124,0.09999999999999998,20000,5263.309928178787
1546000,0.009096039459109306,5.231554985046387,5.057870388031006,0.27303045988082886,1.0,0.2376190423965454,0.09999999999999998,20000,5269.701631784439
1547000,0.004426291678100824,5.613714218139648,5.688416481018066,0.25041478872299194,1.0,0.17056605219841003,0.09999999999999998,20000,5275.868360996246
1548000,0.013781324028968811,5.487308502197266,5.273305892944336,0.4288440942764282,1.0,0.16962221264839172,0.09999999999999998,20000,5281.846753835678
1549000,0.005374673753976822,6.143597602844238,6.216392993927002,0.26115238666534424,1.0,0.17614500224590302,0.09999999999999998,20000,5287.768500804901
1550000,0.005858240649104118,6.575801849365234,6.503289699554443,0.17870914936065674,1.0,0.357393741607666,0.09999999999999998,20000,5293.594921827316
1551000,0.021699588745832443,5.921316146850586,5.84672737121582,0.39121413230895996,1.0,0.3211100101470947,0.09999999999999998,20000,5306.274741888046
1552000,0.004749208223074675,5.176417350769043,5.138727188110352,0.2020527422428131,1.0,0.24645674228668213,0.09999999999999998,20000,5312.294919013977
1553000,0.005251814611256123,4.828234672546387,4.870220184326172,0.33235812187194824,1.0,0.16455017030239105,0.09999999999999998,20000,5318.3373029232025
1554000,0.005193338263779879,5.629897117614746,5.728721618652344,0.27189284563064575,1.0,0.15198460221290588,0.09999999999999998,20000,5324.3753979206085
1555000,0.007199831306934357,5.738106727600098,5.913792610168457,0.41685518622398376,1.0,0.12658116221427917,0.09999999999999998,20000,5330.351433038712
1556000,0.004766250029206276,5.0970892906188965,5.119019508361816,0.185232013463974,1.0,0.12011078000068665,0.09999999999999998,20000,5336.724750041962
1557000,0.015156682580709457,5.53420352935791,5.658255100250244,0.28973257541656494,1.0,0.3583208918571472,0.09999999999999998,20000,5342.7332718372345
1558000,0.007234063930809498,5.150659561157227,5.000880241394043,0.2777003347873688,1.0,0.2024533897638321,0.09999999999999998,20000,5348.872965097427
1559000,0.009252730756998062,4.887558937072754,5.079823017120361,0.4307539165019989,1.0,0.1301763355731964,0.09999999999999998,20000,5355.0219559669495
1560000,0.00820362288504839,5.7315897941589355,5.793508529663086,0.28987443447113037,1.0,0.26366275548934937,0.09999999999999998,20000,5360.999695062637
1561000,0.004198317416012287,5.857931137084961,5.863766670227051,0.23057298362255096,1.0,0.19048252701759338,0.09999999999999998,20000,5366.941064119339
1562000,0.007951267063617706,5.536165237426758,5.551419734954834,0.26091456413269043,1.0,0.24864789843559265,0.09999999999999998,20000,5372.796411991119
1563000,0.013126921840012074,4.828944206237793,4.773422718048096,0.2745932340621948,1.0,0.3668332099914551,0.09999999999999998,20000,5378.667804002762
1564000,0.005546929314732552,5.436956405639648,5.2888360023498535,0.361329585313797,1.0,0.13542406260967255,0.09999999999999998,20000,5385.128180980682
1565000,0.007574066985398531,5.687660217285156,5.642703056335449,0.2626538872718811,1.0,0.2149852067232132,0.09999999999999998,20000,5391.350344181061
1566000,0.008516557514667511,5.650500774383545,5.742891311645508,0.2845287024974823,1.0,0.23073437809944153,0.09999999999999998,20000,5397.413362979889
1567000,0.017797503620386124,5.0910139083862305,5.185602188110352,0.349398136138916,1.0,0.32081443071365356,0.09999999999999998,20000,5403.5878620147705
1568000,0.012163691222667694,5.487281799316406,5.513004779815674,0.27693527936935425,1.0,0.2937905490398407,0.09999999999999998,20000,5409.931792020798
1569000,0.011185143142938614,5.583195686340332,5.509436130523682,0.3692009150981903,1.0,0.21574647724628448,0.09999999999999998,20000,5416.092876911163
1570000,0.011308852583169937,5.809390544891357,5.823140621185303,0.25598639249801636,1.0,0.3498140573501587,0.09999999999999998,20000,5422.385432958603
1571000,0.006633758544921875,5.157185077667236,5.060194492340088,0.25682902336120605,1.0,0.20782390236854553,0.09999999999999998,20000,5428.652010917664
1572000,0.0067536900751292706,5.897006511688232,5.865547180175781,0.23547416925430298,1.0,0.22996070981025696,0.09999999999999998,20000,5435.870491027832
1573000,0.0024428360629826784,5.869945526123047,5.973127365112305,0.25713014602661133,1.0,0.10629449784755707,0.09999999999999998,20000,5442.04113817215
1574000,0.012216747738420963,5.829868316650391,5.847418785095215,0.3017624020576477,1.0,0.24753689765930176,0.09999999999999998,20000,5447.96604514122
1575000,0.009746372699737549,5.359188079833984,5.2618255615234375,0.32000845670700073,1.0,0.19978827238082886,0.09999999999999998,20000,5453.9055519104
1576000,0.013080334290862083,5.869280815124512,5.738670349121094,0.36637967824935913,1.0,0.2630743086338043,0.09999999999999998,20000,5460.10470199585
1577000,0.0075938645750284195,5.594991683959961,5.577459812164307,0.2459964156150818,1.0,0.25975504517555237,0.09999999999999998,20000,5466.164401054382
1578000,0.0075232479721307755,5.230472564697266,5.309272766113281,0.24481183290481567,1.0,0.2692762017250061,0.09999999999999998,20000,5472.3474678993225
1579000,0.013614842668175697,5.56041145324707,5.530803680419922,0.28645822405815125,1.0,0.31009334325790405,0.09999999999999998,20000,5478.404484033585
1580000,0.003438623622059822,5.337010383605957,5.374764442443848,0.23907598853111267,1.0,0.1754884123802185,0.09999999999999998,20000,5484.551870107651
1581000,0.010068939998745918,6.286799907684326,6.437203407287598,0.330066978931427,1.0,0.23193293809890747,0.09999999999999998,20000,5490.597897768021
1582000,0.017950862646102905,5.151839256286621,5.156225681304932,0.3919578790664673,1.0,0.2623634934425354,0.09999999999999998,20000,5496.691077947617
1583000,0.0027242465876042843,5.727846145629883,5.7369256019592285,0.2648158073425293,1.0,0.1097123846411705,0.09999999999999998,20000,5502.84810090065
1584000,0.007688342127948999,5.68215274810791,5.681838512420654,0.2576873302459717,1.0,0.20345470309257507,0.09999999999999998,20000,5508.956752061844
1585000,0.005986334290355444,5.656991004943848,5.558912754058838,0.2146756947040558,1.0,0.26213836669921875,0.09999999999999998,20000,5514.891167879105
1586000,0.019773539155721664,5.050407886505127,5.1062116622924805,0.33933883905410767,1.0,0.337555468082428,0.09999999999999998,20000,5521.006153106689
1587000,0.009903679601848125,5.687713623046875,5.805510520935059,0.37195098400115967,1.0,0.19718673825263977,0.09999999999999998,20000,5526.933984994888
1588000,0.014449643902480602,5.599959850311279,5.534327030181885,0.3226086497306824,1.0,0.2731494605541229,0.09999999999999998,20000,5532.778959989548
1589000,0.006064253859221935,5.865296363830566,5.982333183288574,0.27339842915534973,1.0,0.1987263560295105,0.09999999999999998,20000,5538.976482868195
1590000,0.011314237490296364,5.54853630065918,5.578936576843262,0.3148936629295349,1.0,0.27980560064315796,0.09999999999999998,20000,5545.06125998497
1591000,0.007313891313970089,5.362383842468262,5.307625770568848,0.28577572107315063,1.0,0.2117966115474701,0.09999999999999998,20000,5551.287389993668
1592000,0.0031677207443863153,5.603238582611084,5.529330253601074,0.32876425981521606,1.0,0.08928312361240387,0.09999999999999998,20000,5557.438541889191
1593000,0.009258681908249855,5.680202007293701,5.6921234130859375,0.2314438372850418,1.0,0.3251122534275055,0.09999999999999998,20000,5563.848924160004
1594000,0.009876435622572899,5.430696487426758,5.554601669311523,0.2640954256057739,1.0,0.27631330490112305,0.09999999999999998,20000,5569.908733129501
1595000,0.014472417533397675,5.274301528930664,5.444213390350342,0.32235419750213623,1.0,0.2660386860370636,0.09999999999999998,20000,5576.403012037277
1596000,0.009167510084807873,5.885017395019531,5.898032188415527,0.24974548816680908,1.0,0.32323747873306274,0.09999999999999998,20000,5582.791276931763
1597000,0.0023605572059750557,5.953516960144043,5.9860029220581055,0.19517172873020172,1.0,0.18591970205307007,0.09999999999999998,20000,5589.1713950634
1598000,0.012366707436740398,5.539783477783203,5.616164207458496,0.24034543335437775,1.0,0.39017683267593384,0.09999999999999998,20000,5595.3533411026
1599000,0.011233264580368996,5.322415351867676,5.2975358963012695,0.28429433703422546,1.0,0.31224706768989563,0.09999999999999998,20000,5601.351105928421
1600000,0.008546290919184685,5.214226722717285,5.295307159423828,0.332611620426178,1.0,0.18359532952308655,0.09999999999999998,20000,5607.115109920502
1601000,0.0031087989918887615,5.41556453704834,5.41754150390625,0.16167400777339935,1.0,0.25041890144348145,0.09999999999999998,20000,5618.426276922226
1602000,0.012515733018517494,5.448335647583008,5.440181732177734,0.36818766593933105,1.0,0.2198132574558258,0.09999999999999998,20000,5624.803870201111
1603000,0.015550998039543629,5.584486961364746,5.562292098999023,0.3096996545791626,1.0,0.3037390410900116,0.09999999999999998,20000,5630.833544015884
1604000,0.0030397670343518257,5.540894508361816,5.596687316894531,0.2505311667919159,1.0,0.13055478036403656,0.09999999999999998,20000,5637.0945789813995
1605000,0.009314906783401966,5.445856094360352,5.359821319580078,0.41099289059638977,1.0,0.18718844652175903,0.09999999999999998,20000,5643.157429933548
1606000,0.007167059928178787,5.785451412200928,5.618152618408203,0.33389145135879517,1.0,0.21169742941856384,0.09999999999999998,20000,5649.121854066849
1607000,0.008986271917819977,5.267723083496094,5.180037498474121,0.24393460154533386,1.0,0.28428298234939575,0.09999999999999998,20000,5655.3567180633545
1608000,0.01457110047340393,5.428567409515381,5.30661153793335,0.41032838821411133,1.0,0.23956601321697235,0.09999999999999998,20000,5661.5662450790405
1609000,0.0077702803537249565,5.320193767547607,5.142223358154297,0.34595295786857605,1.0,0.23297666013240814,0.09999999999999998,20000,5667.682592868805
1610000,0.009280744008719921,5.586618900299072,5.66139554977417,0.26636913418769836,1.0,0.28313785791397095,0.09999999999999998,20000,5673.809356927872
1611000,0.009822236374020576,5.559618949890137,5.5548248291015625,0.26339101791381836,1.0,0.2717157304286957,0.09999999999999998,20000,5679.90310382843
1612000,0.01241206843405962,5.514530658721924,5.633062362670898,0.27792179584503174,1.0,0.31753021478652954,0.09999999999999998,20000,5685.865509986877
1613000,0.006647495552897453,5.281639099121094,5.240833282470703,0.24244561791419983,1.0,0.19188052415847778,0.09999999999999998,20000,5691.751014947891
1614000,0.012032486498355865,5.291501045227051,5.254018306732178,0.33199602365493774,1.0,0.21911104023456573,0.09999999999999998,20000,5697.598930120468
1615000,0.012201223522424698,6.229657173156738,6.285184860229492,0.25754955410957336,1.0,0.3745807409286499,0.09999999999999998,20000,5703.783272027969
1616000,0.005598194897174835,5.213201522827148,5.254453182220459,0.20028242468833923,1.0,0.2562345564365387,0.09999999999999998,20000,5709.96918797493
1617000,0.017334403470158577,5.3177266120910645,5.2220458984375,0.3306872546672821,1.0,0.37595200538635254,0.09999999999999998,20000,5716.0665419101715
1618000,0.0056545729748904705,5.480215549468994,5.43424654006958,0.20344215631484985,1.0,0.2277049720287323,0.09999999999999998,20000,5722.221831083298
1619000,0.018357913941144943,5.256496906280518,5.169116020202637,0.33782777190208435,1.0,0.3261529803276062,0.09999999999999998,20000,5728.357233047485
1620000,0.002266537630930543,5.262812614440918,5.279936790466309,0.15465544164180756,1.0,0.19907477498054504,0.09999999999999998,20000,5734.387978792191
1621000,0.017204537987709045,5.268392562866211,5.148657321929932,0.43890535831451416,1.0,0.27232277393341064,0.09999999999999998,20000,5740.4963591098785
1622000,0.006029878742992878,5.561997413635254,5.685408115386963,0.3392189145088196,1.0,0.1306670755147934,0.09999999999999998,20000,5746.6891140937805
1623000,0.011959225870668888,5.488401889801025,5.5212554931640625,0.2596825957298279,1.0,0.28397315740585327,0.09999999999999998,20000,5753.016900062561
1624000,0.0067491005174815655,5.4291815757751465,5.4681291580200195,0.286404550075531,1.0,0.18485787510871887,0.09999999999999998,20000,5759.250771045685
1625000,0.011489681899547577,5.686717510223389,5.503951549530029,0.38909244537353516,1.0,0.24321040511131287,0.09999999999999998,20000,5765.212244987488
1626000,0.007224377244710922,4.872247695922852,4.859360694885254,0.20795200765132904,1.0,0.3309968113899231,0.09999999999999998,20000,5771.139666080475
1627000,0.006941310595721006,5.529423236846924,5.464718818664551,0.21654850244522095,1.0,0.2785104215145111,0.09999999999999998,20000,5777.1325879096985
1628000,0.01723700948059559,5.677994728088379,5.692500114440918,0.451327919960022,1.0,0.26289767026901245,0.09999999999999998,20000,5783.309288024902
1629000,0.011566387489438057,5.6055216789245605,5.642275333404541,0.24882209300994873,1.0,0.4044063687324524,0.09999999999999998,20000,5789.726852893829
1630000,0.004887475166469812,5.325590133666992,5.337928771972656,0.23495334386825562,1.0,0.18452990055084229,0.09999999999999998,20000,5795.967324972153
1631000,0.012646041810512543,5.261814117431641,5.452633857727051,0.24922390282154083,1.0,0.3113795220851898,0.09999999999999998,20000,5802.284905910492
1632000,0.01071120984852314,5.510217666625977,5.369831085205078,0.3098650574684143,1.0,0.28728294372558594,0.09999999999999998,20000,5808.347430944443
1633000,0.017256464809179306,5.001914978027344,5.074777603149414,0.40535566210746765,1.0,0.2533837556838989,0.09999999999999998,20000,5814.698793888092
1634000,0.009325310587882996,5.563681602478027,5.40283727645874,0.33236396312713623,1.0,0.2177533507347107,0.09999999999999998,20000,5820.788686990738
1635000,0.0068131862208247185,4.975436210632324,5.007349014282227,0.24106939136981964,1.0,0.22093896567821503,0.09999999999999998,20000,5827.059317827225
1636000,0.002941546030342579,5.415473937988281,5.5309953689575195,0.26702845096588135,1.0,0.15530116856098175,0.09999999999999998,20000,5833.165886163712
1637000,0.016306379809975624,5.615896224975586,5.652740955352783,0.3048481345176697,1.0,0.34083354473114014,0.09999999999999998,20000,5839.2609441280365
1638000,0.01527888048440218,5.620877265930176,5.643178939819336,0.27131855487823486,1.0,0.414437472820282,0.09999999999999998,20000,5845.194478034973
1639000,0.0012493588728830218,5.413727760314941,5.361415863037109,0.1903541088104248,1.0,0.1321011483669281,0.09999999999999998,20000,5851.061889886856
1640000,0.007009717635810375,5.906285285949707,6.006214141845703,0.26819634437561035,1.0,0.22090719640254974,0.09999999999999998,20000,5856.920739889145
1641000,0.011390759609639645,5.547504901885986,5.622987270355225,0.2994776964187622,1.0,0.2096850872039795,0.09999999999999998,20000,5863.306879043579
1642000,0.009626136161386967,6.107473373413086,6.224137306213379,0.288393497467041,1.0,0.2800292372703552,0.09999999999999998,20000,5869.325916051865
1643000,0.00958353839814663,5.245574474334717,5.234609603881836,0.2992386817932129,1.0,0.2504083514213562,0.09999999999999998,20000,5876.3510801792145
1644000,0.011651808395981789,5.839263439178467,5.838183879852295,0.2710222601890564,1.0,0.34200525283813477,0.09999999999999998,20000,5882.204134941101
1645000,0.0074189407750964165,5.744123935699463,5.755116939544678,0.3967915177345276,1.0,0.1697792112827301,0.09999999999999998,20000,5888.4846041202545
1646000,0.005126049742102623,5.320591926574707,5.328564643859863,0.2713523209095001,1.0,0.19331790506839752,0.09999999999999998,20000,5894.628793954849
1647000,0.014005910605192184,4.860318183898926,4.811070919036865,0.3056279420852661,1.0,0.3048081398010254,0.09999999999999998,20000,5900.476799964905
1648000,0.01020603347569704,5.632620334625244,5.812827110290527,0.3103845715522766,1.0,0.18068742752075195,0.09999999999999998,20000,5906.864140033722
1649000,0.007451079785823822,5.336111068725586,5.396496295928955,0.31841886043548584,1.0,0.17544008791446686,0.09999999999999998,20000,5912.956234931946
1650000,0.0057049710303545,5.936437129974365,5.959137916564941,0.2899320423603058,1.0,0.15238401293754578,0.09999999999999998,20000,5919.107211828232
1651000,0.01045237947255373,6.115901470184326,6.1281538009643555,0.26736488938331604,1.0,0.31712111830711365,0.09999999999999998,20000,5933.189680099487
1652000,0.015146531164646149,5.516720771789551,5.514094352722168,0.2788362205028534,1.0,0.41687628626823425,0.09999999999999998,20000,5939.3414471149445
1653000,0.007534334436058998,5.001473426818848,5.00566291809082,0.25667712092399597,1.0,0.2816430330276489,0.09999999999999998,20000,5945.246847867966
1654000,0.018509306013584137,5.208216667175293,5.143132209777832,0.31277453899383545,1.0,0.42168185114860535,0.09999999999999998,20000,5951.671105861664
1655000,0.012353170663118362,5.398183345794678,5.387398719787598,0.26379650831222534,1.0,0.36244937777519226,0.09999999999999998,20000,5957.302815914154
1656000,0.003999512176960707,5.549508094787598,5.612649917602539,0.24589860439300537,1.0,0.14640012383460999,0.09999999999999998,20000,5963.322062015533
1657000,0.019054550677537918,5.5228657722473145,5.692621231079102,0.31907951831817627,1.0,0.37833088636398315,0.09999999999999998,20000,5969.43989276886
1658000,0.007114681415259838,5.881570816040039,5.962671279907227,0.27433061599731445,1.0,0.19063401222229004,0.09999999999999998,20000,5975.515697002411
1659000,0.01216290146112442,5.044373512268066,5.018019199371338,0.3268713355064392,1.0,0.26864129304885864,0.09999999999999998,20000,5981.730707168579
1660000,0.0045855725184082985,5.997901916503906,5.98541259765625,0.24021631479263306,1.0,0.18103742599487305,0.09999999999999998,20000,5987.821552038193
1661000,0.010953905992209911,5.2265448570251465,5.1765899658203125,0.25307512283325195,1.0,0.3374546766281128,0.09999999999999998,20000,5993.894382953644
1662000,0.006741621531546116,5.193114280700684,5.056779861450195,0.298565149307251,1.0,0.18140056729316711,0.09999999999999998,20000,5999.934850931168
1663000,0.013561133295297623,4.815389633178711,4.633768081665039,0.3001748025417328,1.0,0.33249950408935547,0.09999999999999998,20000,6005.732517004013
1664000,0.01244305819272995,5.516902446746826,5.612042427062988,0.3167117238044739,1.0,0.2725023031234741,0.09999999999999998,20000,6011.556045055389
1665000,0.0034197638742625713,5.267142295837402,5.2481889724731445,0.21289058029651642,1.0,0.15769822895526886,0.09999999999999998,20000,6017.9059019088745
1666000,0.010922035202383995,5.1968817710876465,5.10762882232666,0.25023242831230164,1.0,0.31646955013275146,0.09999999999999998,20000,6024.000661849976
1667000,0.014955961145460606,4.74605655670166,4.874092102050781,0.3333688974380493,1.0,0.29216691851615906,0.09999999999999998,20000,6030.516588926315
1668000,0.011999820359051228,4.861461639404297,4.865690231323242,0.2513197958469391,1.0,0.34487274289131165,0.09999999999999998,20000,6037.312572956085
1669000,0.007805993780493736,5.2901153564453125,5.4259724617004395,0.300300657749176,1.0,0.21531327068805695,0.09999999999999998,20000,6043.585359096527
1670000,0.002824326977133751,5.38772439956665,5.377673149108887,0.2870616018772125,1.0,0.11791685223579407,0.09999999999999998,20000,6049.518797874451
1671000,0.016021981835365295,5.168385982513428,5.263211727142334,0.36914846301078796,1.0,0.2490144819021225,0.09999999999999998,20000,6055.904051065445
1672000,0.0021872243378311396,6.397162437438965,6.2967023849487305,0.2369604855775833,1.0,0.09382447600364685,0.09999999999999998,20000,6062.102316856384
1673000,0.008270884864032269,5.199666976928711,5.164422035217285,0.24982067942619324,1.0,0.3128749132156372,0.09999999999999998,20000,6068.205235004425
1674000,0.01451713778078556,5.4642791748046875,5.493921756744385,0.2759295403957367,1.0,0.31942248344421387,0.09999999999999998,20000,6074.583207130432
1675000,0.013337438926100731,5.420880317687988,5.474937438964844,0.32093411684036255,1.0,0.272026389837265,0.09999999999999998,20000,6080.294728040695
1676000,0.0049209133721888065,4.864528179168701,4.962118148803711,0.30027806758880615,1.0,0.14554253220558167,0.09999999999999998,20000,6085.908553123474
1677000,0.016899380832910538,5.369329929351807,5.311802864074707,0.31901758909225464,1.0,0.3958406448364258,0.09999999999999998,20000,6091.539925813675
1678000,0.007943134754896164,5.261561870574951,5.173235893249512,0.31119504570961,1.0,0.19783097505569458,0.09999999999999998,20000,6097.301094055176
1679000,0.00508961733430624,5.5235185623168945,5.5821380615234375,0.23730002343654633,1.0,0.1981632113456726,0.09999999999999998,20000,6103.590515136719
1680000,0.014323452487587929,5.787839889526367,5.831943035125732,0.3236890435218811,1.0,0.3059913218021393,0.09999999999999998,20000,6109.625480175018
1681000,0.006809590850025415,5.34096622467041,5.2420334815979,0.2777867019176483,1.0,0.2337832748889923,0.09999999999999998,20000,6115.722115039825
1682000,0.006312262732535601,5.605077743530273,5.603165626525879,0.23370294272899628,1.0,0.21207338571548462,0.09999999999999998,20000,6121.824625015259
1683000,0.010519011877477169,5.687540531158447,5.696351051330566,0.25064727663993835,1.0,0.29852014780044556,0.09999999999999998,20000,6127.926218986511
1684000,0.003989310469478369,5.021215915679932,4.947619438171387,0.20413503050804138,1.0,0.2045377492904663,0.09999999999999998,20000,6134.055347204208
1685000,0.0021723774261772633,5.683156967163086,5.7522687911987305,0.2647410035133362,1.0,0.08091991394758224,0.09999999999999998,20000,6140.059997081757
1686000,0.006781666539609432,5.552136421203613,5.586240291595459,0.2756105959415436,1.0,0.15215535461902618,0.09999999999999998,20000,6146.233034849167
1687000,0.0022471530828624964,5.901248931884766,5.903611183166504,0.2384757697582245,1.0,0.0958886444568634,0.09999999999999998,20000,6152.5075170993805
1688000,0.009816495701670647,5.12992000579834,4.933869361877441,0.47663944959640503,1.0,0.19626513123512268,0.09999999999999998,20000,6158.528093099594
1689000,0.006287725642323494,5.525008201599121,5.660235404968262,0.2920079827308655,1.0,0.19480499625205994,0.09999999999999998,20000,6164.346173048019
1690000,0.004715108312666416,5.747757911682129,5.6431732177734375,0.29707372188568115,1.0,0.20632775127887726,0.09999999999999998,20000,6170.293883085251
1691000,0.00998643971979618,5.313620090484619,5.251183986663818,0.2799959182739258,1.0,0.256620317697525,0.09999999999999998,20000,6176.398698806763
1692000,0.01660606823861599,5.558444976806641,5.541062831878662,0.2790180444717407,1.0,0.39087173342704773,0.09999999999999998,20000,6182.516931056976
1693000,0.011860208585858345,5.65796422958374,5.699460983276367,0.20813259482383728,1.0,0.44182950258255005,0.09999999999999998,20000,6188.526561021805
1694000,0.006185789592564106,4.837289810180664,4.871016502380371,0.3025624454021454,1.0,0.17289456725120544,0.09999999999999998,20000,6194.651614904404
1695000,0.005293190944939852,5.827625274658203,5.888422966003418,0.22470423579216003,1.0,0.2068403959274292,0.09999999999999998,20000,6200.774868011475
1696000,0.003677452215924859,5.812623500823975,5.695512294769287,0.30560097098350525,1.0,0.11440858989953995,0.09999999999999998,20000,6206.874850034714
1697000,0.012134725227952003,5.561502456665039,5.582913398742676,0.24778945744037628,1.0,0.4082513153553009,0.09999999999999998,20000,6213.157398939133
1698000,0.028796222060918808,5.620917320251465,5.770285129547119,0.41616299748420715,1.0,0.4185482859611511,0.09999999999999998,20000,6219.240278959274
1699000,0.004150896333158016,6.339599609375,6.490116596221924,0.29644355177879333,1.0,0.13189716637134552,0.09999999999999998,20000,6225.24461889267
1700000,0.006361664738506079,5.627207279205322,5.6451029777526855,0.23041367530822754,1.0,0.29497694969177246,0.09999999999999998,20000,6231.532617807388
1701000,0.010315285995602608,5.369236946105957,5.1811981201171875,0.3440670669078827,1.0,0.2007254660129547,0.09999999999999998,20000,6242.938199996948
1702000,0.008590131998062134,5.736136436462402,5.739426612854004,0.2717090845108032,1.0,0.21751375496387482,0.09999999999999998,20000,6248.843975067139
1703000,0.002489614300429821,5.713050365447998,5.636236190795898,0.2258237898349762,1.0,0.11154354363679886,0.09999999999999998,20000,6254.981132984161
1704000,0.004956075455993414,5.501164436340332,5.517726421356201,0.21694570779800415,1.0,0.23475025594234467,0.09999999999999998,20000,6260.817703008652
1705000,0.002436296548694372,5.542449951171875,5.484212875366211,0.2049880176782608,1.0,0.18010419607162476,0.09999999999999998,20000,6267.425297021866
1706000,0.012028388679027557,5.307507038116455,5.26995849609375,0.3298521637916565,1.0,0.24409295618534088,0.09999999999999998,20000,6273.607256889343
1707000,0.004532879218459129,5.406800270080566,5.399796962738037,0.24312034249305725,1.0,0.17345298826694489,0.09999999999999998,20000,6279.750396966934
1708000,0.012103168293833733,5.85019588470459,5.85780143737793,0.2719813585281372,1.0,0.2736283540725708,0.09999999999999998,20000,6285.875930070877
1709000,0.0072302985936403275,5.560014724731445,5.497349262237549,0.26969870924949646,1.0,0.2296036183834076,0.09999999999999998,20000,6292.03634595871
1710000,0.0046181585639715195,5.651431083679199,5.762453079223633,0.2524627447128296,1.0,0.22532349824905396,0.09999999999999998,20000,6298.117384195328
1711000,0.007086317054927349,5.419426918029785,5.425322532653809,0.2613534927368164,1.0,0.27246105670928955,0.09999999999999998,20000,6304.054140090942
1712000,0.01769796386361122,5.6816253662109375,5.503005027770996,0.43846389651298523,1.0,0.26780223846435547,0.09999999999999998,20000,6310.16823387146
1713000,0.018548501655459404,4.999231338500977,4.927940845489502,0.30681827664375305,1.0,0.4426107406616211,0.09999999999999998,20000,6315.0997631549835
1714000,0.015652494505047798,5.546792030334473,5.601080894470215,0.348044216632843,1.0,0.32364100217819214,0.09999999999999998,20000,6319.995455980301
1715000,0.01828666403889656,5.783614158630371,6.0574140548706055,0.3701364994049072,1.0,0.3326277434825897,0.09999999999999998,20000,6325.707803964615
1716000,0.013967460952699184,5.246649742126465,5.225892543792725,0.3258429169654846,1.0,0.24273613095283508,0.09999999999999998,20000,6331.955581188202
1717000,0.0013823671033605933,5.537530899047852,5.400117874145508,0.24882003664970398,1.0,0.06919342279434204,0.09999999999999998,20000,6337.996022939682
1718000,0.014043787494301796,4.97415828704834,4.952822208404541,0.3118093013763428,1.0,0.3380071222782135,0.09999999999999998,20000,6343.934891939163
1719000,0.002315985504537821,5.405797004699707,5.468426704406738,0.20706036686897278,1.0,0.13175565004348755,0.09999999999999998,20000,6350.0166709423065
1720000,0.006029447540640831,5.9571638107299805,5.943659782409668,0.22534823417663574,1.0,0.27374356985092163,0.09999999999999998,20000,6356.189531087875
1721000,0.012509077787399292,5.5525360107421875,5.348126411437988,0.42433419823646545,1.0,0.1923515498638153,0.09999999999999998,20000,6362.051856040955
1722000,0.003727487288415432,4.9683837890625,5.002627372741699,0.22176647186279297,1.0,0.15989693999290466,0.09999999999999998,20000,6368.014256000519
1723000,0.008663393557071686,5.336056709289551,5.285347938537598,0.32985901832580566,1.0,0.18002136051654816,0.09999999999999998,20000,6374.201407194138
1724000,0.03224501013755798,5.209275245666504,5.174319267272949,0.3564831018447876,1.0,0.5341249704360962,0.09999999999999998,20000,6380.460958003998
1725000,0.016447223722934723,5.49466609954834,5.555310249328613,0.2930665910243988,1.0,0.36465179920196533,0.09999999999999998,20000,6386.839465856552
1726000,0.005721208173781633,5.229023456573486,5.146202087402344,0.28241485357284546,1.0,0.17721202969551086,0.09999999999999998,20000,6392.651625871658
1727000,0.0038898740895092487,5.347443580627441,5.385787010192871,0.19382044672966003,1.0,0.20282229781150818,0.09999999999999998,20000,6398.473898887634
1728000,0.013431770727038383,6.087246894836426,6.078664302825928,0.2709406912326813,1.0,0.40696993470191956,0.09999999999999998,20000,6404.282256126404
1729000,0.010714215226471424,5.670808792114258,5.649110794067383,0.2680705189704895,1.0,0.31124991178512573,0.09999999999999998,20000,6410.280431032181
1730000,0.0097849415615201,5.852032661437988,5.747395038604736,0.23745901882648468,1.0,0.3110848665237427,0.09999999999999998,20000,6416.467031955719
1731000,0.018349390476942062,6.316650390625,6.341318607330322,0.2702997326850891,1.0,0.316132128238678,0.09999999999999998,20000,6422.543199777603
1732000,0.006832190789282322,5.070363521575928,5.011050224304199,0.3225588798522949,1.0,0.17420855164527893,0.09999999999999998,20000,6428.619220018387
1733000,0.0044769709929823875,5.619986534118652,5.604618549346924,0.16355346143245697,1.0,0.32147330045700073,0.09999999999999998,20000,6434.6423552036285
1734000,0.007129743695259094,5.678606033325195,5.591347694396973,0.2584468424320221,1.0,0.1855171024799347,0.09999999999999998,20000,6441.03834104538
1735000,0.013081218115985394,5.298397064208984,5.37082576751709,0.2718025743961334,1.0,0.34800833463668823,0.09999999999999998,20000,6446.95442199707
1736000,0.02445787563920021,5.000952243804932,4.933995723724365,0.35621654987335205,1.0,0.4241185486316681,0.09999999999999998,20000,6453.00733089447
1737000,0.0014881002716720104,5.667160511016846,5.663471221923828,0.21383878588676453,1.0,0.04721580818295479,0.09999999999999998,20000,6459.110759019852
1738000,0.009158511646091938,5.273293972015381,5.234772682189941,0.2495412677526474,1.0,0.29142189025878906,0.09999999999999998,20000,6465.215800046921
1739000,0.00982255395501852,5.976254940032959,6.061066627502441,0.3143572211265564,1.0,0.19495588541030884,0.09999999999999998,20000,6471.191854953766
1740000,0.0067518604919314384,5.6490936279296875,5.716975688934326,0.27852514386177063,1.0,0.21808744966983795,0.09999999999999998,20000,6476.9663100242615
1741000,0.016306515783071518,4.8541717529296875,4.899736404418945,0.33799487352371216,1.0,0.2712205648422241,0.09999999999999998,20000,6482.871188163757
1742000,0.004745879676192999,5.532624244689941,5.4744343757629395,0.2183278352022171,1.0,0.21711890399456024,0.09999999999999998,20000,6488.960835933685
1743000,0.004579195752739906,5.389408111572266,5.363412857055664,0.20619270205497742,1.0,0.21455252170562744,0.09999999999999998,20000,6495.173695802689
1744000,0.008654393255710602,4.863462448120117,4.9286112785339355,0.3631497025489807,1.0,0.20003816485404968,0.09999999999999998,20000,6501.1881058216095
1745000,0.009203722700476646,5.330639839172363,5.306210517883301,0.23648521304130554,1.0,0.3310195207595825,0.09999999999999998,20000,6507.384749889374
1746000,0.0075349584221839905,5.012770652770996,4.967940330505371,0.23355916142463684,1.0,0.337873250246048,0.09999999999999998,20000,6513.519786834717
1747000,0.0018858215771615505,5.586831092834473,5.64703369140625,0.22195282578468323,1.0,0.11347169429063797,0.09999999999999998,20000,6519.670948028564
1748000,0.01432071253657341,5.609980583190918,5.6942243576049805,0.2716241478919983,1.0,0.34107786417007446,0.09999999999999998,20000,6525.883897066116
1749000,0.005777441896498203,5.312767028808594,5.251220226287842,0.37264499068260193,1.0,0.13907712697982788,0.09999999999999998,20000,6531.8334419727325
1750000,0.003709967713803053,5.264191627502441,5.081717491149902,0.354264497756958,1.0,0.10355572402477264,0.09999999999999998,20000,6538.005347967148
1751000,0.012410227209329605,5.264122009277344,5.414196014404297,0.282975435256958,1.0,0.2620830535888672,0.09999999999999998,20000,6550.898291110992
1752000,0.0072489348240196705,5.2400102615356445,5.352638244628906,0.21680784225463867,1.0,0.31932196021080017,0.09999999999999998,20000,6556.735599994659
1753000,0.012054115533828735,5.477601051330566,5.513792991638184,0.22039729356765747,1.0,0.37482553720474243,0.09999999999999998,20000,6562.647417068481
1754000,0.005461107008159161,5.26829719543457,5.33199405670166,0.2828512489795685,1.0,0.17715606093406677,0.09999999999999998,20000,6568.45432305336
1755000,0.0022711879573762417,5.256305694580078,5.3650665283203125,0.2495473474264145,1.0,0.08608731627464294,0.09999999999999998,20000,6574.175785779953
1756000,0.0028160756919533014,5.366689205169678,5.283379554748535,0.26256778836250305,1.0,0.11833374947309494,0.09999999999999998,20000,6580.007575035095
1757000,0.00940509233623743,4.793554782867432,4.737607479095459,0.26003703474998474,1.0,0.25068506598472595,0.09999999999999998,20000,6585.800858974457
1758000,0.0025317624676972628,6.068100452423096,6.183066368103027,0.2667471170425415,1.0,0.10837884992361069,0.09999999999999998,20000,6591.426699876785
1759000,0.008462302386760712,5.42744255065918,5.45330810546875,0.29045912623405457,1.0,0.24011263251304626,0.09999999999999998,20000,6597.541072130203
1760000,0.009221347980201244,5.838649272918701,5.897871017456055,0.25479328632354736,1.0,0.3105344772338867,0.09999999999999998,20000,6604.117763996124
1761000,0.002580758184194565,5.441834449768066,5.445964813232422,0.1807764619588852,1.0,0.14463511109352112,0.09999999999999998,20000,6609.9272520542145
1762000,0.007031146436929703,5.728062629699707,5.803638458251953,0.21634303033351898,1.0,0.33198678493499756,0.09999999999999998,20000,6616.325318098068
1763000,0.004386496730148792,4.942173957824707,4.850497245788574,0.19819217920303345,1.0,0.1985880583524704,0.09999999999999998,20000,6622.557285070419
1764000,0.0048642586916685104,5.776947021484375,5.873558521270752,0.18763788044452667,1.0,0.17003844678401947,0.09999999999999998,20000,6628.239137887955
1765000,0.00396040640771389,5.308666229248047,5.393635272979736,0.20392164587974548,1.0,0.16715845465660095,0.09999999999999998,20000,6634.8228080272675
1766000,0.0050397394225001335,5.333794593811035,5.327455520629883,0.25724875926971436,1.0,0.19508884847164154,0.09999999999999998,20000,6640.474316835403
1767000,0.00984785333275795,5.565842628479004,5.539955139160156,0.22111661732196808,1.0,0.379727840423584,0.09999999999999998,20000,6646.535763025284
1768000,0.003867529332637787,5.300676345825195,5.179078102111816,0.26833269000053406,1.0,0.16462992131710052,0.09999999999999998,20000,6652.778932094574
1769000,0.003052143380045891,5.970675468444824,5.903255462646484,0.2195218801498413,1.0,0.13327650725841522,0.09999999999999998,20000,6659.104118824005
1770000,0.012152318842709064,5.157231330871582,4.975169658660889,0.332308292388916,1.0,0.26800405979156494,0.09999999999999998,20000,6665.3050401210785
1771000,0.0315173864364624,6.005387783050537,5.9376654624938965,0.32170647382736206,1.0,0.11652152240276337,0.09999999999999998,20000,6671.386790037155
1772000,0.005429181270301342,5.554739952087402,5.466728210449219,0.19994418323040009,1.0,0.2234896421432495,0.09999999999999998,20000,6677.552201032639
1773000,0.008037662133574486,5.809418201446533,5.727508544921875,0.2800906300544739,1.0,0.2224089354276657,0.09999999999999998,20000,6683.781454086304
1774000,0.0082846749573946,5.458375453948975,5.4194746017456055,0.31096598505973816,1.0,0.21327126026153564,0.09999999999999998,20000,6689.963914871216
1775000,0.01168639026582241,5.455358982086182,5.443248748779297,0.2871208190917969,1.0,0.2850550413131714,0.09999999999999998,20000,6696.193537950516
1776000,0.005060517229139805,6.215237617492676,6.165672302246094,0.19809690117835999,1.0,0.2504846453666687,0.09999999999999998,20000,6702.432766199112
1777000,0.012147507630288601,5.5497283935546875,5.443442344665527,0.36519116163253784,1.0,0.2572934925556183,0.09999999999999998,20000,6708.085194826126
1778000,0.008716792799532413,5.781260967254639,5.801150321960449,0.2489129900932312,1.0,0.3476261496543884,0.09999999999999998,20000,6713.933660030365
1779000,0.005327919498085976,5.6194682121276855,5.673218727111816,0.21408046782016754,1.0,0.2812458574771881,0.09999999999999998,20000,6719.735704898834
1780000,0.0060372380539774895,5.460026264190674,5.428140640258789,0.2463548481464386,1.0,0.22048278152942657,0.09999999999999998,20000,6725.878617048264
1781000,0.010775428265333176,5.6943769454956055,5.713784694671631,0.23435065150260925,1.0,0.29269492626190186,0.09999999999999998,20000,6732.325857877731
1782000,0.011119145900011063,6.028411388397217,6.089373588562012,0.2983049154281616,1.0,0.262408584356308,0.09999999999999998,20000,6738.58229804039
1783000,0.01291671209037304,5.353280067443848,5.2177324295043945,0.3844096064567566,1.0,0.21097807586193085,0.09999999999999998,20000,6744.491284132004
1784000,0.004627114161849022,6.0171003341674805,6.092929363250732,0.19030864536762238,1.0,0.2810325622558594,0.09999999999999998,20000,6750.9277448654175
1785000,0.005988420452922583,5.602913856506348,5.62340784072876,0.30061179399490356,1.0,0.162918359041214,0.09999999999999998,20000,6757.1203191280365
1786000,0.008207287639379501,5.29846715927124,5.206106662750244,0.3386540114879608,1.0,0.16728124022483826,0.09999999999999998,20000,6763.312690973282
1787000,0.008553354069590569,5.371959209442139,5.145094394683838,0.4975273609161377,1.0,0.11956855654716492,0.09999999999999998,20000,6769.41593503952
1788000,0.002311612479388714,5.805366039276123,5.773378849029541,0.25640562176704407,1.0,0.12166182696819305,0.09999999999999998,20000,6775.8679440021515
1789000,0.004958060570061207,6.309750080108643,6.310387134552002,0.21913059055805206,1.0,0.20190051198005676,0.09999999999999998,20000,6781.717294931412
1790000,0.017753981053829193,5.849015235900879,5.740969657897949,0.28236275911331177,1.0,0.4290018379688263,0.09999999999999998,20000,6787.469558954239
1791000,0.008331266231834888,5.96787166595459,6.0073089599609375,0.3791619539260864,1.0,0.16574262082576752,0.09999999999999998,20000,6793.302711009979
1792000,0.011426578275859356,5.416592597961426,5.4057488441467285,0.29827427864074707,1.0,0.2867218554019928,0.09999999999999998,20000,6799.16010594368
1793000,0.011282520368695259,5.708151817321777,5.63997220993042,0.32809382677078247,1.0,0.2560614347457886,0.09999999999999998,20000,6805.157910823822
1794000,0.010162178426980972,5.919877529144287,6.010096549987793,0.24485069513320923,1.0,0.3033166825771332,0.09999999999999998,20000,6811.420170783997
1795000,0.006216234527528286,5.548995018005371,5.63973331451416,0.2690587341785431,1.0,0.17506283521652222,0.09999999999999998,20000,6817.406991004944
1796000,0.011877881363034248,5.512209892272949,5.388005256652832,0.28849536180496216,1.0,0.2859523892402649,0.09999999999999998,20000,6824.107393026352
1797000,0.016764920204877853,5.554389953613281,5.503279685974121,0.27681005001068115,1.0,0.3827146291732788,0.09999999999999998,20000,6830.286246061325
1798000,0.00703285401687026,5.508323669433594,5.473025798797607,0.28066956996917725,1.0,0.17177261412143707,0.09999999999999998,20000,6836.592141866684
1799000,0.005907461047172546,5.827182769775391,5.805910587310791,0.2434755265712738,1.0,0.22510945796966553,0.09999999999999998,20000,6842.545923948288
1800000,0.016682729125022888,5.850381851196289,5.587395191192627,0.4418020248413086,1.0,0.19782352447509766,0.09999999999999998,20000,6848.9189829826355
1801000,0.024240456521511078,5.147412300109863,4.960612773895264,0.368421345949173,1.0,0.40924644470214844,0.09999999999999998,20000,6862.370620965958
1802000,0.010238723829388618,5.768072128295898,5.9006757736206055,0.37815219163894653,1.0,0.2076241821050644,0.09999999999999998,20000,6868.206267118454
1803000,0.007060796953737736,5.23335599899292,5.1498613357543945,0.20954282581806183,1.0,0.3460821211338043,0.09999999999999998,20000,6873.864873170853
1804000,0.009132884442806244,5.995895862579346,6.092933177947998,0.2227911651134491,1.0,0.2755190134048462,0.09999999999999998,20000,6880.012558937073
1805000,0.0075224414467811584,6.032167434692383,6.130321502685547,0.2887275815010071,1.0,0.1935986876487732,0.09999999999999998,20000,6886.109214782715
1806000,0.010907002724707127,5.846001625061035,5.918703079223633,0.27538466453552246,1.0,0.29630547761917114,0.09999999999999998,20000,6892.189302921295
1807000,0.010861939750611782,5.012049198150635,5.024145126342773,0.35180002450942993,1.0,0.20911622047424316,0.09999999999999998,20000,6898.3931889534
1808000,0.013029417023062706,5.587865829467773,5.406774520874023,0.4339069128036499,1.0,0.22205248475074768,0.09999999999999998,20000,6904.503629922867
1809000,0.00972756464034319,5.709039688110352,5.576969146728516,0.36791837215423584,1.0,0.19594791531562805,0.09999999999999998,20000,6910.442707061768
1810000,0.00229773111641407,5.2499542236328125,5.273805618286133,0.1652272343635559,1.0,0.18089492619037628,0.09999999999999998,20000,6916.949908018112
1811000,0.010376577265560627,4.813847064971924,4.942054271697998,0.2801983952522278,1.0,0.25164327025413513,0.09999999999999998,20000,6923.080291986465
1812000,0.008842774666845798,5.386520862579346,5.278955936431885,0.23397192358970642,1.0,0.29566454887390137,0.09999999999999998,20000,6929.819883823395
1813000,0.010643232613801956,5.14732027053833,4.976733207702637,0.36009520292282104,1.0,0.23079778254032135,0.09999999999999998,20000,6935.904222011566
1814000,0.017431076616048813,5.942804336547852,5.99609899520874,0.3189416229724884,1.0,0.34654414653778076,0.09999999999999998,20000,6941.627776861191
1815000,0.014190766029059887,5.117269039154053,4.982369899749756,0.297726571559906,1.0,0.32586318254470825,0.09999999999999998,20000,6947.65244102478
1816000,0.0033974931575357914,5.5169172286987305,5.380197048187256,0.2270859181880951,1.0,0.20114460587501526,0.09999999999999998,20000,6953.554755926132
1817000,0.009454498067498207,4.793371200561523,4.707244873046875,0.29083380103111267,1.0,0.23204118013381958,0.09999999999999998,20000,6959.143668889999
1818000,0.0037409423384815454,5.741885662078857,5.658168792724609,0.2616387605667114,1.0,0.13889679312705994,0.09999999999999998,20000,6965.030235052109
1819000,0.00978408008813858,6.080218315124512,6.216657638549805,0.27019986510276794,1.0,0.3323379456996918,0.09999999999999998,20000,6971.342052936554
1820000,0.01756538823246956,5.204713344573975,5.111757278442383,0.2599656283855438,1.0,0.4507998824119568,0.09999999999999998,20000,6977.41557598114
1821000,0.017184386029839516,4.845712661743164,4.796433448791504,0.34688982367515564,1.0,0.307925283908844,0.09999999999999998,20000,6983.511262178421
1822000,0.009840106591582298,5.7425031661987305,5.7704010009765625,0.2572135925292969,1.0,0.24454447627067566,0.09999999999999998,20000,6989.784096002579
1823000,0.0038622370921075344,5.211347579956055,5.234444618225098,0.21009910106658936,1.0,0.1799660623073578,0.09999999999999998,20000,6995.776319026947
1824000,0.005936747416853905,5.672040939331055,5.693428993225098,0.22475452721118927,1.0,0.26048821210861206,0.09999999999999998,20000,7002.12092089653
1825000,0.00799521803855896,5.569703102111816,5.559848308563232,0.23886120319366455,1.0,0.27237892150878906,0.09999999999999998,20000,7008.235527038574
1826000,0.008804833516478539,5.279294013977051,5.360333442687988,0.24185700714588165,1.0,0.3106500804424286,0.09999999999999998,20000,7014.482157945633
1827000,0.01125233806669712,5.50747537612915,5.423661708831787,0.272599458694458,1.0,0.3257097601890564,0.09999999999999998,20000,7020.509260892868
1828000,0.030202504247426987,5.764941215515137,5.780335426330566,0.44355976581573486,1.0,0.3565102517604828,0.09999999999999998,20000,7026.27432012558
1829000,0.003816771786659956,5.206486701965332,5.035778045654297,0.36065906286239624,1.0,0.10156901925802231,0.09999999999999998,20000,7032.147911071777
1830000,0.012972990050911903,5.563584327697754,5.537103652954102,0.2806559205055237,1.0,0.3537028729915619,0.09999999999999998,20000,7037.924905061722
1831000,0.012835275381803513,4.846290588378906,4.843189239501953,0.2946280539035797,1.0,0.37327641248703003,0.09999999999999998,20000,7043.8951070308685
1832000,0.009147378616034985,5.481610298156738,5.494558334350586,0.2815633714199066,1.0,0.2277090698480606,0.09999999999999998,20000,7049.762295007706
1833000,0.01453501544892788,5.252974510192871,5.240285873413086,0.31181490421295166,1.0,0.2613658607006073,0.09999999999999998,20000,7055.742250919342
1834000,0.009181803092360497,5.449492454528809,5.393836975097656,0.2785852253437042,1.0,0.23158913850784302,0.09999999999999998,20000,7062.143620014191
1835000,0.0019198122899979353,4.9167680740356445,4.914267539978027,0.26450201869010925,1.0,0.08724699914455414,0.09999999999999998,20000,7068.105333805084
1836000,0.010209091007709503,5.421464443206787,5.321432113647461,0.25886809825897217,1.0,0.3196568191051483,0.09999999999999998,20000,7074.017824888229
1837000,0.017938602715730667,5.759326934814453,5.850679397583008,0.3113378584384918,1.0,0.4073423743247986,0.09999999999999998,20000,7080.682662010193
1838000,0.012921532616019249,5.591176986694336,5.559743881225586,0.29195427894592285,1.0,0.30133575201034546,0.09999999999999998,20000,7086.946455001831
1839000,0.02321462333202362,5.252941608428955,5.364852428436279,0.34485530853271484,1.0,0.39854615926742554,0.09999999999999998,20000,7093.285573005676
1840000,0.018996870145201683,5.672516345977783,5.633687973022461,0.2853933274745941,1.0,0.4242464601993561,0.09999999999999998,20000,7099.154619932175
1841000,0.012307820841670036,4.827276229858398,4.875035285949707,0.26662787795066833,1.0,0.3448566794395447,0.09999999999999998,20000,7104.899317979813
1842000,0.00871221348643303,5.388923645019531,5.365637302398682,0.2598283290863037,1.0,0.26101693511009216,0.09999999999999998,20000,7110.363311052322
1843000,0.0018773076590150595,5.173033714294434,5.226741790771484,0.22608619928359985,1.0,0.08040733635425568,0.09999999999999998,20000,7116.021028995514
1844000,0.014603562653064728,5.589729309082031,5.473361015319824,0.23700183629989624,1.0,0.5044361352920532,0.09999999999999998,20000,7122.18284702301
1845000,0.011919941753149033,5.545658111572266,5.625217437744141,0.3101871907711029,1.0,0.23720771074295044,0.09999999999999998,20000,7128.309215784073
1846000,0.018422648310661316,5.253293514251709,5.322878837585449,0.30594173073768616,1.0,0.26896509528160095,0.09999999999999998,20000,7134.501460790634
1847000,0.006719588302075863,5.566440582275391,5.483545303344727,0.21479883790016174,1.0,0.28296053409576416,0.09999999999999998,20000,7140.583367109299
1848000,0.003731237491592765,5.1306257247924805,5.013213157653809,0.26383447647094727,1.0,0.12136068940162659,0.09999999999999998,20000,7146.743033885956
1849000,0.01139977015554905,5.517199516296387,5.476444721221924,0.21037966012954712,1.0,0.48826539516448975,0.09999999999999998,20000,7152.964869976044
1850000,0.005311922635883093,5.255936622619629,5.366217613220215,0.2615981996059418,1.0,0.17039591073989868,0.09999999999999998,20000,7159.018633842468
1851000,0.014440460130572319,5.014492034912109,5.057356834411621,0.21752052009105682,1.0,0.35738053917884827,0.09999999999999998,20000,7172.09132194519
1852000,0.0036937997210770845,5.6408305168151855,5.685436248779297,0.2274036556482315,1.0,0.16263946890830994,0.09999999999999998,20000,7178.3506989479065
1853000,0.00609841663390398,5.5875091552734375,5.618383884429932,0.2474644035100937,1.0,0.21255330741405487,0.09999999999999998,20000,7184.358160018921
1854000,0.005270958412438631,5.855791091918945,5.874755859375,0.23650389909744263,1.0,0.22880986332893372,0.09999999999999998,20000,7190.107400178909
1855000,0.012606027536094189,5.815827369689941,5.916175842285156,0.24525682628154755,1.0,0.39065301418304443,0.09999999999999998,20000,7196.022897005081
1856000,0.005545725114643574,5.709318161010742,5.668033599853516,0.2817176282405853,1.0,0.1551399827003479,0.09999999999999998,20000,7202.1780388355255
1857000,0.01410340890288353,5.873391151428223,5.903399467468262,0.27997535467147827,1.0,0.316604882478714,0.09999999999999998,20000,7208.420291900635
1858000,0.017746396362781525,5.866800308227539,5.777132511138916,0.37908291816711426,1.0,0.2719610929489136,0.09999999999999998,20000,7214.616968154907
1859000,0.005145021714270115,5.869869709014893,5.88701868057251,0.17807531356811523,1.0,0.2533719539642334,0.09999999999999998,20000,7220.634383916855
1860000,0.008407020941376686,5.458341121673584,5.388389587402344,0.2280992865562439,1.0,0.3361113667488098,0.09999999999999998,20000,7227.083818912506
1861000,0.01018093153834343,5.649938583374023,5.645362377166748,0.21166327595710754,1.0,0.3681829273700714,0.09999999999999998,20000,7234.305103063583
1862000,0.014123216271400452,5.22620964050293,5.29042911529541,0.20258024334907532,1.0,0.5187543034553528,0.09999999999999998,20000,7240.455519914627
1863000,0.012558121234178543,5.205016136169434,5.30678653717041,0.3291627764701843,1.0,0.2879013419151306,0.09999999999999998,20000,7246.431093931198
1864000,0.013485443778336048,5.800541877746582,5.697731018066406,0.2916477918624878,1.0,0.3053429126739502,0.09999999999999998,20000,7252.5911247730255
1865000,0.021159576252102852,5.215789794921875,5.102560997009277,0.2896181643009186,1.0,0.481891930103302,0.09999999999999998,20000,7258.6561369895935
1866000,0.004492759704589844,4.936882019042969,5.035142421722412,0.25707578659057617,1.0,0.15855111181735992,0.09999999999999998,20000,7264.500821828842
1867000,0.015027732588350773,5.940411567687988,5.870443344116211,0.2928417921066284,1.0,0.387132853269577,0.09999999999999998,20000,7270.386587142944
1868000,0.006821129471063614,5.164159297943115,5.30042839050293,0.3034021258354187,1.0,0.22372770309448242,0.09999999999999998,20000,7276.265535831451
1869000,0.016015827655792236,5.582089424133301,5.515026569366455,0.3194253146648407,1.0,0.32624155282974243,0.09999999999999998,20000,7282.478835105896
1870000,0.008306709118187428,5.979954719543457,5.987034797668457,0.2787284851074219,1.0,0.2618076205253601,0.09999999999999998,20000,7288.445091962814
1871000,0.005573827773332596,5.02161979675293,4.915678024291992,0.29514646530151367,1.0,0.15633748471736908,0.09999999999999998,20000,7294.419156074524
1872000,0.009568178094923496,6.077392578125,6.157522678375244,0.2731815278530121,1.0,0.23466640710830688,0.09999999999999998,20000,7300.807471036911
1873000,0.012991945259273052,5.228337287902832,5.1387038230896,0.38478991389274597,1.0,0.23472121357917786,0.09999999999999998,20000,7306.987893819809
1874000,0.0072952876798808575,5.893535614013672,5.767138481140137,0.21908263862133026,1.0,0.28915590047836304,0.09999999999999998,20000,7312.8172771930695
1875000,0.004908675327897072,5.85378360748291,5.9263224601745605,0.234064981341362,1.0,0.15424057841300964,0.09999999999999998,20000,7318.938200950623
1876000,0.009205126203596592,5.469052314758301,5.484147548675537,0.30297452211380005,1.0,0.21888533234596252,0.09999999999999998,20000,7325.305548906326
1877000,0.004614450037479401,5.309260845184326,5.365202903747559,0.31165915727615356,1.0,0.15985438227653503,0.09999999999999998,20000,7331.4901621341705
1878000,0.007632576860487461,4.986690044403076,5.098563194274902,0.3378182053565979,1.0,0.18936291337013245,0.09999999999999998,20000,7337.604686021805
1879000,0.008397506549954414,5.0347466468811035,5.030963897705078,0.3775734007358551,1.0,0.1505383998155594,0.09999999999999998,20000,7343.469100952148
1880000,0.010011652484536171,5.14089298248291,5.190730094909668,0.3072667717933655,1.0,0.2741725444793701,0.09999999999999998,20000,7349.212319850922
1881000,0.006810248829424381,5.440415859222412,5.519129753112793,0.27551722526550293,1.0,0.1745375394821167,0.09999999999999998,20000,7355.225036859512
1882000,0.007981130853295326,5.763154983520508,5.869733810424805,0.2865295708179474,1.0,0.21915531158447266,0.09999999999999998,20000,7361.410160064697
1883000,0.0030097253620624542,5.3568620681762695,5.351188659667969,0.19233787059783936,1.0,0.17904095351696014,0.09999999999999998,20000,7367.502862930298
1884000,0.007589817978441715,5.787698745727539,5.694770812988281,0.2787652015686035,1.0,0.17270305752754211,0.09999999999999998,20000,7373.99703001976
1885000,0.01349869929254055,4.811007022857666,4.7583112716674805,0.26488083600997925,1.0,0.33411306142807007,0.09999999999999998,20000,7380.311232805252
1886000,0.009041424840688705,5.210620880126953,5.327290058135986,0.30415645241737366,1.0,0.22489914298057556,0.09999999999999998,20000,7386.496593952179
1887000,0.012362198904156685,4.7626848220825195,4.865009307861328,0.3265038728713989,1.0,0.24860066175460815,0.09999999999999998,20000,7392.6795291900635
1888000,0.005067356862127781,4.535902500152588,4.671472072601318,0.3265558183193207,1.0,0.15869522094726562,0.09999999999999998,20000,7398.808760881424
1889000,0.0029772710986435413,5.419363021850586,5.393099784851074,0.26732462644577026,1.0,0.10932030528783798,0.09999999999999998,20000,7404.700258016586
1890000,0.0017134882509708405,5.365507125854492,5.269779682159424,0.2364100068807602,1.0,0.0914221853017807,0.09999999999999998,20000,7410.793939113617
1891000,0.002385300351306796,5.533795356750488,5.663520336151123,0.3304794728755951,1.0,0.07629368454217911,0.09999999999999998,20000,7416.787739038467
1892000,0.008927245624363422,5.228641986846924,5.250598907470703,0.2504701316356659,1.0,0.2650442123413086,0.09999999999999998,20000,7422.540809869766
1893000,0.009265732020139694,5.343514442443848,5.348639965057373,0.2544524669647217,1.0,0.28806328773498535,0.09999999999999998,20000,7428.279721021652
1894000,0.007880022749304771,5.112015724182129,5.0475873947143555,0.2966943085193634,1.0,0.2205333411693573,0.09999999999999998,20000,7434.250169038773
1895000,0.010055269114673138,5.406787395477295,5.399563789367676,0.2463424801826477,1.0,0.246908500790596,0.09999999999999998,20000,7440.647521972656
1896000,0.006526538170874119,4.997021675109863,4.938726425170898,0.24724410474300385,1.0,0.23239289224147797,0.09999999999999998,20000,7446.8494601249695
1897000,0.006237383000552654,5.299253463745117,5.361141681671143,0.2392522096633911,1.0,0.1837991178035736,0.09999999999999998,20000,7453.301385164261
1898000,0.009306050837039948,5.824189186096191,6.002547264099121,0.2522561848163605,1.0,0.2731804847717285,0.09999999999999998,20000,7459.640627145767
1899000,0.011781482957303524,5.130568504333496,5.194178104400635,0.26562175154685974,1.0,0.30506405234336853,0.09999999999999998,20000,7465.876254796982
1900000,0.010141370818018913,5.610587120056152,5.546670436859131,0.2642592787742615,1.0,0.32448166608810425,0.09999999999999998,20000,7472.2372188568115
1901000,0.0029891165904700756,5.737760543823242,5.744378089904785,0.21795283257961273,1.0,0.15305089950561523,0.09999999999999998,20000,7485.953257083893
1902000,0.0068890973925590515,5.904781341552734,5.933361530303955,0.2661888301372528,1.0,0.22880397737026215,0.09999999999999998,20000,7491.895174980164
1903000,0.00859918538480997,5.426024436950684,5.306293487548828,0.23727372288703918,1.0,0.33624976873397827,0.09999999999999998,20000,7497.870207071304
1904000,0.0026433030143380165,5.388050079345703,5.553454399108887,0.28962603211402893,1.0,0.09888754785060883,0.09999999999999998,20000,7503.803894996643
1905000,0.013524211943149567,5.115058898925781,5.254617214202881,0.35782772302627563,1.0,0.23013393580913544,0.09999999999999998,20000,7509.685477972031
1906000,0.01284524891525507,4.936293601989746,4.9799885749816895,0.26611563563346863,1.0,0.4012799859046936,0.09999999999999998,20000,7515.655637979507
1907000,0.006118760444223881,5.228104591369629,5.154664516448975,0.21416103839874268,1.0,0.3652043640613556,0.09999999999999998,20000,7522.075824975967
1908000,0.002738672774285078,5.1843485832214355,5.243045806884766,0.17908960580825806,1.0,0.1643526554107666,0.09999999999999998,20000,7527.990040063858
1909000,0.020438391715288162,5.444068431854248,5.379436492919922,0.3517391085624695,1.0,0.3811551332473755,0.09999999999999998,20000,7534.075510978699
1910000,0.008659198880195618,5.64876127243042,5.588348865509033,0.1740644872188568,1.0,0.4565415680408478,0.09999999999999998,20000,7540.2662189006805
1911000,0.01604238897562027,5.575652122497559,5.545892715454102,0.28684452176094055,1.0,0.37710344791412354,0.09999999999999998,20000,7546.564857006073
1912000,0.015853479504585266,4.9789323806762695,5.001441955566406,0.4389575123786926,1.0,0.22015374898910522,0.09999999999999998,20000,7552.575404882431
1913000,0.014872166328132153,5.9990105628967285,6.081954002380371,0.24668678641319275,1.0,0.3770928382873535,0.09999999999999998,20000,7559.035057067871
1914000,0.008889103308320045,5.994309425354004,6.021182060241699,0.24929141998291016,1.0,0.2640191614627838,0.09999999999999998,20000,7565.002816915512
1915000,0.0029985529836267233,6.299750328063965,6.25057315826416,0.19788256287574768,1.0,0.13416483998298645,0.09999999999999998,20000,7571.483798980713
1916000,0.01603240892291069,5.351395606994629,5.454016208648682,0.3133876323699951,1.0,0.28229549527168274,0.09999999999999998,20000,7577.531848192215
1917000,0.006380537524819374,5.1785078048706055,5.123797416687012,0.2787744998931885,1.0,0.18091045320034027,0.09999999999999998,20000,7583.327721118927
1918000,0.0069717103615403175,5.202498435974121,5.218628883361816,0.25483426451683044,1.0,0.2786852717399597,0.09999999999999998,20000,7589.351948022842
1919000,0.00420292466878891,5.226512908935547,5.166229724884033,0.22854375839233398,1.0,0.19531524181365967,0.09999999999999998,20000,7596.517459154129
1920000,0.010465498082339764,5.365948677062988,5.377018928527832,0.32371997833251953,1.0,0.23585368692874908,0.09999999999999998,20000,7602.909428119659
1921000,0.02154415100812912,5.317281246185303,5.413269996643066,0.3580383062362671,1.0,0.3641924262046814,0.09999999999999998,20000,7609.328421115875
1922000,0.020918870344758034,4.997154235839844,4.954488277435303,0.3360818922519684,1.0,0.3777819871902466,0.09999999999999998,20000,7616.064660787582
1923000,0.005704347509890795,6.059618949890137,6.054631233215332,0.2320413589477539,1.0,0.269318163394928,0.09999999999999998,20000,7623.254829883575
1924000,0.008109251037240028,5.267378807067871,5.312520980834961,0.3329750597476959,1.0,0.19402825832366943,0.09999999999999998,20000,7629.351807832718
1925000,0.0037381593137979507,4.9817657470703125,4.952153205871582,0.3555983304977417,1.0,0.11207453906536102,0.09999999999999998,20000,7635.481165885925
1926000,0.005245879292488098,5.975186347961426,6.05681848526001,0.3077006936073303,1.0,0.15189120173454285,0.09999999999999998,20000,7641.547972917557
1927000,0.009477956220507622,5.848501205444336,5.829631805419922,0.25342029333114624,1.0,0.2808127999305725,0.09999999999999998,20000,7647.556820869446
1928000,0.007408450823277235,6.235762119293213,6.222653865814209,0.2627158761024475,1.0,0.21065250039100647,0.09999999999999998,20000,7653.857343196869
1929000,0.014472732320427895,6.168646812438965,6.378336429595947,0.3481394946575165,1.0,0.2530171573162079,0.09999999999999998,20000,7659.835240125656
1930000,0.003436518367379904,4.902652740478516,4.823992729187012,0.2659209370613098,1.0,0.11387632042169571,0.09999999999999998,20000,7665.722910165787
1931000,0.01866612210869789,5.806647300720215,5.714324951171875,0.4178014397621155,1.0,0.25902846455574036,0.09999999999999998,20000,7671.4651601314545
1932000,0.010838702321052551,5.168773651123047,5.1338605880737305,0.280997633934021,1.0,0.28859788179397583,0.09999999999999998,20000,7677.585569858551
1933000,0.020132998004555702,5.244228363037109,5.305719375610352,0.337237685918808,1.0,0.4215983748435974,0.09999999999999998,20000,7683.476479053497
1934000,0.014296775683760643,5.180135250091553,5.120268821716309,0.33043593168258667,1.0,0.29086586833000183,0.09999999999999998,20000,7690.892039060593
1935000,0.001811400754377246,5.739181041717529,5.661912441253662,0.2355291098356247,1.0,0.10036197304725647,0.09999999999999998,20000,7697.570838928223
1936000,0.015366846695542336,6.056439399719238,5.940289497375488,0.316551148891449,1.0,0.3756279945373535,0.09999999999999998,20000,7703.764386892319
1937000,0.016251271590590477,5.183361053466797,5.223888397216797,0.286148339509964,1.0,0.2729071378707886,0.09999999999999998,20000,7709.91809296608
1938000,0.0030933846719563007,5.381098747253418,5.386086463928223,0.2588258683681488,1.0,0.11913012713193893,0.09999999999999998,20000,7716.1821620464325
1939000,0.007257821969687939,5.1272969245910645,5.028742790222168,0.2900562882423401,1.0,0.2010144591331482,0.09999999999999998,20000,7722.260442972183
1940000,0.013850810006260872,4.6271443367004395,4.710509300231934,0.4535600543022156,1.0,0.18170854449272156,0.09999999999999998,20000,7728.4250819683075
1941000,0.011183193884789944,4.5530686378479,4.423314094543457,0.31284207105636597,1.0,0.27559036016464233,0.09999999999999998,20000,7734.728713989258
1942000,0.015054263174533844,5.209965705871582,5.09420108795166,0.22820842266082764,1.0,0.4661005735397339,0.09999999999999998,20000,7740.54447889328
1943000,0.02322222664952278,4.727206230163574,4.821897029876709,0.32126015424728394,1.0,0.38183385133743286,0.09999999999999998,20000,7746.184026956558
1944000,0.042116861790418625,4.90261173248291,4.729306221008301,0.41838422417640686,1.0,0.5533983707427979,0.09999999999999998,20000,7751.896129846573
1945000,0.011362621560692787,4.827492713928223,4.846562385559082,0.30046918988227844,1.0,0.29138970375061035,0.09999999999999998,20000,7758.314993143082
1946000,0.008152062073349953,5.927920818328857,5.967428684234619,0.2986809015274048,1.0,0.20535273849964142,0.09999999999999998,20000,7764.329546928406
1947000,0.004132368601858616,5.260775566101074,5.265955448150635,0.17140400409698486,1.0,0.2821505069732666,0.09999999999999998,20000,7770.358901977539
1948000,0.018078666180372238,5.290521621704102,5.258977890014648,0.41927284002304077,1.0,0.2775576710700989,0.09999999999999998,20000,7776.504587888718
1949000,0.0029800166375935078,5.39034366607666,5.408710479736328,0.20094698667526245,1.0,0.17934633791446686,0.09999999999999998,20000,7782.588426828384
1950000,0.000785216165240854,5.428977012634277,5.40721321105957,0.19486020505428314,1.0,0.05709410831332207,0.09999999999999998,20000,7788.6865129470825
1951000,0.010986542329192162,5.767596244812012,5.765298366546631,0.31584376096725464,1.0,0.2082269787788391,0.09999999999999998,20000,7801.913289070129
1952000,0.004795434884727001,5.840816974639893,5.892228603363037,0.1801774650812149,1.0,0.24041913449764252,0.09999999999999998,20000,7807.692711114883
1953000,0.016387220472097397,5.371452331542969,5.445767879486084,0.25981613993644714,1.0,0.4312748312950134,0.09999999999999998,20000,7813.649837970734
1954000,0.013791296631097794,4.826571464538574,4.824124813079834,0.3249601125717163,1.0,0.32372453808784485,0.09999999999999998,20000,7819.385231018066
1955000,0.008311918005347252,5.2880778312683105,5.280487060546875,0.3055345118045807,1.0,0.22135776281356812,0.09999999999999998,20000,7825.181833982468
1956000,0.016144568100571632,5.160409927368164,5.144557952880859,0.31459903717041016,1.0,0.3277147710323334,0.09999999999999998,20000,7831.036581993103
1957000,0.0037380708381533623,5.383763313293457,5.419143199920654,0.2143164873123169,1.0,0.17819149792194366,0.09999999999999998,20000,7836.76095700264
1958000,0.007927151396870613,5.6631574630737305,5.704075813293457,0.20846982300281525,1.0,0.3102532625198364,0.09999999999999998,20000,7843.002192974091
1959000,0.012866743840277195,5.290514945983887,5.362550735473633,0.3052671551704407,1.0,0.30840158462524414,0.09999999999999998,20000,7849.283070087433
1960000,0.01725737750530243,5.557762145996094,5.580697059631348,0.29835230112075806,1.0,0.41302490234375,0.09999999999999998,20000,7855.516822814941
1961000,0.003944256342947483,5.415054798126221,5.486949443817139,0.33104056119918823,1.0,0.12816323339939117,0.09999999999999998,20000,7861.32404589653
1962000,0.020976819097995758,5.227347373962402,5.351384162902832,0.4035932421684265,1.0,0.2826036214828491,0.09999999999999998,20000,7867.591946840286
1963000,0.015517128631472588,5.18267822265625,5.261112213134766,0.34106266498565674,1.0,0.32216519117355347,0.09999999999999998,20000,7873.5795109272
1964000,0.010226594284176826,6.140612602233887,6.194265842437744,0.347675621509552,1.0,0.22078567743301392,0.09999999999999998,20000,7879.589402914047
1965000,0.016050850972533226,5.077417850494385,5.166538715362549,0.3064579367637634,1.0,0.3063763380050659,0.09999999999999998,20000,7885.697940826416
1966000,0.0034730439074337482,6.170605659484863,6.080554485321045,0.2679205536842346,1.0,0.15617594122886658,0.09999999999999998,20000,7891.759396076202
1967000,0.012394420802593231,6.1229658126831055,6.097503662109375,0.27986079454421997,1.0,0.3171299397945404,0.09999999999999998,20000,7897.535040855408
1968000,0.003561802674084902,5.197638511657715,5.226701259613037,0.22308818995952606,1.0,0.17280201613903046,0.09999999999999998,20000,7903.611063957214
1969000,0.017487984150648117,6.0800886154174805,6.044125556945801,0.4126552939414978,1.0,0.26676446199417114,0.09999999999999998,20000,7909.409502029419
1970000,0.010129869915544987,5.78729248046875,5.57629919052124,0.39195716381073,1.0,0.24718734622001648,0.09999999999999998,20000,7915.462563991547
1971000,0.010392299853265285,5.628885269165039,5.616669178009033,0.350211501121521,1.0,0.19123773276805878,0.09999999999999998,20000,7921.626616001129
1972000,0.01721765100955963,5.487584590911865,5.6444783210754395,0.3704628050327301,1.0,0.23912860453128815,0.09999999999999998,20000,7927.88516998291
1973000,0.01636952906847,5.827599048614502,5.835650444030762,0.2697228193283081,1.0,0.3994976282119751,0.09999999999999998,20000,7933.967409133911
1974000,0.01139700599014759,5.597076892852783,5.59916353225708,0.29876500368118286,1.0,0.2917900085449219,0.09999999999999998,20000,7939.953125
1975000,0.00924981851130724,5.571660995483398,5.437640190124512,0.329522043466568,1.0,0.19005843997001648,0.09999999999999998,20000,7945.995700120926
1976000,0.011998826637864113,5.264209747314453,5.186091899871826,0.24559427797794342,1.0,0.38659846782684326,0.09999999999999998,20000,7952.090718984604
1977000,0.001876164460554719,5.563167095184326,5.551632404327393,0.2588779628276825,1.0,0.08872342109680176,0.09999999999999998,20000,7958.201735019684
1978000,0.006403112784028053,5.518624305725098,5.647437572479248,0.32743212580680847,1.0,0.15388664603233337,0.09999999999999998,20000,7964.3727650642395
1979000,0.0070929741486907005,5.439403533935547,5.42298698425293,0.24297650158405304,1.0,0.2513313889503479,0.09999999999999998,20000,7970.456427812576
1980000,0.0051661161705851555,5.404266357421875,5.424820899963379,0.17609959840774536,1.0,0.30454593896865845,0.09999999999999998,20000,7976.503746032715
1981000,0.007359485141932964,5.785511493682861,5.631247520446777,0.37706270813941956,1.0,0.15824800729751587,0.09999999999999998,20000,7982.402484178543
1982000,0.009642614983022213,5.313261032104492,5.256436347961426,0.3487529456615448,1.0,0.2544157803058624,0.09999999999999998,20000,7988.223258972168
1983000,0.004927873611450195,5.952749252319336,5.9400835037231445,0.25676342844963074,1.0,0.1816760003566742,0.09999999999999998,20000,7994.261801958084
1984000,0.013019159436225891,5.808420181274414,5.797712802886963,0.2885729968547821,1.0,0.32576143741607666,0.09999999999999998,20000,8000.656450986862
1985000,0.012765152379870415,5.236426830291748,5.321759223937988,0.38749781250953674,1.0,0.22072921693325043,0.09999999999999998,20000,8006.970018863678
1986000,0.01169583946466446,5.768231391906738,5.818849563598633,0.29563188552856445,1.0,0.2779349088668823,0.09999999999999998,20000,8013.21865105629
1987000,0.007587495259940624,5.144859313964844,4.881346225738525,0.4262009859085083,1.0,0.13590160012245178,0.09999999999999998,20000,8019.524471998215
1988000,0.01214267686009407,5.232254505157471,5.194393157958984,0.4006933867931366,1.0,0.2147757112979889,0.09999999999999998,20000,8026.779112100601
1989000,0.014009367674589157,5.474825859069824,5.544610500335693,0.2565141022205353,1.0,0.41426917910575867,0.09999999999999998,20000,8033.008188962936
1990000,0.010473199188709259,5.188758373260498,5.116333961486816,0.3133261203765869,1.0,0.3063574433326721,0.09999999999999998,20000,8039.15626001358
1991000,0.010652231052517891,5.43717622756958,5.3314971923828125,0.3343573212623596,1.0,0.1918860524892807,0.09999999999999998,20000,8045.368418931961
1992000,0.02240639366209507,5.435126304626465,5.435574054718018,0.3703535795211792,1.0,0.319064199924469,0.09999999999999998,20000,8051.409911870956
1993000,0.007270537316799164,5.5838823318481445,5.5193281173706055,0.1921144425868988,1.0,0.3444465100765228,0.09999999999999998,20000,8057.342868089676
1994000,0.005672110244631767,5.614640235900879,5.593236923217773,0.19535309076309204,1.0,0.2730310559272766,0.09999999999999998,20000,8063.155544996262
1995000,0.005095829255878925,5.706034183502197,5.6799397468566895,0.21166008710861206,1.0,0.2486511915922165,0.09999999999999998,20000,8069.1353261470795
1996000,0.005876118782907724,5.4924540519714355,5.453317642211914,0.20962759852409363,1.0,0.258125364780426,0.09999999999999998,20000,8075.4890468120575
1997000,0.0021767467260360718,5.368283271789551,5.356540679931641,0.19440633058547974,1.0,0.14697358012199402,0.09999999999999998,20000,8081.562206029892
1998000,0.005059021525084972,5.29995059967041,5.313222408294678,0.22175541520118713,1.0,0.24001501500606537,0.09999999999999998,20000,8087.548061132431
1999000,0.009080641902983189,5.805314540863037,5.795082092285156,0.41359755396842957,1.0,0.13094006478786469,0.09999999999999998,20000,8093.778367996216
2000000,0.01164601556956768,5.266355037689209,5.441219806671143,0.29637694358825684,1.0,0.29115307331085205,0.09999999999999998,20000,8099.919995069504
