paso_global,loss,q_promedio,target_promedio,error_td_promedio,beta_per,peso_importancia_promedio,epsilon,tamano_buffer,tiempo_segundos
10000,0.08571560680866241,-0.007034945301711559,0.20081722736358643,0.2083742618560791,0.41200000000000003,1.0,0.964,9996,6.013430833816528
11000,0.01579166390001774,0.18979696929454803,0.1700364500284195,0.2013854682445526,0.4132,0.4329740107059479,0.9604,10996,9.295202016830444
12000,0.06087962165474892,0.21915744245052338,0.3512980043888092,0.374655544757843,0.41440000000000005,0.6228389143943787,0.9568,11996,12.637213945388794
13000,0.03856342285871506,0.22753503918647766,0.32207149267196655,0.33950650691986084,0.4156,0.5350790023803711,0.9532,12996,16.25282573699951
14000,0.03767178952693939,0.2553924024105072,0.26150453090667725,0.3014216423034668,0.4168,0.6537779569625854,0.9496,13996,19.685806035995483
15000,0.03704443946480751,0.2335907518863678,0.2292385697364807,0.2949594259262085,0.41800000000000004,0.6300852298736572,0.946,14996,22.946712732315063
16000,0.021052950993180275,0.1810169816017151,0.3179100751876831,0.2721800208091736,0.4192,0.37875300645828247,0.9424,15996,26.215194702148438
17000,0.06166274845600128,0.22928962111473083,0.41745567321777344,0.39110660552978516,0.4204,0.5862832069396973,0.9388,16996,29.558083057403564
18000,0.03660564124584198,0.21740120649337769,0.3210879862308502,0.30015668272972107,0.42160000000000003,0.554922342300415,0.9352,17996,32.935242891311646
19000,0.0195927657186985,0.21616880595684052,0.29081422090530396,0.27207279205322266,0.4228,0.3518674969673157,0.9316,18996,36.197908878326416
20000,0.03555358946323395,0.2610224187374115,0.29066982865333557,0.31097787618637085,0.42400000000000004,0.5663906931877136,0.9279999999999999,19996,39.4188768863678
21000,0.02100980654358864,0.5047022104263306,0.3832215666770935,0.2749859690666199,0.4252,0.44241470098495483,0.9244,20000,42.670514822006226
22000,0.03884098678827286,0.5369328260421753,0.5335257053375244,0.32529962062835693,0.4264,0.6028278470039368,0.9208000000000001,20000,45.91682195663452
23000,0.02033371850848198,0.43389981985092163,0.34108102321624756,0.24880428612232208,0.42760000000000004,0.4997336268424988,0.9172,20000,49.28541684150696
24000,0.02186598628759384,0.34988048672676086,0.34404560923576355,0.24789901077747345,0.4288,0.48718613386154175,0.9136,20000,52.64563584327698
25000,0.006779850460588932,0.4602152109146118,0.3480454981327057,0.23491299152374268,0.43000000000000005,0.2289091944694519,0.91,20000,55.928518772125244
26000,0.038547731935977936,0.49428486824035645,0.5679948925971985,0.3113800883293152,0.4312,0.6151406168937683,0.9064,20000,59.2854437828064
27000,0.022979196161031723,0.43269962072372437,0.3741194009780884,0.2602487802505493,0.4324,0.5183347463607788,0.9028,20000,62.68735671043396
28000,0.034627411514520645,0.5301195383071899,0.637961745262146,0.33920252323150635,0.43360000000000004,0.4673024117946625,0.8992,20000,66.00998592376709
29000,0.02096838504076004,0.4101167917251587,0.4314834177494049,0.2581353485584259,0.4348,0.4320906400680542,0.8956,20000,69.20890593528748
30000,0.019648350775241852,0.2994886040687561,0.4104725122451782,0.2234901785850525,0.436,0.4651847779750824,0.892,20000,72.68245768547058
31000,0.03747563436627388,0.5883938670158386,0.7193990349769592,0.3395487368106842,0.43720000000000003,0.4860091805458069,0.8884,20000,76.10761976242065
32000,0.03854935243725777,0.5147610902786255,0.6374037265777588,0.30974870920181274,0.4384,0.5596895217895508,0.8848,20000,79.54748678207397
33000,0.014493798837065697,0.536512553691864,0.6423351168632507,0.2679789364337921,0.43960000000000005,0.30017492175102234,0.8812,20000,83.10186696052551
34000,0.020242448896169662,0.568108320236206,0.5724321603775024,0.2672169506549835,0.4408,0.4136736989021301,0.8775999999999999,20000,86.82162499427795
35000,0.021097425371408463,0.46674954891204834,0.57331383228302,0.285175621509552,0.442,0.39967918395996094,0.874,20000,90.43996691703796
36000,0.038433466106653214,0.5553234815597534,0.7063668370246887,0.33623185753822327,0.44320000000000004,0.49227428436279297,0.8704000000000001,20000,94.13218688964844
37000,0.02566293627023697,0.5784658193588257,0.6040911078453064,0.2992088496685028,0.4444,0.40896615386009216,0.8668,20000,97.68754196166992
38000,0.020275887101888657,0.4756585955619812,0.4415205121040344,0.27330195903778076,0.4456,0.4212644398212433,0.8632,20000,101.33010673522949
39000,0.022168517112731934,0.4662925601005554,0.4998641014099121,0.2271251082420349,0.44680000000000003,0.5230807065963745,0.8596,20000,105.92250394821167
40000,0.014506160281598568,0.5179498195648193,0.5471835732460022,0.28047940135002136,0.448,0.30228090286254883,0.856,20000,109.54176187515259
41000,0.02027820236980915,0.5979800224304199,0.7302852869033813,0.21333882212638855,0.44920000000000004,0.458528995513916,0.8524,20000,113.13120365142822
42000,0.021624501794576645,0.7441682815551758,0.6047252416610718,0.2826867699623108,0.4504,0.45380955934524536,0.8488,20000,116.97008776664734
43000,0.043057434260845184,0.69054114818573,0.7714464664459229,0.40758103132247925,0.4516,0.40933945775032043,0.8452,20000,120.5872848033905
44000,0.02005651779472828,0.6360548138618469,0.7446092367172241,0.24857161939144135,0.45280000000000004,0.5045533776283264,0.8416,20000,124.20736575126648
45000,0.024008827283978462,0.7014247179031372,0.6404627561569214,0.2374056726694107,0.454,0.6333125829696655,0.838,20000,127.95512890815735
46000,0.03185076266527176,0.6854851245880127,0.7072119116783142,0.270815908908844,0.45520000000000005,0.6317305564880371,0.8344,20000,131.4172008037567
47000,0.040563032031059265,0.7642017006874084,0.8525838851928711,0.3288768529891968,0.45640000000000003,0.5368767976760864,0.8308,20000,135.02012181282043
48000,0.02080851048231125,0.6780375242233276,0.682147741317749,0.3073790669441223,0.4576,0.3766653537750244,0.8271999999999999,20000,138.7293758392334
49000,0.016035988926887512,0.5864970088005066,0.6029781103134155,0.24402782320976257,0.45880000000000004,0.3942502737045288,0.8236,20000,142.26427578926086
50000,0.022418256849050522,0.7044141292572021,0.7958748936653137,0.304704874753952,0.46,0.3896217346191406,0.82,20000,145.95186305046082
51000,0.04609570652246475,0.7724035978317261,0.8361080288887024,0.31321483850479126,0.4612,0.6923419237136841,0.8164,20000,154.92443680763245
52000,0.03396100550889969,0.8506013751029968,0.7477741241455078,0.29283422231674194,0.46240000000000003,0.6229071617126465,0.8128,20000,158.46277284622192
53000,0.03376375883817673,0.8374298810958862,0.7526845932006836,0.31956470012664795,0.4636,0.4786904752254486,0.8092,20000,161.84688091278076
54000,0.01281760260462761,0.8359038829803467,0.7713801860809326,0.24064144492149353,0.4648,0.34991592168807983,0.8056,20000,165.26323890686035
55000,0.03057827800512314,0.6858887672424316,0.7427858710289001,0.306333988904953,0.466,0.5293934345245361,0.802,20000,168.61912393569946
56000,0.03341412544250488,0.8353885412216187,0.7275431156158447,0.29418861865997314,0.4672,0.5912705063819885,0.7984,20000,172.0105059146881
57000,0.04002728313207626,1.003615379333496,0.9507966041564941,0.3142928183078766,0.46840000000000004,0.5720354318618774,0.7948,20000,175.43510699272156
58000,0.021450120955705643,0.7097747921943665,0.7997231483459473,0.3027874231338501,0.4696,0.3641969561576843,0.7912,20000,178.80834674835205
59000,0.00912315770983696,0.6324269771575928,0.625014066696167,0.18399813771247864,0.4708,0.38234999775886536,0.7876,20000,182.19467282295227
60000,0.035853926092386246,0.8342497944831848,0.9417970180511475,0.315189003944397,0.47200000000000003,0.5762526988983154,0.784,20000,185.64694595336914
61000,0.036483123898506165,0.9267245531082153,0.9852709770202637,0.2876802682876587,0.4732,0.6041566133499146,0.7804,20000,189.1128008365631
62000,0.030237726867198944,0.9337297677993774,1.0131787061691284,0.2986887991428375,0.47440000000000004,0.525639533996582,0.7767999999999999,20000,192.53234195709229
63000,0.03591547906398773,1.010336995124817,1.0918570756912231,0.30396342277526855,0.4756,0.5579094290733337,0.7732,20000,196.02559876441956
64000,0.03357525169849396,0.9632115364074707,1.043172836303711,0.3291155695915222,0.4768,0.48218226432800293,0.7696,20000,199.47245478630066
65000,0.02106613665819168,1.0535061359405518,1.0473333597183228,0.2843027710914612,0.47800000000000004,0.4352750778198242,0.766,20000,203.12479305267334
66000,0.029053425416350365,1.0139306783676147,1.049370288848877,0.3403967022895813,0.4792,0.4071633815765381,0.7624,20000,206.55535101890564
67000,0.02462666854262352,0.9537100195884705,0.9819287061691284,0.25098901987075806,0.48040000000000005,0.5801646113395691,0.7587999999999999,20000,210.06925797462463
68000,0.02479473128914833,0.8727016448974609,0.7563832998275757,0.22913971543312073,0.48160000000000003,0.6406615972518921,0.7552,20000,213.58643984794617
69000,0.02221054397523403,0.9427449703216553,0.9978224039077759,0.3412688374519348,0.4828,0.33558356761932373,0.7515999999999999,20000,217.13111186027527
70000,0.01713917776942253,0.8533601760864258,0.8578511476516724,0.22706350684165955,0.48400000000000004,0.4753950834274292,0.748,20000,220.65801191329956
71000,0.04344848170876503,0.9030201435089111,0.9971724152565002,0.3153608739376068,0.4852,0.6305950880050659,0.7444,20000,224.15218877792358
72000,0.02733715996146202,0.9254283308982849,1.067046880722046,0.3027033805847168,0.4864,0.4415697157382965,0.7408,20000,227.92102599143982
73000,0.018968209624290466,0.98916095495224,0.909692645072937,0.21322081983089447,0.48760000000000003,0.47864705324172974,0.7372000000000001,20000,231.8072156906128
74000,0.03141523152589798,1.1411643028259277,1.2180936336517334,0.3460705876350403,0.4888,0.41382306814193726,0.7336,20000,235.81028389930725
75000,0.02676665037870407,0.9672843217849731,1.1456542015075684,0.2881694734096527,0.49,0.4555099308490753,0.73,20000,239.40071082115173
76000,0.027050621807575226,0.8822542428970337,0.8803094625473022,0.28193527460098267,0.4912,0.5777146816253662,0.7263999999999999,20000,243.0830557346344
77000,0.02744474448263645,1.2443777322769165,1.1881978511810303,0.3152811527252197,0.4924,0.44063809514045715,0.7228,20000,246.95797681808472
78000,0.03175851330161095,1.1057493686676025,1.1396253108978271,0.2663520574569702,0.49360000000000004,0.642127513885498,0.7192000000000001,20000,250.5259449481964
79000,0.005510187242180109,0.9365249276161194,0.83785080909729,0.24441179633140564,0.4948,0.16452521085739136,0.7156,20000,254.34095001220703
80000,0.04861777648329735,1.053112268447876,1.2073869705200195,0.33814191818237305,0.496,0.6756925582885742,0.712,20000,258.0210008621216
81000,0.04285433143377304,1.3321452140808105,1.426694631576538,0.31846222281455994,0.49720000000000003,0.6159372925758362,0.7083999999999999,20000,261.65749192237854
82000,0.029843488708138466,1.266861081123352,1.2656105756759644,0.31363368034362793,0.4984,0.4674840569496155,0.7048,20000,265.7531158924103
83000,0.028025846928358078,1.2763824462890625,1.220921277999878,0.25869667530059814,0.49960000000000004,0.5656858682632446,0.7012,20000,269.5087239742279
84000,0.030163263902068138,1.2405939102172852,1.4470198154449463,0.312031090259552,0.5008,0.49537327885627747,0.6976,20000,273.06535482406616
85000,0.03439146280288696,1.2082390785217285,1.2730706930160522,0.32605260610580444,0.502,0.5047691464424133,0.694,20000,276.72553181648254
86000,0.0314827635884285,1.1640411615371704,0.9975051879882812,0.3252134323120117,0.5032,0.45953840017318726,0.6904,20000,280.72047686576843
87000,0.02113473042845726,1.2906668186187744,1.1468944549560547,0.26521146297454834,0.5044,0.4231311082839966,0.6868000000000001,20000,284.37895798683167
88000,0.013730105943977833,1.2325143814086914,1.1962651014328003,0.20233505964279175,0.5056,0.41308820247650146,0.6832,20000,288.38047194480896
89000,0.025660458952188492,1.2826693058013916,1.277878761291504,0.2902718782424927,0.5068,0.5195615291595459,0.6796,20000,292.3535888195038
90000,0.015354396775364876,1.1559243202209473,1.1960129737854004,0.2443353533744812,0.508,0.405326247215271,0.6759999999999999,20000,296.00789284706116
91000,0.02225682884454727,1.110670804977417,1.1163709163665771,0.2628430724143982,0.5092,0.47175902128219604,0.6724,20000,299.66785979270935
92000,0.03876412659883499,1.2251907587051392,1.164547324180603,0.31525155901908875,0.5104,0.6287626028060913,0.6688000000000001,20000,303.6335427761078
93000,0.04097192361950874,1.2030909061431885,1.4110937118530273,0.3052133619785309,0.5116,0.6203408241271973,0.6652,20000,307.345520734787
94000,0.04315490275621414,1.4343435764312744,1.46431565284729,0.3296279311180115,0.5128,0.6505345106124878,0.6616,20000,311.5229687690735
95000,0.021157683804631233,1.316361427307129,1.4124587774276733,0.2604718804359436,0.514,0.5076525211334229,0.6579999999999999,20000,315.5144989490509
96000,0.02874450571835041,1.4241251945495605,1.2546749114990234,0.34063151478767395,0.5152,0.40550917387008667,0.6544,20000,319.44872784614563
97000,0.02126128226518631,1.3896409273147583,1.4368014335632324,0.2654625177383423,0.5164,0.4855710566043854,0.6508,20000,323.43715500831604
98000,0.041981615126132965,1.023738145828247,1.229548692703247,0.3609628677368164,0.5176000000000001,0.44721856713294983,0.6472,20000,327.40469670295715
99000,0.02320064976811409,1.23477041721344,1.3496391773223877,0.2182934582233429,0.5188,0.635787844657898,0.6436,20000,331.46001982688904
100000,0.019115762785077095,1.3068606853485107,1.1411120891571045,0.23388755321502686,0.52,0.5428783893585205,0.6399999999999999,20000,335.31613183021545
101000,0.03248845040798187,1.6391829252243042,1.663185477256775,0.29509538412094116,0.5212,0.5813702344894409,0.6364,20000,346.2783637046814
102000,0.02890435978770256,1.8184866905212402,1.6219475269317627,0.34489744901657104,0.5224,0.38135096430778503,0.6328,20000,350.2873909473419
103000,0.013488441705703735,1.6198469400405884,1.6226061582565308,0.2892054319381714,0.5236000000000001,0.2645814120769501,0.6292,20000,354.1274359226227
104000,0.017081711441278458,1.2623405456542969,1.2391539812088013,0.2556259036064148,0.5248,0.43166977167129517,0.6255999999999999,20000,357.8240098953247
105000,0.021519476547837257,1.6326749324798584,1.7127611637115479,0.26166439056396484,0.526,0.4859856367111206,0.622,20000,361.54252004623413
106000,0.028503138571977615,1.4830867052078247,1.582911491394043,0.28652724623680115,0.5272,0.4723685383796692,0.6184000000000001,20000,365.332053899765
107000,0.01638358272612095,1.820731520652771,1.8505418300628662,0.3032687306404114,0.5284,0.26599860191345215,0.6148,20000,369.13313579559326
108000,0.02376396209001541,1.691847324371338,1.7012748718261719,0.2511329650878906,0.5296000000000001,0.506049394607544,0.6112,20000,372.8533148765564
109000,0.012447129935026169,1.2409250736236572,1.204279899597168,0.20237275958061218,0.5308,0.47343918681144714,0.6075999999999999,20000,376.8013229370117
110000,0.01882924698293209,1.4825773239135742,1.4793758392333984,0.30317550897598267,0.532,0.3472154140472412,0.604,20000,380.8010039329529
111000,0.030102230608463287,1.8278063535690308,1.8644733428955078,0.30451858043670654,0.5332,0.5089554786682129,0.6004,20000,384.95106077194214
112000,0.02027832716703415,1.6801371574401855,1.6603150367736816,0.298766553401947,0.5344,0.42423829436302185,0.5968,20000,388.90933179855347
113000,0.030726788565516472,1.8754802942276,1.7618260383605957,0.303417831659317,0.5356000000000001,0.5448291301727295,0.5932,20000,393.0809028148651
114000,0.03149009495973587,1.6569206714630127,1.5988349914550781,0.3131175637245178,0.5368,0.5072039365768433,0.5895999999999999,20000,397.1027419567108
115000,0.020440250635147095,1.8236300945281982,1.8187313079833984,0.3243379592895508,0.538,0.32149410247802734,0.586,20000,401.17962074279785
116000,0.020745499059557915,1.8824965953826904,1.8358702659606934,0.26851725578308105,0.5392,0.4561443626880646,0.5824,20000,405.18625688552856
117000,0.023724202066659927,1.8371027708053589,1.7695086002349854,0.25628024339675903,0.5404,0.47386282682418823,0.5788,20000,409.27136874198914
118000,0.03657626360654831,2.0033602714538574,2.095285415649414,0.3288673162460327,0.5416,0.5060190558433533,0.5751999999999999,20000,413.44373989105225
119000,0.035396285355091095,1.6935081481933594,1.7583684921264648,0.33220288157463074,0.5428,0.5162160396575928,0.5716,20000,417.4807527065277
120000,0.01480274647474289,1.6628496646881104,1.6387587785720825,0.2877712845802307,0.544,0.3000420928001404,0.5680000000000001,20000,421.8419289588928
121000,0.02167934738099575,1.8240339756011963,1.8178460597991943,0.27702823281288147,0.5452,0.4448683261871338,0.5644,20000,425.7786936759949
122000,0.03709734231233597,1.8927104473114014,2.0528953075408936,0.34055280685424805,0.5464,0.5018201470375061,0.5608,20000,429.94453287124634
123000,0.02852165512740612,1.9117841720581055,2.008594274520874,0.2939777374267578,0.5476,0.525041937828064,0.5571999999999999,20000,433.95143699645996
124000,0.049887947738170624,2.0335264205932617,2.1229522228240967,0.3461940884590149,0.5488,0.6025263071060181,0.5536,20000,438.05901885032654
125000,0.020555973052978516,1.7352421283721924,1.6966896057128906,0.270450234413147,0.55,0.43243056535720825,0.55,20000,442.2925319671631
126000,0.02079503983259201,1.66512131690979,1.7910096645355225,0.2707774341106415,0.5512,0.412020742893219,0.5464,20000,446.3551528453827
127000,0.03429444134235382,1.8960018157958984,1.8623530864715576,0.3139708340167999,0.5524,0.493141770362854,0.5428,20000,450.4324719905853
128000,0.01092387642711401,1.8156931400299072,1.7612217664718628,0.23039549589157104,0.5536,0.3412693738937378,0.5391999999999999,20000,454.32477164268494
129000,0.012119580060243607,2.2044763565063477,2.093820571899414,0.23067530989646912,0.5548,0.347162127494812,0.5356,20000,458.6567769050598
130000,0.025165777653455734,2.0116395950317383,2.0216498374938965,0.3063366711139679,0.556,0.4271904528141022,0.532,20000,462.6850368976593
131000,0.02062077634036541,1.9730395078659058,1.973165512084961,0.2643018364906311,0.5572,0.4852202534675598,0.5284,20000,466.7594769001007
132000,0.018039681017398834,2.09531307220459,2.0891549587249756,0.26702168583869934,0.5584,0.4097503125667572,0.5247999999999999,20000,471.1398546695709
133000,0.03564603626728058,2.0595247745513916,2.008160352706909,0.3827638626098633,0.5596,0.417986124753952,0.5211999999999999,20000,475.2220757007599
134000,0.02942122332751751,1.9088363647460938,2.017054557800293,0.2879566550254822,0.5608,0.5844576358795166,0.5176,20000,479.39967489242554
135000,0.015153668820858002,1.7966697216033936,1.8895037174224854,0.24834902584552765,0.562,0.40589895844459534,0.514,20000,483.4277057647705
136000,0.03385384380817413,1.7953206300735474,1.8880466222763062,0.3739130198955536,0.5632,0.41193854808807373,0.5104,20000,487.606605052948
137000,0.0195951908826828,1.9926738739013672,2.0005664825439453,0.27879568934440613,0.5644,0.4163300395011902,0.5067999999999999,20000,491.67901372909546
138000,0.04060221463441849,1.5734107494354248,1.6654994487762451,0.43198639154434204,0.5656,0.4211295247077942,0.5031999999999999,20000,495.9895417690277
139000,0.0329255647957325,1.9084906578063965,1.9249091148376465,0.2695801258087158,0.5668,0.6170429587364197,0.49959999999999993,20000,500.0896008014679
140000,0.01352217048406601,1.959570288658142,1.899358868598938,0.27481549978256226,0.5680000000000001,0.2513545751571655,0.4959999999999999,20000,504.1978328227997
141000,0.025699317455291748,2.1791751384735107,2.252408027648926,0.3278440237045288,0.5692,0.4255976676940918,0.49240000000000006,20000,508.2241747379303
142000,0.013817960396409035,1.6165276765823364,1.6653165817260742,0.2888845205307007,0.5704,0.31240469217300415,0.4888,20000,512.2686977386475
143000,0.01964474841952324,1.991471529006958,2.039940357208252,0.2782772481441498,0.5716,0.4373677670955658,0.4852000000000001,20000,516.6286108493805
144000,0.010514982044696808,1.7064697742462158,1.6241127252578735,0.2571261525154114,0.5728,0.28979915380477905,0.48160000000000003,20000,521.1106779575348
145000,0.03320683538913727,1.9875762462615967,2.0687899589538574,0.28278878331184387,0.5740000000000001,0.6446080207824707,0.478,20000,525.1682779788971
146000,0.02649897150695324,1.8767657279968262,1.946199893951416,0.27767428755760193,0.5752,0.5303839445114136,0.47440000000000004,20000,529.4323997497559
147000,0.03006981499493122,2.0411548614501953,2.0234453678131104,0.3263818621635437,0.5764,0.4477808475494385,0.4708,20000,533.6090517044067
148000,0.010414577089250088,1.5598056316375732,1.6838854551315308,0.24964234232902527,0.5776,0.2930721938610077,0.46720000000000006,20000,537.7761657238007
149000,0.011488464660942554,1.399806022644043,1.3976978063583374,0.17145296931266785,0.5788,0.5135083794593811,0.4636,20000,541.9283077716827
150000,0.01965845376253128,1.8208723068237305,1.8490897417068481,0.2380046844482422,0.5800000000000001,0.5627776384353638,0.45999999999999996,20000,546.4137647151947
151000,0.04894163832068443,1.6898999214172363,1.9817243814468384,0.40565359592437744,0.5812,0.43419188261032104,0.45640000000000003,20000,557.0156888961792
152000,0.0361470952630043,2.097764492034912,2.1451659202575684,0.29263070225715637,0.5824,0.6390737295150757,0.4528,20000,561.0387399196625
153000,0.04697539657354355,2.0535855293273926,2.021531581878662,0.3021751046180725,0.5836,0.678501307964325,0.44920000000000004,20000,565.0698249340057
154000,0.017883386462926865,2.0620903968811035,2.0287864208221436,0.30133122205734253,0.5848,0.3089389204978943,0.4456,20000,569.0199348926544
155000,0.01370510645210743,2.198148012161255,2.2375600337982178,0.22962605953216553,0.5860000000000001,0.3208744525909424,0.44199999999999995,20000,573.0862100124359
156000,0.02663780003786087,1.9697377681732178,1.943213939666748,0.34389442205429077,0.5872,0.3771588206291199,0.4384,20000,577.0261759757996
157000,0.04296967387199402,2.336928606033325,2.4084248542785645,0.39164215326309204,0.5884,0.4541265368461609,0.43479999999999996,20000,581.0016219615936
158000,0.05439598858356476,1.957532525062561,2.083864688873291,0.4124198853969574,0.5896,0.5023771524429321,0.4312,20000,584.9796757698059
159000,0.01628950424492359,2.0581271648406982,1.9656217098236084,0.26502037048339844,0.5908,0.38703468441963196,0.4276,20000,588.9126336574554
160000,0.02801717072725296,2.010124921798706,2.0306453704833984,0.32358598709106445,0.5920000000000001,0.42107081413269043,0.42399999999999993,20000,592.8528158664703
161000,0.020541660487651825,2.211185932159424,2.2008767127990723,0.3077021837234497,0.5932000000000001,0.3557106554508209,0.4204,20000,596.8364808559418
162000,0.026688266545534134,2.506464958190918,2.5362744331359863,0.3142954111099243,0.5944,0.42983075976371765,0.41679999999999995,20000,600.8140966892242
163000,0.009218519553542137,2.786163330078125,2.5874552726745605,0.2883889079093933,0.5956,0.18545158207416534,0.4132,20000,604.8965198993683
164000,0.025088878348469734,2.0552988052368164,1.920382022857666,0.3169165253639221,0.5968,0.37932518124580383,0.40959999999999996,20000,608.8368418216705
165000,0.029556188732385635,2.2027227878570557,2.1047799587249756,0.2731238603591919,0.5980000000000001,0.5536305904388428,0.4059999999999999,20000,612.8594298362732
166000,0.023632844910025597,2.5018491744995117,2.4780044555664062,0.3141328990459442,0.5992000000000001,0.3795115053653717,0.4024,20000,616.9695270061493
167000,0.029386404901742935,2.2360594272613525,2.242018222808838,0.3080015182495117,0.6004,0.48467937111854553,0.39879999999999993,20000,621.1227009296417
168000,0.031623803079128265,2.364978790283203,2.224113941192627,0.3540111184120178,0.6016,0.45960885286331177,0.3952,20000,625.1769127845764
169000,0.008836951106786728,2.119002342224121,2.24470591545105,0.3143141567707062,0.6028,0.1733575463294983,0.39159999999999995,20000,629.2366597652435
170000,0.011246014386415482,2.6638529300689697,2.682687282562256,0.21250218152999878,0.6040000000000001,0.3245965242385864,0.3879999999999999,20000,633.2108578681946
171000,0.04901278391480446,2.4034883975982666,2.6298787593841553,0.355685830116272,0.6052000000000001,0.5572837591171265,0.38439999999999996,20000,637.2148458957672
172000,0.02274899184703827,2.0774972438812256,2.001034736633301,0.2632892429828644,0.6064,0.4682099223136902,0.3808,20000,641.6237459182739
173000,0.02341216430068016,2.3436708450317383,2.476715326309204,0.3006821870803833,0.6076,0.4074438810348511,0.3772,20000,645.8062689304352
174000,0.01930047571659088,3.0083115100860596,2.9233245849609375,0.2698439955711365,0.6088,0.4219995141029358,0.37360000000000004,20000,649.8340249061584
175000,0.011256299912929535,2.3896822929382324,2.447638988494873,0.2870461344718933,0.61,0.2479061335325241,0.37,20000,653.9759049415588
176000,0.020236961543560028,2.343301296234131,2.386758327484131,0.2609444856643677,0.6112,0.4325956404209137,0.36640000000000006,20000,658.0916390419006
177000,0.01466391235589981,2.4778976440429688,2.4514102935791016,0.3664473295211792,0.6124,0.19920581579208374,0.3628,20000,662.1969149112701
178000,0.041115712374448776,2.0450363159179688,1.8689934015274048,0.39605265855789185,0.6136,0.4454224705696106,0.35919999999999996,20000,666.2550277709961
179000,0.02639530971646309,2.3245534896850586,2.3097078800201416,0.2878141403198242,0.6148,0.5059179067611694,0.3556,20000,670.2736539840698
180000,0.03106270357966423,2.0275464057922363,1.9824554920196533,0.3356478810310364,0.616,0.42204368114471436,0.352,20000,674.2630467414856
181000,0.025164440274238586,2.2933402061462402,2.3156850337982178,0.3193270266056061,0.6172,0.3951084017753601,0.34840000000000004,20000,678.3063447475433
182000,0.020750142633914948,2.234908103942871,2.2069554328918457,0.2991083264350891,0.6184000000000001,0.37812644243240356,0.3448,20000,682.3179278373718
183000,0.029247459024190903,2.478682279586792,2.4947805404663086,0.3130810260772705,0.6196,0.46260738372802734,0.34119999999999995,20000,686.3326909542084
184000,0.008806047961115837,2.254166841506958,2.2349610328674316,0.1800866574048996,0.6208,0.4022630453109741,0.3376,20000,690.5621218681335
185000,0.03831421956419945,2.281831741333008,2.380329132080078,0.3201199173927307,0.622,0.5576779842376709,0.33399999999999996,20000,694.6044578552246
186000,0.017256271094083786,2.6268224716186523,2.5196642875671387,0.31066304445266724,0.6232,0.34620147943496704,0.3304,20000,698.6278257369995
187000,0.0270078107714653,2.6494503021240234,2.535362482070923,0.340474009513855,0.6244000000000001,0.3408082127571106,0.3268,20000,702.7326247692108
188000,0.014584366232156754,2.8502635955810547,2.845494031906128,0.24162548780441284,0.6256,0.44177305698394775,0.32319999999999993,20000,706.7691087722778
189000,0.013913236558437347,2.5353574752807617,2.6032629013061523,0.30040717124938965,0.6268,0.2457965612411499,0.3196,20000,710.8141460418701
190000,0.022545380517840385,2.6028928756713867,2.6235008239746094,0.28363165259361267,0.628,0.45686912536621094,0.31599999999999995,20000,714.8490967750549
191000,0.014804438687860966,2.596508741378784,2.568215847015381,0.2915634214878082,0.6292,0.2849562466144562,0.3124,20000,718.9779508113861
192000,0.03271116688847542,2.093858242034912,2.1237659454345703,0.29122036695480347,0.6304000000000001,0.6079650521278381,0.30879999999999996,20000,723.1982238292694
193000,0.022962676361203194,2.387092113494873,2.2859816551208496,0.2849704623222351,0.6316,0.4971519112586975,0.3051999999999999,20000,727.7030458450317
194000,0.015481135807931423,2.406477451324463,2.4080326557159424,0.22975407540798187,0.6328,0.5321269035339355,0.3016,20000,732.1039218902588
195000,0.012886184267699718,2.3849573135375977,2.5310254096984863,0.2538067400455475,0.634,0.2861196994781494,0.29799999999999993,20000,736.411052942276
196000,0.009851241484284401,2.6329681873321533,2.6149230003356934,0.2991916835308075,0.6352,0.19286349415779114,0.2944,20000,740.9977419376373
197000,0.020272433757781982,2.5164036750793457,2.67942476272583,0.2829509377479553,0.6364000000000001,0.4125826358795166,0.29079999999999995,20000,746.3024477958679
198000,0.02807183377444744,2.321110486984253,2.199845790863037,0.3745412826538086,0.6376000000000001,0.32906752824783325,0.2871999999999999,20000,750.9077708721161
199000,0.04427105933427811,2.362309455871582,2.388150215148926,0.35460957884788513,0.6388,0.6036018133163452,0.28359999999999996,20000,755.3623578548431
200000,0.037713900208473206,2.6653096675872803,2.850102424621582,0.38989895582199097,0.64,0.46349701285362244,0.2799999999999999,20000,759.6441216468811
201000,0.03193414583802223,2.509521484375,2.4148621559143066,0.3559471368789673,0.6412,0.42416083812713623,0.2764,20000,769.3400828838348
202000,0.01922411099076271,2.105478048324585,2.098869800567627,0.3230192959308624,0.6424000000000001,0.2936020791530609,0.27279999999999993,20000,773.9570019245148
203000,0.014358830638229847,2.621295213699341,2.7407584190368652,0.27424347400665283,0.6436000000000001,0.32581791281700134,0.2691999999999999,20000,778.1873710155487
204000,0.035380441695451736,2.86399507522583,2.8534860610961914,0.3811710774898529,0.6448,0.40417563915252686,0.26560000000000006,20000,782.3444638252258
205000,0.017985019832849503,2.3520448207855225,2.376274585723877,0.3659122586250305,0.646,0.239299014210701,0.262,20000,786.7665798664093
206000,0.00872538611292839,2.913541555404663,2.863015651702881,0.26440098881721497,0.6472,0.2108263373374939,0.2584000000000001,20000,791.1302998065948
207000,0.0083470419049263,2.9799835681915283,2.97727632522583,0.3493819832801819,0.6484,0.14032414555549622,0.2548,20000,795.5584168434143
208000,0.02471211552619934,2.713592529296875,2.7177467346191406,0.30074191093444824,0.6496,0.4260376989841461,0.2512,20000,800.1018817424774
209000,0.04142850637435913,2.5810391902923584,2.7391724586486816,0.4009248614311218,0.6508,0.438893586397171,0.24760000000000004,20000,804.6594166755676
210000,0.01841345615684986,2.4284915924072266,2.4994046688079834,0.31063029170036316,0.652,0.3581055998802185,0.244,20000,808.8767070770264
211000,0.0270727276802063,2.5864529609680176,2.563129425048828,0.3132057189941406,0.6532,0.47970274090766907,0.24040000000000006,20000,813.4553468227386
212000,0.017143651843070984,2.014674186706543,2.0487263202667236,0.39051392674446106,0.6544,0.2015792280435562,0.2368,20000,817.8451368808746
213000,0.040174417197704315,2.316812515258789,2.490617275238037,0.39932215213775635,0.6556,0.4244007468223572,0.23319999999999996,20000,822.4076678752899
214000,0.018587376922369003,2.305504560470581,2.227832555770874,0.25975939631462097,0.6568,0.45608365535736084,0.22960000000000003,20000,826.7962458133698
215000,0.019725512713193893,2.51231050491333,2.4992516040802,0.2932712733745575,0.658,0.38124504685401917,0.22599999999999998,20000,831.5011699199677
216000,0.023858346045017242,2.0851759910583496,2.1626956462860107,0.3266860544681549,0.6592,0.4200669527053833,0.22240000000000004,20000,836.8447086811066
217000,0.01833995245397091,2.9854414463043213,2.919283390045166,0.3175269663333893,0.6604,0.31765469908714294,0.2188,20000,841.4333937168121
218000,0.0244048610329628,2.8549411296844482,2.782130718231201,0.27529311180114746,0.6616,0.5060598850250244,0.21519999999999995,20000,846.1787357330322
219000,0.04873378574848175,2.328155994415283,2.2597312927246094,0.3796093165874481,0.6628000000000001,0.5513378977775574,0.2116,20000,850.7616677284241
220000,0.027836386114358902,2.860868453979492,2.8183932304382324,0.3759450912475586,0.664,0.38512054085731506,0.20799999999999996,20000,855.2988877296448
221000,0.03679623454809189,3.0039026737213135,3.0612361431121826,0.3605460822582245,0.6652,0.4642762541770935,0.20440000000000003,20000,859.7142608165741
222000,0.030805572867393494,2.7623822689056396,2.8847286701202393,0.3296516537666321,0.6664,0.41755232214927673,0.20079999999999998,20000,864.3833327293396
223000,0.012223046272993088,2.873410701751709,2.917609214782715,0.2874506115913391,0.6676,0.2081831693649292,0.19719999999999993,20000,869.1675188541412
224000,0.066628098487854,2.915128707885742,3.163559913635254,0.5697011947631836,0.6688000000000001,0.43166348338127136,0.1936,20000,873.8896338939667
225000,0.023125547915697098,2.7667946815490723,2.7360939979553223,0.3383234739303589,0.67,0.38817542791366577,0.18999999999999995,20000,878.3729169368744
226000,0.02625344879925251,2.578368663787842,2.5568408966064453,0.3429015576839447,0.6712,0.3831688165664673,0.1864,20000,882.9104509353638
227000,0.03759878873825073,2.5734872817993164,2.732635021209717,0.3198440670967102,0.6724,0.5386040210723877,0.18279999999999996,20000,887.4159867763519
228000,0.020184751600027084,2.8517887592315674,2.861995220184326,0.3435521125793457,0.6736,0.3305774927139282,0.17919999999999991,20000,891.9258060455322
229000,0.02010319009423256,2.8917720317840576,3.067254066467285,0.368935763835907,0.6748000000000001,0.2935402989387512,0.17559999999999998,20000,896.717610836029
230000,0.010988214984536171,2.4038662910461426,2.416884660720825,0.36637750267982483,0.676,0.16106349229812622,0.17199999999999993,20000,901.2454278469086
231000,0.033978171646595,2.739478349685669,2.7567827701568604,0.41493934392929077,0.6772,0.3938445448875427,0.1684,20000,905.793025970459
232000,0.016957176849246025,2.883242607116699,2.996408700942993,0.3492487668991089,0.6784,0.27853986620903015,0.16479999999999995,20000,910.3734776973724
233000,0.03898986801505089,2.324819326400757,2.611785411834717,0.4229976534843445,0.6796,0.3686923384666443,0.1611999999999999,20000,914.9984476566315
234000,0.030564913526177406,2.6110405921936035,2.525902509689331,0.4143557548522949,0.6808000000000001,0.3353648781776428,0.15759999999999996,20000,919.6041188240051
235000,0.02704605832695961,3.0802783966064453,3.0375585556030273,0.3685721158981323,0.6819999999999999,0.3287765383720398,0.15400000000000003,20000,924.3480687141418
236000,0.013852555304765701,2.36997652053833,2.372230052947998,0.4142140746116638,0.6832,0.16998007893562317,0.15039999999999998,20000,928.7764809131622
237000,0.04283300042152405,2.3043928146362305,2.374215602874756,0.36721253395080566,0.6844,0.5100892782211304,0.14680000000000004,20000,933.558355808258
238000,0.021710330620408058,2.483579635620117,2.5013461112976074,0.39847102761268616,0.6856,0.275454044342041,0.1432,20000,938.0854949951172
239000,0.046914346516132355,2.689119577407837,2.5763373374938965,0.45662349462509155,0.6868000000000001,0.39935076236724854,0.13960000000000006,20000,942.6313807964325
240000,0.03002927452325821,3.023991823196411,2.984208822250366,0.3240654468536377,0.688,0.4256444275379181,0.136,20000,947.4233977794647
241000,0.022053806111216545,2.7336153984069824,2.7464816570281982,0.35070398449897766,0.6892,0.34369367361068726,0.13239999999999996,20000,952.085067987442
242000,0.023224420845508575,2.7696421146392822,2.7777609825134277,0.2752141058444977,0.6904,0.49249881505966187,0.12880000000000003,20000,956.6491208076477
243000,0.023040130734443665,2.9736199378967285,2.9110825061798096,0.29780280590057373,0.6916,0.5010514855384827,0.12519999999999998,20000,961.2385258674622
244000,0.02649865299463272,3.331268310546875,3.422781229019165,0.38806527853012085,0.6928000000000001,0.3047056794166565,0.12160000000000004,20000,966.6783249378204
245000,0.018879244104027748,2.65297794342041,2.627742290496826,0.3387160897254944,0.694,0.28217101097106934,0.118,20000,971.2685718536377
246000,0.018413912504911423,2.9908275604248047,2.8163585662841797,0.32381942868232727,0.6952,0.3407699167728424,0.11439999999999995,20000,976.0937519073486
247000,0.014112723059952259,2.79557728767395,2.780019521713257,0.3443301320075989,0.6964,0.23103824257850647,0.11080000000000001,20000,980.7921850681305
248000,0.017876438796520233,2.8445801734924316,2.9161531925201416,0.3791055381298065,0.6976,0.23161019384860992,0.10719999999999996,20000,985.3934850692749
249000,0.03636865317821503,2.7976739406585693,2.8082621097564697,0.4156073331832886,0.6988000000000001,0.3993383049964905,0.10360000000000003,20000,990.1526608467102
250000,0.01992759108543396,3.0194599628448486,2.997159004211426,0.28387755155563354,0.7,0.37184473872184753,0.09999999999999998,20000,994.8822917938232
251000,0.040464021265506744,3.0941007137298584,3.305774688720703,0.3639358580112457,0.7012,0.4684056043624878,0.09999999999999998,20000,1006.4603278636932
252000,0.0265651885420084,2.546480178833008,2.604477643966675,0.35246503353118896,0.7024,0.36967867612838745,0.09999999999999998,20000,1010.7692856788635
253000,0.0417344905436039,2.611741304397583,2.644197940826416,0.3821822702884674,0.7036,0.5071080327033997,0.09999999999999998,20000,1015.0921499729156
254000,0.007728277705609798,3.133942127227783,3.084235668182373,0.3016090989112854,0.7048000000000001,0.13944761455059052,0.09999999999999998,20000,1019.4237947463989
255000,0.028526153415441513,2.8869762420654297,2.9272053241729736,0.2997840642929077,0.706,0.48999541997909546,0.09999999999999998,20000,1024.0161247253418
256000,0.009853463619947433,2.8618602752685547,2.825390338897705,0.24388404190540314,0.7072,0.3299548625946045,0.09999999999999998,20000,1028.376387834549
257000,0.017909999936819077,2.821237325668335,2.956249713897705,0.31059688329696655,0.7084,0.32573235034942627,0.09999999999999998,20000,1032.876975774765
258000,0.026093970984220505,2.9345970153808594,2.8866939544677734,0.33262255787849426,0.7096,0.44086235761642456,0.09999999999999998,20000,1037.2448008060455
259000,0.014227322302758694,2.6640491485595703,2.799726963043213,0.30834636092185974,0.7108000000000001,0.24651914834976196,0.09999999999999998,20000,1041.9345707893372
260000,0.014033043757081032,2.6342437267303467,2.7346930503845215,0.29622140526771545,0.712,0.25036221742630005,0.09999999999999998,20000,1046.8546087741852
261000,0.025458654388785362,2.778333902359009,2.865818977355957,0.3185414671897888,0.7132000000000001,0.44067275524139404,0.09999999999999998,20000,1051.3562607765198
262000,0.030075088143348694,2.442707061767578,2.552171468734741,0.3036389946937561,0.7144,0.5097860097885132,0.09999999999999998,20000,1056.0154938697815
263000,0.0358627587556839,2.7676455974578857,2.6920862197875977,0.4249529242515564,0.7156,0.35677289962768555,0.09999999999999998,20000,1060.5911967754364
264000,0.023952730000019073,2.939432144165039,3.053098201751709,0.43634873628616333,0.7168000000000001,0.26720818877220154,0.09999999999999998,20000,1065.19468998909
265000,0.049561284482479095,2.8003547191619873,2.804931402206421,0.4111124277114868,0.718,0.5045732259750366,0.09999999999999998,20000,1069.8819398880005
266000,0.012871455401182175,2.779754161834717,2.9490416049957275,0.3687485158443451,0.7192000000000001,0.18265922367572784,0.09999999999999998,20000,1074.5755488872528
267000,0.0263679176568985,2.7473340034484863,2.5288493633270264,0.35096171498298645,0.7204,0.35613536834716797,0.09999999999999998,20000,1079.2510378360748
268000,0.009073261171579361,2.998288631439209,3.0685365200042725,0.29021382331848145,0.7216,0.1941242814064026,0.09999999999999998,20000,1084.0430068969727
269000,0.028536558151245117,3.2318694591522217,3.2871360778808594,0.33794140815734863,0.7228000000000001,0.42722415924072266,0.09999999999999998,20000,1088.6492810249329
270000,0.024587400257587433,2.7263803482055664,2.74651837348938,0.37955304980278015,0.724,0.29599231481552124,0.09999999999999998,20000,1093.3043458461761
271000,0.017905190587043762,2.6691598892211914,2.6721081733703613,0.25768011808395386,0.7252000000000001,0.38869553804397583,0.09999999999999998,20000,1098.2317678928375
272000,0.029539786279201508,2.725156784057617,2.817831039428711,0.395198792219162,0.7264,0.30002790689468384,0.09999999999999998,20000,1102.6775178909302
273000,0.03980464115738869,2.9286346435546875,3.1068356037139893,0.3921314477920532,0.7276,0.42622652649879456,0.09999999999999998,20000,1107.4594597816467
274000,0.011998088099062443,2.7178568840026855,2.760768413543701,0.3283644914627075,0.7288000000000001,0.172358900308609,0.09999999999999998,20000,1112.1426470279694
275000,0.00844887550920248,2.6266608238220215,2.6134238243103027,0.1830984354019165,0.73,0.3909412920475006,0.09999999999999998,20000,1116.9112918376923
276000,0.007059605326503515,2.947873115539551,2.922171115875244,0.22894184291362762,0.7312000000000001,0.2737926244735718,0.09999999999999998,20000,1121.51211476326
277000,0.026849208399653435,3.073436975479126,2.983130931854248,0.3567441701889038,0.7324,0.36734917759895325,0.09999999999999998,20000,1126.4614219665527
278000,0.024547427892684937,2.9748263359069824,3.0175604820251465,0.29193609952926636,0.7336,0.5197896361351013,0.09999999999999998,20000,1131.062531709671
279000,0.041431449353694916,2.950270891189575,3.024989128112793,0.4111127555370331,0.7348000000000001,0.4129299223423004,0.09999999999999998,20000,1135.7443499565125
280000,0.01795209012925625,3.1802542209625244,3.3626389503479004,0.3152756989002228,0.736,0.30843400955200195,0.09999999999999998,20000,1140.3821218013763
281000,0.0171071607619524,3.0130960941314697,2.9732964038848877,0.3216405212879181,0.7372000000000001,0.30867066979408264,0.09999999999999998,20000,1145.2581548690796
282000,0.012463485822081566,3.289020299911499,3.463552713394165,0.328927218914032,0.7384,0.21940024197101593,0.09999999999999998,20000,1149.9293277263641
283000,0.01910446770489216,3.185494899749756,3.2465550899505615,0.3861948847770691,0.7396,0.2512865662574768,0.09999999999999998,20000,1154.6027557849884
284000,0.019681327044963837,3.170931816101074,3.121415138244629,0.2758963704109192,0.7407999999999999,0.47451865673065186,0.09999999999999998,20000,1159.372820854187
285000,0.021702522411942482,3.1992380619049072,3.205446720123291,0.2831650972366333,0.742,0.4459890127182007,0.09999999999999998,20000,1164.0932836532593
286000,0.016247449442744255,3.076096296310425,3.0439624786376953,0.2884930372238159,0.7432,0.35281437635421753,0.09999999999999998,20000,1168.9489409923553
287000,0.007782569155097008,2.6550240516662598,2.648242950439453,0.24535751342773438,0.7444,0.23994924128055573,0.09999999999999998,20000,1173.5855758190155
288000,0.03232441842556,3.4322099685668945,3.440582036972046,0.3268898129463196,0.7456,0.45821160078048706,0.09999999999999998,20000,1178.2810759544373
289000,0.031097887083888054,2.797027111053467,2.7617650032043457,0.3555569350719452,0.7467999999999999,0.40049517154693604,0.09999999999999998,20000,1183.0967059135437
290000,0.009324989281594753,2.8243248462677,2.6668124198913574,0.3473518490791321,0.748,0.17377202212810516,0.09999999999999998,20000,1187.8250470161438
291000,0.024436907842755318,2.808682918548584,2.773120403289795,0.3809932470321655,0.7492,0.30952346324920654,0.09999999999999998,20000,1192.6276137828827
292000,0.01040954515337944,3.234280586242676,3.1845664978027344,0.2032480239868164,0.7504,0.36052581667900085,0.09999999999999998,20000,1197.3875267505646
293000,0.02652866765856743,3.017922878265381,3.0890398025512695,0.33299490809440613,0.7516,0.3696783483028412,0.09999999999999998,20000,1202.1157376766205
294000,0.017054390162229538,3.056833267211914,3.070204019546509,0.3997306525707245,0.7527999999999999,0.2501704692840576,0.09999999999999998,20000,1206.8101329803467
295000,0.028235100209712982,3.3306469917297363,3.349593162536621,0.29284143447875977,0.754,0.47667431831359863,0.09999999999999998,20000,1211.4837639331818
296000,0.01716899871826172,3.3869645595550537,3.304722547531128,0.28473037481307983,0.7552,0.35993731021881104,0.09999999999999998,20000,1216.7276039123535
297000,0.015231281518936157,3.346708297729492,3.3643105030059814,0.2857128381729126,0.7564,0.3457251191139221,0.09999999999999998,20000,1221.4640560150146
298000,0.01613737642765045,3.093125343322754,3.0585527420043945,0.3422951400279999,0.7576,0.2723723351955414,0.09999999999999998,20000,1226.2113289833069
299000,0.021135516464710236,3.1630449295043945,3.2852416038513184,0.3565535247325897,0.7587999999999999,0.2902531921863556,0.09999999999999998,20000,1231.1590778827667
300000,0.013239594176411629,3.2710022926330566,3.1492223739624023,0.3683273196220398,0.76,0.20599451661109924,0.09999999999999998,20000,1236.0327408313751
301000,0.026756584644317627,3.277435779571533,3.4507546424865723,0.28338873386383057,0.7612,0.4979150891304016,0.09999999999999998,20000,1246.1925790309906
302000,0.024142352864146233,3.2695324420928955,3.314537763595581,0.40204107761383057,0.7624,0.2986305058002472,0.09999999999999998,20000,1250.849730014801
303000,0.021379893645644188,3.5177345275878906,3.360543727874756,0.3515990972518921,0.7636000000000001,0.3205569088459015,0.09999999999999998,20000,1255.2765438556671
304000,0.012821732088923454,3.349870443344116,3.4169886112213135,0.32042860984802246,0.7647999999999999,0.24781261384487152,0.09999999999999998,20000,1260.2176938056946
305000,0.02122865989804268,3.2986645698547363,3.342802047729492,0.2915462255477905,0.766,0.4384928345680237,0.09999999999999998,20000,1265.0503888130188
306000,0.025984549894928932,2.9096388816833496,3.022803783416748,0.34900811314582825,0.7672,0.3797558546066284,0.09999999999999998,20000,1269.672004699707
307000,0.016991719603538513,3.27290940284729,3.2771012783050537,0.30659884214401245,0.7684,0.35838866233825684,0.09999999999999998,20000,1274.2353477478027
308000,0.015399407595396042,3.051487922668457,3.009895086288452,0.28801998496055603,0.7696000000000001,0.34944039583206177,0.09999999999999998,20000,1279.1308798789978
309000,0.020642781630158424,2.9217967987060547,2.873413324356079,0.38563838601112366,0.7707999999999999,0.30304718017578125,0.09999999999999998,20000,1283.788468837738
310000,0.0055934228003025055,3.0639820098876953,3.100572109222412,0.268664687871933,0.772,0.16210584342479706,0.09999999999999998,20000,1288.4890518188477
311000,0.018488019704818726,3.0647850036621094,3.064927816390991,0.25307491421699524,0.7732,0.4537941813468933,0.09999999999999998,20000,1293.213621854782
312000,0.014424245804548264,3.0227789878845215,2.988185405731201,0.34715768694877625,0.7744,0.189211905002594,0.09999999999999998,20000,1297.8498718738556
313000,0.020072007551789284,3.1612918376922607,3.2010960578918457,0.3377467393875122,0.7756000000000001,0.29889458417892456,0.09999999999999998,20000,1302.5007936954498
314000,0.038955241441726685,3.2787816524505615,3.2824127674102783,0.4128448963165283,0.7767999999999999,0.41859668493270874,0.09999999999999998,20000,1307.1168439388275
315000,0.029130229726433754,2.9937126636505127,3.1394271850585938,0.337671160697937,0.778,0.44138115644454956,0.09999999999999998,20000,1311.7743108272552
316000,0.021428659558296204,3.0350961685180664,2.957880973815918,0.3299322724342346,0.7792,0.3469467759132385,0.09999999999999998,20000,1316.4733827114105
317000,0.029818184673786163,3.327249526977539,3.324775218963623,0.30912256240844727,0.7804,0.4683888554573059,0.09999999999999998,20000,1321.0843069553375
318000,0.02143099531531334,3.083876132965088,3.125711679458618,0.32796505093574524,0.7816000000000001,0.40494421124458313,0.09999999999999998,20000,1325.896066904068
319000,0.02062429115176201,3.187910795211792,3.0818185806274414,0.2617207467556,0.7827999999999999,0.4417480230331421,0.09999999999999998,20000,1330.4005680084229
320000,0.033044829964637756,3.1532058715820312,3.225679874420166,0.3200855255126953,0.784,0.5412640571594238,0.09999999999999998,20000,1335.4313569068909
321000,0.034957148134708405,2.960012912750244,2.8691508769989014,0.40085333585739136,0.7852,0.4093814194202423,0.09999999999999998,20000,1340.2739477157593
322000,0.026642121374607086,3.400663375854492,3.2369184494018555,0.3471493422985077,0.7864,0.4137031137943268,0.09999999999999998,20000,1344.9088208675385
323000,0.012763802893459797,3.1740834712982178,3.093984842300415,0.2590802311897278,0.7876000000000001,0.342018723487854,0.09999999999999998,20000,1349.7017107009888
324000,0.014953436329960823,3.216726779937744,3.2405292987823486,0.3038468062877655,0.7888,0.31151026487350464,0.09999999999999998,20000,1354.2886219024658
325000,0.020634761080145836,3.2609784603118896,3.2458767890930176,0.2913968563079834,0.79,0.4347405731678009,0.09999999999999998,20000,1359.2348048686981
326000,0.005789757706224918,3.375662088394165,3.37510347366333,0.34972286224365234,0.7912,0.12321227788925171,0.09999999999999998,20000,1364.0361857414246
327000,0.02259795367717743,3.0203230381011963,3.116158962249756,0.324191689491272,0.7924,0.3940102458000183,0.09999999999999998,20000,1368.885973930359
328000,0.02114451676607132,3.499605894088745,3.50400972366333,0.2994082570075989,0.7936000000000001,0.4296457767486572,0.09999999999999998,20000,1373.471638917923
329000,0.017720304429531097,3.25848388671875,3.2540314197540283,0.348862886428833,0.7948,0.26872703433036804,0.09999999999999998,20000,1378.3301486968994
330000,0.015789249911904335,3.3470864295959473,3.118189811706543,0.365021675825119,0.796,0.2676601707935333,0.09999999999999998,20000,1383.0076699256897
331000,0.019004009664058685,3.1051692962646484,3.1093592643737793,0.3419080972671509,0.7972,0.3346187472343445,0.09999999999999998,20000,1387.6253497600555
332000,0.007464949041604996,3.45247745513916,3.4472126960754395,0.259454607963562,0.7984,0.20794472098350525,0.09999999999999998,20000,1392.1714329719543
333000,0.01660185120999813,3.407282829284668,3.4491472244262695,0.2664391100406647,0.7996000000000001,0.38552552461624146,0.09999999999999998,20000,1396.976057767868
334000,0.02535387873649597,3.355113983154297,3.2063302993774414,0.42039284110069275,0.8008,0.2736279368400574,0.09999999999999998,20000,1401.6320056915283
335000,0.02416395954787731,2.8577420711517334,2.8550877571105957,0.34627997875213623,0.802,0.3958352208137512,0.09999999999999998,20000,1406.5129718780518
336000,0.019574638456106186,3.372260093688965,3.2914557456970215,0.33270788192749023,0.8032,0.3957832455635071,0.09999999999999998,20000,1411.1537477970123
337000,0.018086466938257217,3.1826231479644775,3.2062511444091797,0.3119664490222931,0.8044,0.32526296377182007,0.09999999999999998,20000,1415.7058877944946
338000,0.023495659232139587,3.795501232147217,3.8870575428009033,0.28897345066070557,0.8056000000000001,0.47443923354148865,0.09999999999999998,20000,1420.2978947162628
339000,0.018322255462408066,2.9691450595855713,3.004101276397705,0.3318972885608673,0.8068,0.2933221757411957,0.09999999999999998,20000,1424.9850277900696
340000,0.0105486661195755,3.564415693283081,3.5780327320098877,0.2833949327468872,0.808,0.2908601760864258,0.09999999999999998,20000,1429.5726928710938
341000,0.016508901491761208,3.2026150226593018,3.1602187156677246,0.2522065341472626,0.8092,0.45929235219955444,0.09999999999999998,20000,1435.5224339962006
342000,0.016887882724404335,3.191404342651367,3.194438934326172,0.25836271047592163,0.8104,0.40751439332962036,0.09999999999999998,20000,1440.1339418888092
343000,0.011638681404292583,3.4750301837921143,3.6082522869110107,0.27070942521095276,0.8116000000000001,0.3073510527610779,0.09999999999999998,20000,1444.9364938735962
344000,0.03439845144748688,3.185661792755127,3.327146053314209,0.3822140693664551,0.8128,0.42493540048599243,0.09999999999999998,20000,1449.435052871704
345000,0.016283560544252396,2.947375774383545,2.987241744995117,0.3224024474620819,0.8140000000000001,0.33186811208724976,0.09999999999999998,20000,1454.3577919006348
346000,0.03815470263361931,3.5415725708007812,3.432264804840088,0.34836408495903015,0.8151999999999999,0.5319835543632507,0.09999999999999998,20000,1459.199786901474
347000,0.013191524893045425,3.451716661453247,3.5372185707092285,0.3189360499382019,0.8164,0.2642122507095337,0.09999999999999998,20000,1464.0072989463806
348000,0.014623244293034077,3.2456154823303223,3.038709878921509,0.41320738196372986,0.8176,0.204257994890213,0.09999999999999998,20000,1468.6255197525024
349000,0.0228988416492939,3.367783546447754,3.236544609069824,0.3025296926498413,0.8188,0.4069799482822418,0.09999999999999998,20000,1473.6064376831055
350000,0.01251300610601902,3.592485189437866,3.653872013092041,0.3001667559146881,0.8200000000000001,0.26856186985969543,0.09999999999999998,20000,1478.418343782425
351000,0.004656949080526829,3.5811893939971924,3.6075353622436523,0.2916005253791809,0.8211999999999999,0.14900200068950653,0.09999999999999998,20000,1488.4167737960815
352000,0.017789799720048904,3.8270044326782227,3.773791790008545,0.31923598051071167,0.8224,0.31695830821990967,0.09999999999999998,20000,1492.7793567180634
353000,0.03667319193482399,3.652723789215088,3.57008957862854,0.39167624711990356,0.8236,0.425917387008667,0.09999999999999998,20000,1497.493824005127
354000,0.019181739538908005,3.5679399967193604,3.6010231971740723,0.30576738715171814,0.8248,0.389682412147522,0.09999999999999998,20000,1502.1086628437042
355000,0.017570625990629196,3.496166706085205,3.414198875427246,0.27164798974990845,0.8260000000000001,0.4131876230239868,0.09999999999999998,20000,1506.8915238380432
356000,0.016744595021009445,3.6628599166870117,3.8675122261047363,0.38724517822265625,0.8271999999999999,0.23697306215763092,0.09999999999999998,20000,1511.6228368282318
357000,0.019136440008878708,3.5989785194396973,3.576029062271118,0.27787941694259644,0.8284,0.392423152923584,0.09999999999999998,20000,1516.3907299041748
358000,0.022063404321670532,3.2610998153686523,3.2936880588531494,0.35189616680145264,0.8296,0.34102576971054077,0.09999999999999998,20000,1521.0836369991302
359000,0.04970593377947807,3.627685785293579,3.5178589820861816,0.4487304091453552,0.8308,0.5001572370529175,0.09999999999999998,20000,1525.6575717926025
360000,0.056044720113277435,3.6871275901794434,3.787240982055664,0.40020906925201416,0.8320000000000001,0.5779362916946411,0.09999999999999998,20000,1530.5728118419647
361000,0.03091152384877205,3.4050676822662354,3.240950107574463,0.39689284563064575,0.8331999999999999,0.3888561725616455,0.09999999999999998,20000,1535.341326713562
362000,0.04558417201042175,3.689333915710449,3.594874858856201,0.428946316242218,0.8344,0.43101000785827637,0.09999999999999998,20000,1540.0277018547058
363000,0.020408792421221733,3.640477180480957,3.620319128036499,0.3019064664840698,0.8356,0.40183520317077637,0.09999999999999998,20000,1544.7715418338776
364000,0.024147484451532364,3.545980453491211,3.497877597808838,0.3630519509315491,0.8368,0.35836929082870483,0.09999999999999998,20000,1549.377891778946
365000,0.04168226569890976,3.5382115840911865,3.46543550491333,0.3659864664077759,0.8380000000000001,0.5065102577209473,0.09999999999999998,20000,1554.3167607784271
366000,0.015757368877530098,3.916944980621338,3.82146954536438,0.25060635805130005,0.8392,0.3534959554672241,0.09999999999999998,20000,1558.9549539089203
367000,0.010856831446290016,3.8679919242858887,3.978489875793457,0.26948410272598267,0.8404,0.2502555847167969,0.09999999999999998,20000,1563.7562580108643
368000,0.013842315413057804,3.7016069889068604,3.7540879249572754,0.26737987995147705,0.8416,0.3676706552505493,0.09999999999999998,20000,1568.4140799045563
369000,0.022476572543382645,3.2611587047576904,3.165066957473755,0.39584672451019287,0.8428,0.32746103405952454,0.09999999999999998,20000,1573.3831758499146
370000,0.02197432331740856,3.6440720558166504,3.915020704269409,0.3813091516494751,0.8440000000000001,0.2578871250152588,0.09999999999999998,20000,1578.3153579235077
371000,0.01390575710684061,3.493424892425537,3.544893264770508,0.2608715891838074,0.8452,0.3505125641822815,0.09999999999999998,20000,1582.9877488613129
372000,0.007424662820994854,3.8205676078796387,3.8124654293060303,0.27390414476394653,0.8464,0.18205814063549042,0.09999999999999998,20000,1587.7189729213715
373000,0.05161244422197342,3.294698476791382,3.2124757766723633,0.46832185983657837,0.8476,0.4616231620311737,0.09999999999999998,20000,1592.34650182724
374000,0.00810176320374012,3.201630115509033,3.3509774208068848,0.2536221742630005,0.8488,0.18570011854171753,0.09999999999999998,20000,1597.120335817337
375000,0.0074651772156357765,3.383396625518799,3.411020040512085,0.3548460900783539,0.85,0.12911756336688995,0.09999999999999998,20000,1602.0435769557953
376000,0.017559632658958435,3.5445427894592285,3.5657706260681152,0.2721223831176758,0.8512,0.39209818840026855,0.09999999999999998,20000,1606.7311217784882
377000,0.016064517199993134,3.5793979167938232,3.5226168632507324,0.3184107542037964,0.8524,0.29735004901885986,0.09999999999999998,20000,1611.421737909317
378000,0.0118255615234375,3.6268999576568604,3.5986099243164062,0.29028868675231934,0.8536,0.2562521994113922,0.09999999999999998,20000,1616.1598658561707
379000,0.02151239663362503,3.1775574684143066,3.2010560035705566,0.31427520513534546,0.8548,0.404122531414032,0.09999999999999998,20000,1620.8742866516113
380000,0.005931997671723366,3.2552804946899414,3.2825517654418945,0.1893976330757141,0.856,0.24916505813598633,0.09999999999999998,20000,1625.4652879238129
381000,0.02419288642704487,3.2848453521728516,3.2711362838745117,0.30438023805618286,0.8572,0.41855305433273315,0.09999999999999998,20000,1630.227895975113
382000,0.02313225343823433,3.6767077445983887,3.6092324256896973,0.33601757884025574,0.8584,0.385476291179657,0.09999999999999998,20000,1634.867645740509
383000,0.02365216799080372,3.6935620307922363,3.67496657371521,0.2963950037956238,0.8596,0.44116950035095215,0.09999999999999998,20000,1639.588936805725
384000,0.02193237841129303,3.4608728885650635,3.4441099166870117,0.40336504578590393,0.8608,0.2577729821205139,0.09999999999999998,20000,1644.0521488189697
385000,0.0038192076608538628,3.8881638050079346,3.8266499042510986,0.28866806626319885,0.862,0.09956595301628113,0.09999999999999998,20000,1649.0518109798431
386000,0.019081810489296913,3.034061908721924,2.971731185913086,0.348996639251709,0.8632,0.34315183758735657,0.09999999999999998,20000,1653.8426048755646
387000,0.017946578562259674,3.4662342071533203,3.6138343811035156,0.3013421893119812,0.8644000000000001,0.3470093607902527,0.09999999999999998,20000,1658.4747457504272
388000,0.028700442984700203,3.4665324687957764,3.4106554985046387,0.4647054672241211,0.8656,0.2575439214706421,0.09999999999999998,20000,1663.0759947299957
389000,0.0053136288188397884,3.433566093444824,3.397756814956665,0.24390384554862976,0.8668,0.17728078365325928,0.09999999999999998,20000,1667.6697218418121
390000,0.024041175842285156,3.794428586959839,3.74202823638916,0.37172597646713257,0.868,0.3836483061313629,0.09999999999999998,20000,1672.4372239112854
391000,0.01104319654405117,3.397782802581787,3.337134599685669,0.2920966148376465,0.8692,0.23119334876537323,0.09999999999999998,20000,1677.0705978870392
392000,0.004826088435947895,3.6393351554870605,3.7747786045074463,0.292289674282074,0.8704000000000001,0.12563766539096832,0.09999999999999998,20000,1681.9975819587708
393000,0.024812601506710052,3.81642484664917,3.776885509490967,0.3752119243144989,0.8716,0.405772864818573,0.09999999999999998,20000,1686.6802327632904
394000,0.006138978525996208,3.7122130393981934,3.7805280685424805,0.2893455922603607,0.8728,0.15365469455718994,0.09999999999999998,20000,1691.5349049568176
395000,0.025049105286598206,3.1777820587158203,3.1467413902282715,0.38697025179862976,0.874,0.29942965507507324,0.09999999999999998,20000,1696.461668729782
396000,0.018226370215415955,3.7323014736175537,3.752523183822632,0.32381945848464966,0.8752,0.33820950984954834,0.09999999999999998,20000,1701.338217973709
397000,0.0058974833227694035,3.7260079383850098,3.594465732574463,0.2740149199962616,0.8764000000000001,0.19271379709243774,0.09999999999999998,20000,1706.0929017066956
398000,0.02423955127596855,3.9983198642730713,3.9424805641174316,0.43352776765823364,0.8776,0.2877630591392517,0.09999999999999998,20000,1710.9257400035858
399000,0.014706997200846672,3.40470027923584,3.4278194904327393,0.2497725933790207,0.8788,0.4310820996761322,0.09999999999999998,20000,1715.510137796402
400000,0.027081532403826714,3.53090763092041,3.450687885284424,0.3151388168334961,0.88,0.39767831563949585,0.09999999999999998,20000,1720.353605747223
401000,0.03805629536509514,3.869209051132202,3.8567962646484375,0.4096170961856842,0.8812,0.40206974744796753,0.09999999999999998,20000,1732.0947868824005
402000,0.013376966118812561,3.6126201152801514,3.718367576599121,0.33389782905578613,0.8824000000000001,0.24873116612434387,0.09999999999999998,20000,1736.357894897461
403000,0.027965707704424858,3.6669211387634277,3.897005081176758,0.378795862197876,0.8836,0.3187509775161743,0.09999999999999998,20000,1740.6534948349
404000,0.023019112646579742,3.8210947513580322,3.883312702178955,0.353121280670166,0.8848,0.2607210576534271,0.09999999999999998,20000,1745.0142877101898
405000,0.002515355823561549,3.6352829933166504,3.64351224899292,0.350130170583725,0.886,0.06839066743850708,0.09999999999999998,20000,1749.290781736374
406000,0.018190007656812668,3.070488929748535,3.114532470703125,0.27420392632484436,0.8872,0.4161283075809479,0.09999999999999998,20000,1753.8096659183502
407000,0.011727225035429,3.9268455505371094,4.003054618835449,0.2737787067890167,0.8884,0.2862606644630432,0.09999999999999998,20000,1758.352383852005
408000,0.02070412039756775,3.038235902786255,2.8558707237243652,0.44650793075561523,0.8896,0.2751990258693695,0.09999999999999998,20000,1762.9304440021515
409000,0.008756229653954506,3.4098711013793945,3.3777387142181396,0.28484296798706055,0.8908,0.20358902215957642,0.09999999999999998,20000,1767.7365119457245
410000,0.03486102074384689,3.7535817623138428,3.702296733856201,0.3816443681716919,0.8919999999999999,0.4506871700286865,0.09999999999999998,20000,1772.3462619781494
411000,0.012169839814305305,3.379791736602783,3.3622560501098633,0.2826524078845978,0.8932,0.24415771663188934,0.09999999999999998,20000,1777.3291969299316
412000,0.008107945322990417,3.5160059928894043,3.3858067989349365,0.3359871208667755,0.8944,0.1669524610042572,0.09999999999999998,20000,1781.9651308059692
413000,0.017309285700321198,3.7620489597320557,3.7321081161499023,0.23375430703163147,0.8956,0.5225844383239746,0.09999999999999998,20000,1786.4673919677734
414000,0.02667728066444397,3.4874587059020996,3.4494948387145996,0.3462340831756592,0.8968,0.4488515853881836,0.09999999999999998,20000,1791.1647169589996
415000,0.01383243128657341,3.553832769393921,3.6929244995117188,0.37211108207702637,0.8979999999999999,0.20863276720046997,0.09999999999999998,20000,1795.7443058490753
416000,0.017674550414085388,3.8500449657440186,3.817183494567871,0.29860398173332214,0.8992,0.3507235050201416,0.09999999999999998,20000,1800.602544784546
417000,0.013801495544612408,3.7445144653320312,3.827791929244995,0.322801411151886,0.9004,0.2630646228790283,0.09999999999999998,20000,1805.4292080402374
418000,0.03207458555698395,3.5658888816833496,3.7242472171783447,0.3320557475090027,0.9016,0.48385030031204224,0.09999999999999998,20000,1810.4183688163757
419000,0.025648638606071472,3.4461116790771484,3.515657424926758,0.31274688243865967,0.9027999999999999,0.44603466987609863,0.09999999999999998,20000,1815.2527809143066
420000,0.006963050924241543,3.716758966445923,3.9092202186584473,0.3804410696029663,0.904,0.12431907653808594,0.09999999999999998,20000,1820.2876138687134
421000,0.009905586950480938,3.6165730953216553,3.501387119293213,0.2586534917354584,0.9052,0.2670137286186218,0.09999999999999998,20000,1824.8258018493652
422000,0.010383888147771358,4.080751419067383,4.062131881713867,0.2996322214603424,0.9064,0.2216574102640152,0.09999999999999998,20000,1829.5018239021301
423000,0.0064626471139490604,3.4845738410949707,3.4349021911621094,0.23097454011440277,0.9076,0.23831447958946228,0.09999999999999998,20000,1834.1291127204895
424000,0.011353561654686928,3.9007158279418945,3.7959179878234863,0.3384333848953247,0.9087999999999999,0.23222696781158447,0.09999999999999998,20000,1839.071161031723
425000,0.010117546655237675,4.141928195953369,4.188193321228027,0.30607712268829346,0.91,0.2427470088005066,0.09999999999999998,20000,1844.0457499027252
426000,0.0166366808116436,3.5330538749694824,3.525754451751709,0.31104812026023865,0.9112,0.35751333832740784,0.09999999999999998,20000,1848.6219067573547
427000,0.011109896004199982,3.8485891819000244,3.801046133041382,0.3482551574707031,0.9124,0.21521872282028198,0.09999999999999998,20000,1853.3526809215546
428000,0.02979143336415291,3.7260355949401855,3.65036940574646,0.32669752836227417,0.9136,0.4972785711288452,0.09999999999999998,20000,1858.1624228954315
429000,0.017370568588376045,3.790522575378418,3.7419705390930176,0.2737661302089691,0.9148,0.45156967639923096,0.09999999999999998,20000,1863.0183498859406
430000,0.004839609377086163,4.01841926574707,4.16514778137207,0.32777872681617737,0.916,0.09222477674484253,0.09999999999999998,20000,1867.9669737815857
431000,0.011224709451198578,3.56693172454834,3.5570931434631348,0.3036262094974518,0.9172,0.21800938248634338,0.09999999999999998,20000,1872.702607870102
432000,0.007320097181946039,3.7611050605773926,3.755068302154541,0.32081231474876404,0.9184,0.14367970824241638,0.09999999999999998,20000,1877.668126821518
433000,0.014837522059679031,3.7635958194732666,3.917069435119629,0.3657180666923523,0.9196,0.24378323554992676,0.09999999999999998,20000,1882.4349949359894
434000,0.0073479535058140755,3.68037748336792,3.638615369796753,0.2869850993156433,0.9208,0.20087584853172302,0.09999999999999998,20000,1887.1658370494843
435000,0.01813054457306862,4.029996871948242,4.007511138916016,0.303804874420166,0.922,0.34565022587776184,0.09999999999999998,20000,1891.982970714569
436000,0.0064352708868682384,4.109479904174805,4.249103546142578,0.24744147062301636,0.9232,0.1957194209098816,0.09999999999999998,20000,1896.5891230106354
437000,0.006892920471727848,3.6889166831970215,3.591371536254883,0.37565523386001587,0.9244,0.12744072079658508,0.09999999999999998,20000,1901.3722879886627
438000,0.014790995046496391,3.2497668266296387,3.144379138946533,0.3864867091178894,0.9256,0.21789182722568512,0.09999999999999998,20000,1906.0137739181519
439000,0.008872413076460361,3.942767381668091,3.6828317642211914,0.37762969732284546,0.9268,0.2019624412059784,0.09999999999999998,20000,1910.5578138828278
440000,0.017859527841210365,3.8703155517578125,4.025936603546143,0.31466904282569885,0.928,0.36151862144470215,0.09999999999999998,20000,1915.5841326713562
441000,0.017936281859874725,3.7340831756591797,3.7537999153137207,0.2955118417739868,0.9292,0.3760133683681488,0.09999999999999998,20000,1920.2701387405396
442000,0.02160985767841339,3.585198163986206,3.618687391281128,0.33296501636505127,0.9304,0.3689354360103607,0.09999999999999998,20000,1925.1090927124023
443000,0.010730886831879616,3.9514217376708984,3.937385320663452,0.2380770444869995,0.9316,0.2613902688026428,0.09999999999999998,20000,1929.5563340187073
444000,0.006274717394262552,3.592297077178955,3.4773974418640137,0.3404805362224579,0.9328,0.12589310109615326,0.09999999999999998,20000,1934.4875948429108
445000,0.012690921314060688,4.056232452392578,4.022927284240723,0.2956099510192871,0.934,0.2904021739959717,0.09999999999999998,20000,1939.3313746452332
446000,0.006930185481905937,3.489435911178589,3.4181084632873535,0.21488510072231293,0.9352,0.31814420223236084,0.09999999999999998,20000,1944.1482508182526
447000,0.006273280363529921,3.897850513458252,3.943042278289795,0.3130534887313843,0.9364,0.1480058878660202,0.09999999999999998,20000,1948.7646658420563
448000,0.02514510229229927,3.6878695487976074,3.6947059631347656,0.32156628370285034,0.9376,0.46199727058410645,0.09999999999999998,20000,1953.461622953415
449000,0.0356876365840435,3.7822306156158447,3.7929232120513916,0.4291102886199951,0.9388,0.3564510643482208,0.09999999999999998,20000,1958.0206940174103
450000,0.017163148149847984,4.0125651359558105,4.096983909606934,0.2545836567878723,0.9400000000000001,0.443850576877594,0.09999999999999998,20000,1962.9979450702667
451000,0.021118253469467163,3.8850669860839844,3.944681167602539,0.40775954723358154,0.9412,0.3121650815010071,0.09999999999999998,20000,1974.639536857605
452000,0.0011090787593275309,3.680083751678467,3.5278983116149902,0.3330667018890381,0.9424,0.04862432926893234,0.09999999999999998,20000,1979.1158068180084
453000,0.006753937341272831,3.0298726558685303,3.0382602214813232,0.2076299637556076,0.9436,0.2846563458442688,0.09999999999999998,20000,1983.9203550815582
454000,0.01445460319519043,3.56093168258667,3.5777902603149414,0.2920587956905365,0.9448,0.36169421672821045,0.09999999999999998,20000,1988.776556968689
455000,0.008877971209585667,4.209826469421387,4.294714450836182,0.24714940786361694,0.9460000000000001,0.2765883207321167,0.09999999999999998,20000,1993.4908080101013
456000,0.010622198693454266,3.8878931999206543,3.990010976791382,0.35546672344207764,0.9472,0.19772928953170776,0.09999999999999998,20000,1998.2026669979095
457000,0.009729710407555103,3.658393383026123,3.6865015029907227,0.33999672532081604,0.9484,0.20565170049667358,0.09999999999999998,20000,2002.9341208934784
458000,0.00901702605187893,4.205038070678711,4.258695602416992,0.2568545341491699,0.9496,0.23919139802455902,0.09999999999999998,20000,2007.8383557796478
459000,0.014008121564984322,3.7308731079101562,3.8690924644470215,0.32251644134521484,0.9508,0.26384085416793823,0.09999999999999998,20000,2012.7683489322662
460000,0.0036731762811541557,4.004415035247803,3.980123519897461,0.29249632358551025,0.9520000000000001,0.11905834078788757,0.09999999999999998,20000,2017.7617218494415
461000,0.010588910430669785,3.5515761375427246,3.5912375450134277,0.34226199984550476,0.9532,0.1910821795463562,0.09999999999999998,20000,2022.5125267505646
462000,0.010638996958732605,3.9772889614105225,3.983468532562256,0.291700541973114,0.9544,0.23679545521736145,0.09999999999999998,20000,2026.9318499565125
463000,0.022635959088802338,3.9429681301116943,3.9498958587646484,0.2534450888633728,0.9556,0.5005961656570435,0.09999999999999998,20000,2032.774492740631
464000,0.008685830049216747,3.8201279640197754,3.708163022994995,0.3616145849227905,0.9568,0.16378726065158844,0.09999999999999998,20000,2037.7247507572174
465000,0.01887671649456024,3.752509593963623,3.7127137184143066,0.3760831356048584,0.9580000000000001,0.27848345041275024,0.09999999999999998,20000,2042.4913940429688
466000,0.007264030631631613,3.9494245052337646,3.9758245944976807,0.2678028345108032,0.9592,0.2544194161891937,0.09999999999999998,20000,2047.356027841568
467000,0.010018318891525269,3.826376438140869,3.88375186920166,0.3861998915672302,0.9604,0.1443786472082138,0.09999999999999998,20000,2052.054641723633
468000,0.02614794671535492,3.8368678092956543,3.880812644958496,0.30500805377960205,0.9616,0.5142790079116821,0.09999999999999998,20000,2056.6670598983765
469000,0.008892628364264965,3.8522515296936035,3.77994704246521,0.31456127762794495,0.9628,0.19674374163150787,0.09999999999999998,20000,2061.209014892578
470000,0.025749672204256058,3.654003620147705,3.540684700012207,0.3801199495792389,0.964,0.3591356873512268,0.09999999999999998,20000,2066.0931968688965
471000,0.011599356308579445,3.6957757472991943,3.68463134765625,0.3259105384349823,0.9652,0.22638341784477234,0.09999999999999998,20000,2070.577040910721
472000,0.023668775334954262,3.594773769378662,3.604043960571289,0.3345778286457062,0.9663999999999999,0.35455822944641113,0.09999999999999998,20000,2075.27400970459
473000,0.011518056504428387,3.9977011680603027,3.7676448822021484,0.4289160966873169,0.9676,0.15126895904541016,0.09999999999999998,20000,2080.0012378692627
474000,0.015478266403079033,3.6215014457702637,3.6104798316955566,0.30854129791259766,0.9688,0.35110482573509216,0.09999999999999998,20000,2084.6649878025055
475000,0.0040557729080319405,4.184568405151367,4.263402938842773,0.35334908962249756,0.97,0.09541688859462738,0.09999999999999998,20000,2089.64150762558
476000,0.016460923478007317,3.79607892036438,3.768827199935913,0.327555775642395,0.9712,0.2986430525779724,0.09999999999999998,20000,2094.253829717636
477000,0.012136733159422874,4.140053749084473,3.9689106941223145,0.36383211612701416,0.9723999999999999,0.18674498796463013,0.09999999999999998,20000,2098.7553548812866
478000,0.01561688631772995,3.724498748779297,3.8709425926208496,0.3332386910915375,0.9736,0.2642028331756592,0.09999999999999998,20000,2104.3748168945312
479000,0.02893974632024765,3.772183418273926,3.653560161590576,0.35853227972984314,0.9748,0.44867414236068726,0.09999999999999998,20000,2108.7522580623627
480000,0.015311425551772118,3.940126895904541,3.984746217727661,0.4127158522605896,0.976,0.19028238952159882,0.09999999999999998,20000,2113.499928712845
481000,0.007551311515271664,3.4065065383911133,3.433234214782715,0.45449844002723694,0.9772,0.09856098145246506,0.09999999999999998,20000,2117.8874187469482
482000,0.009093660861253738,3.9583425521850586,3.960184097290039,0.25844353437423706,0.9783999999999999,0.23265816271305084,0.09999999999999998,20000,2122.103912830353
483000,0.0036950260400772095,3.773858070373535,3.7170157432556152,0.30938035249710083,0.9796,0.10051363706588745,0.09999999999999998,20000,2126.4882209300995
484000,0.0169126708060503,3.9918630123138428,3.887390613555908,0.36348557472229004,0.9808,0.26712149381637573,0.09999999999999998,20000,2131.222795009613
485000,0.015456857159733772,4.069982528686523,4.036501407623291,0.4259800314903259,0.982,0.17563991248607635,0.09999999999999998,20000,2135.4687700271606
486000,0.024608829990029335,4.075462341308594,3.9629430770874023,0.35016322135925293,0.9832,0.4094550311565399,0.09999999999999998,20000,2140.1841337680817
487000,0.014981389045715332,3.795950412750244,3.6849045753479004,0.4078134298324585,0.9843999999999999,0.20167836546897888,0.09999999999999998,20000,2144.47802901268
488000,0.019677896052598953,3.609205961227417,3.654127597808838,0.413260281085968,0.9856,0.20369048416614532,0.09999999999999998,20000,2148.837270975113
489000,0.006938457489013672,3.627847909927368,3.7186203002929688,0.34698057174682617,0.9868,0.16300491988658905,0.09999999999999998,20000,2154.5380170345306
490000,0.011748173274099827,3.692047595977783,3.5887584686279297,0.3312802314758301,0.988,0.23048174381256104,0.09999999999999998,20000,2159.4466817379
491000,0.02456289902329445,3.861971139907837,3.8464431762695312,0.3392752707004547,0.9892,0.41539186239242554,0.09999999999999998,20000,2164.2458679676056
492000,0.024935293942689896,4.105271816253662,4.201117515563965,0.39597100019454956,0.9904,0.3258040249347687,0.09999999999999998,20000,2169.3585636615753
493000,0.0139714190736413,3.487657070159912,3.4646334648132324,0.345361590385437,0.9916,0.22421269118785858,0.09999999999999998,20000,2174.3931078910828
494000,0.012037460692226887,4.369974613189697,4.3243255615234375,0.3219248354434967,0.9928,0.2428218424320221,0.09999999999999998,20000,2179.6150109767914
495000,0.015364674851298332,4.03128719329834,4.05097770690918,0.3669716715812683,0.994,0.23102432489395142,0.09999999999999998,20000,2184.4447388648987
496000,0.016891155391931534,4.121051788330078,4.239416122436523,0.423660546541214,0.9952,0.20047390460968018,0.09999999999999998,20000,2189.314629793167
497000,0.015708932653069496,3.7030858993530273,3.6808645725250244,0.4239615797996521,0.9964,0.24293486773967743,0.09999999999999998,20000,2194.06800198555
498000,0.04792622849345207,3.883427143096924,3.796631097793579,0.554445207118988,0.9976,0.413440465927124,0.09999999999999998,20000,2198.704927921295
499000,0.008821416646242142,3.855358600616455,3.836395740509033,0.29824626445770264,0.9988,0.21209871768951416,0.09999999999999998,20000,2203.6601889133453
500000,0.009410970844328403,4.0949554443359375,4.080984115600586,0.26852232217788696,1.0,0.22969456017017365,0.09999999999999998,20000,2208.718522787094
501000,0.017219558358192444,3.6721866130828857,3.576441764831543,0.3499852418899536,1.0,0.3426706790924072,0.09999999999999998,20000,2222.267997741699
502000,0.009017370641231537,3.9793589115142822,4.143800735473633,0.3268459439277649,1.0,0.16656264662742615,0.09999999999999998,20000,2227.0991077423096
503000,0.012906888499855995,4.103816032409668,3.9962940216064453,0.3525633215904236,1.0,0.21679219603538513,0.09999999999999998,20000,2231.4015049934387
504000,0.01595916599035263,3.718733072280884,3.6228485107421875,0.34491991996765137,1.0,0.29157111048698425,0.09999999999999998,20000,2236.207471847534
505000,0.030897224321961403,3.9998040199279785,4.010798931121826,0.4336395561695099,1.0,0.3454209864139557,0.09999999999999998,20000,2240.9322628974915
506000,0.009964167140424252,3.47780179977417,3.6289947032928467,0.3783420920372009,1.0,0.18719804286956787,0.09999999999999998,20000,2245.372752904892
507000,0.012586821801960468,4.239551067352295,4.114618301391602,0.29263171553611755,1.0,0.25471818447113037,0.09999999999999998,20000,2249.7955210208893
508000,0.03552702069282532,3.5831897258758545,3.625256061553955,0.46041905879974365,1.0,0.37382772564888,0.09999999999999998,20000,2254.4735877513885
509000,0.011893452145159245,3.9728775024414062,3.874802827835083,0.3287099599838257,1.0,0.20564314723014832,0.09999999999999998,20000,2258.9868080615997
510000,0.01360087189823389,3.773742198944092,3.726161479949951,0.32781192660331726,1.0,0.2811548411846161,0.09999999999999998,20000,2263.6955268383026
511000,0.01992587000131607,3.9592554569244385,3.9232945442199707,0.3352363407611847,1.0,0.3174571692943573,0.09999999999999998,20000,2268.1790959835052
512000,0.001928138080984354,3.975321054458618,4.120810508728027,0.3282868266105652,1.0,0.0634741485118866,0.09999999999999998,20000,2272.800019979477
513000,0.016240747645497322,3.9413514137268066,3.980370044708252,0.3095778226852417,1.0,0.27794623374938965,0.09999999999999998,20000,2277.2735319137573
514000,0.015707960352301598,4.600608825683594,4.559666633605957,0.38742005825042725,1.0,0.21321487426757812,0.09999999999999998,20000,2281.820860862732
515000,0.016854872927069664,4.133309841156006,4.022534370422363,0.2994410991668701,1.0,0.33587896823883057,0.09999999999999998,20000,2286.5076098442078
516000,0.009393434971570969,3.8547067642211914,3.8052098751068115,0.43809211254119873,1.0,0.13374082744121552,0.09999999999999998,20000,2291.007926940918
517000,0.025776291266083717,3.767580032348633,3.840020179748535,0.46835845708847046,1.0,0.29163938760757446,0.09999999999999998,20000,2295.686965942383
518000,0.014920460060238838,4.3914690017700195,4.374406814575195,0.2971140742301941,1.0,0.30214911699295044,0.09999999999999998,20000,2300.2491340637207
519000,0.013655025511980057,3.4931936264038086,3.6257543563842773,0.30196237564086914,1.0,0.3003212809562683,0.09999999999999998,20000,2305.1325817108154
520000,0.022486399859189987,4.1331562995910645,4.00758695602417,0.3957805633544922,1.0,0.3221120834350586,0.09999999999999998,20000,2309.585819721222
521000,0.01829906366765499,4.290047645568848,4.309403419494629,0.33421778678894043,1.0,0.22538968920707703,0.09999999999999998,20000,2314.3851969242096
522000,0.00900330115109682,4.1566877365112305,4.188227653503418,0.36154404282569885,1.0,0.15447910130023956,0.09999999999999998,20000,2318.9211509227753
523000,0.02253609150648117,4.054478168487549,3.9553139209747314,0.36598390340805054,1.0,0.3140474557876587,0.09999999999999998,20000,2323.440529823303
524000,0.016730299219489098,3.971846103668213,3.9933342933654785,0.33463576436042786,1.0,0.31664812564849854,0.09999999999999998,20000,2328.1875677108765
525000,0.020831618458032608,3.770460605621338,3.8602452278137207,0.37134498357772827,1.0,0.32699742913246155,0.09999999999999998,20000,2332.6554596424103
526000,0.00586775504052639,4.226166725158691,4.197915077209473,0.29396966099739075,1.0,0.1514768898487091,0.09999999999999998,20000,2337.4851717948914
527000,0.0069318367168307304,3.9487571716308594,3.9866251945495605,0.2971530258655548,1.0,0.1842893362045288,0.09999999999999998,20000,2341.9648146629333
528000,0.022019878029823303,4.022122383117676,3.8938074111938477,0.38204488158226013,1.0,0.33885306119918823,0.09999999999999998,20000,2346.4792959690094
529000,0.011641580611467361,4.1901750564575195,4.139641284942627,0.30696940422058105,1.0,0.25865092873573303,0.09999999999999998,20000,2351.436970949173
530000,0.012008462101221085,3.910862684249878,3.862395763397217,0.35533565282821655,1.0,0.22927738726139069,0.09999999999999998,20000,2356.1756427288055
531000,0.025883721187710762,3.723806381225586,3.7946219444274902,0.3751649856567383,1.0,0.34756290912628174,0.09999999999999998,20000,2360.9028577804565
532000,0.011458775028586388,3.9454238414764404,3.9473187923431396,0.36608028411865234,1.0,0.20039822161197662,0.09999999999999998,20000,2365.5461156368256
533000,0.006464760284870863,4.279127597808838,4.281222820281982,0.2872483730316162,1.0,0.21275271475315094,0.09999999999999998,20000,2370.1762659549713
534000,0.005793919786810875,4.284275531768799,4.046666145324707,0.39619651436805725,1.0,0.12308932840824127,0.09999999999999998,20000,2375.053566932678
535000,0.017364252358675003,4.053455352783203,4.112816333770752,0.33465343713760376,1.0,0.29913330078125,0.09999999999999998,20000,2379.7251687049866
536000,0.025539003312587738,4.363044738769531,4.512404441833496,0.3578178286552429,1.0,0.3777170777320862,0.09999999999999998,20000,2384.2362308502197
537000,0.01599903218448162,3.9044129848480225,4.062559604644775,0.30825838446617126,1.0,0.3662799596786499,0.09999999999999998,20000,2389.0500268936157
538000,0.016504572704434395,4.06141471862793,4.011590003967285,0.27453505992889404,1.0,0.42297887802124023,0.09999999999999998,20000,2393.642758846283
539000,0.00934324786067009,4.005998611450195,4.027005195617676,0.2799166440963745,1.0,0.25577956438064575,0.09999999999999998,20000,2398.473577976227
540000,0.0184002872556448,4.142150402069092,4.085686683654785,0.41507524251937866,1.0,0.2633797526359558,0.09999999999999998,20000,2403.1970207691193
541000,0.01255112886428833,4.274639129638672,4.38754940032959,0.34150081872940063,1.0,0.22031009197235107,0.09999999999999998,20000,2408.17590880394
542000,0.024675458669662476,4.680116653442383,4.8217597007751465,0.37122082710266113,1.0,0.38790014386177063,0.09999999999999998,20000,2412.4805698394775
543000,0.013927541673183441,4.289391994476318,4.360116481781006,0.32597386837005615,1.0,0.29590749740600586,0.09999999999999998,20000,2417.321875810623
544000,0.013657277449965477,4.4609880447387695,4.414304256439209,0.3586556911468506,1.0,0.2242162823677063,0.09999999999999998,20000,2422.1099648475647
545000,0.01726466417312622,4.12405252456665,4.202960014343262,0.36285459995269775,1.0,0.30922144651412964,0.09999999999999998,20000,2426.842465877533
546000,0.011239299550652504,4.463708877563477,4.471625328063965,0.3445674180984497,1.0,0.2454836219549179,0.09999999999999998,20000,2431.6345489025116
547000,0.021117273718118668,4.348134994506836,4.071849346160889,0.3245641887187958,1.0,0.3935197591781616,0.09999999999999998,20000,2436.1109828948975
548000,0.03611162304878235,4.191874980926514,4.163718223571777,0.49917513132095337,1.0,0.3408032953739166,0.09999999999999998,20000,2440.9103507995605
549000,0.03362332284450531,4.168567180633545,4.425718784332275,0.5955486297607422,1.0,0.24352216720581055,0.09999999999999998,20000,2445.545910835266
550000,0.010740839876234531,4.107057571411133,4.195633888244629,0.3435949683189392,1.0,0.21062010526657104,0.09999999999999998,20000,2450.297772884369
551000,0.018920790404081345,3.638906478881836,3.7275326251983643,0.3696359395980835,1.0,0.25962281227111816,0.09999999999999998,20000,2460.356060743332
552000,0.007209570147097111,4.001794815063477,3.981062650680542,0.2551962733268738,1.0,0.20066125690937042,0.09999999999999998,20000,2464.726307630539
553000,0.029639609158039093,4.316923141479492,4.251233100891113,0.3433753252029419,1.0,0.4349839687347412,0.09999999999999998,20000,2469.1605150699615
554000,0.01061124075204134,4.440308570861816,4.431547164916992,0.24032478034496307,1.0,0.3280065953731537,0.09999999999999998,20000,2473.998123884201
555000,0.014326406642794609,4.245082855224609,4.178911209106445,0.3186439573764801,1.0,0.3179846405982971,0.09999999999999998,20000,2478.8015999794006
556000,0.02227596938610077,4.509138584136963,4.504072189331055,0.3695755898952484,1.0,0.2914840579032898,0.09999999999999998,20000,2483.5982699394226
557000,0.014407681301236153,4.543976306915283,4.554740905761719,0.27338099479675293,1.0,0.3489636778831482,0.09999999999999998,20000,2488.3120188713074
558000,0.006048309151083231,4.528364181518555,4.530118942260742,0.3336330056190491,1.0,0.13690179586410522,0.09999999999999998,20000,2492.945025920868
559000,0.009829485788941383,4.098466873168945,4.069680213928223,0.2835426330566406,1.0,0.30926766991615295,0.09999999999999998,20000,2497.7248208522797
560000,0.019222378730773926,4.562987327575684,4.460166931152344,0.3670406937599182,1.0,0.28051209449768066,0.09999999999999998,20000,2502.46812582016
561000,0.01354815810918808,4.326611518859863,4.2766218185424805,0.2526986300945282,1.0,0.3152250647544861,0.09999999999999998,20000,2507.3144257068634
562000,0.019832797348499298,4.786492347717285,4.700135231018066,0.30530107021331787,1.0,0.42266780138015747,0.09999999999999998,20000,2512.0259988307953
563000,0.016431167721748352,4.059606552124023,4.1290388107299805,0.3503318428993225,1.0,0.2805330157279968,0.09999999999999998,20000,2516.7183957099915
564000,0.011503435671329498,4.075068950653076,4.14691162109375,0.3770599067211151,1.0,0.21088522672653198,0.09999999999999998,20000,2521.809540748596
565000,0.004465342964977026,4.1293253898620605,4.1324663162231445,0.3503437042236328,1.0,0.09624568372964859,0.09999999999999998,20000,2527.662457704544
566000,0.00922325812280178,4.143954277038574,4.166156768798828,0.2682255506515503,1.0,0.22852881252765656,0.09999999999999998,20000,2533.598356962204
567000,0.016090378165245056,4.5568342208862305,4.4793877601623535,0.32704341411590576,1.0,0.2930030822753906,0.09999999999999998,20000,2538.655185699463
568000,0.016334112733602524,4.372496128082275,4.206308364868164,0.43186989426612854,1.0,0.24216118454933167,0.09999999999999998,20000,2543.713932991028
569000,0.01945146732032299,4.224476337432861,4.131839752197266,0.35435277223587036,1.0,0.3134317994117737,0.09999999999999998,20000,2548.816246986389
570000,0.009340978227555752,4.285517692565918,4.164213180541992,0.4358249306678772,1.0,0.12587547302246094,0.09999999999999998,20000,2553.680989742279
571000,0.007662865333259106,3.9732489585876465,3.9518680572509766,0.2540431320667267,1.0,0.2585568130016327,0.09999999999999998,20000,2558.9489347934723
572000,0.014962703920900822,4.498462200164795,4.521191596984863,0.35074108839035034,1.0,0.26320892572402954,0.09999999999999998,20000,2563.9453637599945
573000,0.011031773872673512,4.330345630645752,4.402949333190918,0.3298451900482178,1.0,0.22007857263088226,0.09999999999999998,20000,2569.1768918037415
574000,0.010440799407660961,4.754903793334961,4.588319301605225,0.46566110849380493,1.0,0.14574508368968964,0.09999999999999998,20000,2574.5351600646973
575000,0.009776475839316845,4.299428939819336,4.159049034118652,0.3451606333255768,1.0,0.1815672218799591,0.09999999999999998,20000,2579.4681508541107
576000,0.014098959974944592,4.520407199859619,4.47789192199707,0.28744184970855713,1.0,0.22750186920166016,0.09999999999999998,20000,2584.683527946472
577000,0.03422979265451431,4.271576404571533,4.206587791442871,0.36360129714012146,1.0,0.5007534027099609,0.09999999999999998,20000,2589.6511499881744
578000,0.02059968188405037,3.81266450881958,3.9723565578460693,0.36078599095344543,1.0,0.29167234897613525,0.09999999999999998,20000,2594.420231819153
579000,0.015414733439683914,4.733334541320801,4.643396854400635,0.32967427372932434,1.0,0.3095071315765381,0.09999999999999998,20000,2599.8482778072357
580000,0.013169127516448498,4.462668418884277,4.388539791107178,0.2842324376106262,1.0,0.29999250173568726,0.09999999999999998,20000,2604.5285937786102
581000,0.01862034760415554,4.417252063751221,4.345090866088867,0.4065644443035126,1.0,0.25042814016342163,0.09999999999999998,20000,2609.503616809845
582000,0.026265325024724007,4.252043724060059,4.263999938964844,0.4549849033355713,1.0,0.276908814907074,0.09999999999999998,20000,2614.604249715805
583000,0.008910911157727242,4.823958396911621,4.833223342895508,0.4756692945957184,1.0,0.10595595091581345,0.09999999999999998,20000,2620.0832257270813
584000,0.002977171679958701,4.790726661682129,4.855704307556152,0.2643996775150299,1.0,0.08714649826288223,0.09999999999999998,20000,2625.168058872223
585000,0.027012018486857414,4.229975700378418,4.358580589294434,0.36299240589141846,1.0,0.34653258323669434,0.09999999999999998,20000,2630.675691843033
586000,0.004832012578845024,4.950963020324707,4.9068803787231445,0.33923906087875366,1.0,0.10417401045560837,0.09999999999999998,20000,2636.4897978305817
587000,0.023871786892414093,4.405263900756836,4.330654144287109,0.34265655279159546,1.0,0.4333159625530243,0.09999999999999998,20000,2641.331175804138
588000,0.00792290735989809,4.378525733947754,4.422557830810547,0.25642824172973633,1.0,0.21831847727298737,0.09999999999999998,20000,2646.0789268016815
589000,0.008721156045794487,4.9167351722717285,5.002539157867432,0.2820799648761749,1.0,0.23842863738536835,0.09999999999999998,20000,2650.827509880066
590000,0.009969616308808327,4.716939926147461,4.712608337402344,0.24255193769931793,1.0,0.31975609064102173,0.09999999999999998,20000,2655.5794067382812
591000,0.040512565523386,4.344505786895752,4.460677146911621,0.49916884303092957,1.0,0.3335278630256653,0.09999999999999998,20000,2660.32696890831
592000,0.01060630101710558,4.359316825866699,4.233569145202637,0.2990947961807251,1.0,0.22902363538742065,0.09999999999999998,20000,2665.1781759262085
593000,0.007266122382134199,4.448469638824463,4.444711685180664,0.31731075048446655,1.0,0.149320587515831,0.09999999999999998,20000,2669.8902587890625
594000,0.012015555053949356,4.798178672790527,4.845698833465576,0.2967383563518524,1.0,0.27465492486953735,0.09999999999999998,20000,2674.5166478157043
595000,0.015536447986960411,4.4974541664123535,4.5100555419921875,0.2837856411933899,1.0,0.35714191198349,0.09999999999999998,20000,2679.1550579071045
596000,0.012201428413391113,4.758632659912109,4.784330368041992,0.23654499650001526,1.0,0.41196125745773315,0.09999999999999998,20000,2683.987760782242
597000,0.014385320246219635,4.83922004699707,4.885569095611572,0.3331546187400818,1.0,0.26610252261161804,0.09999999999999998,20000,2688.5829360485077
598000,0.005032405722886324,4.701333045959473,4.636425018310547,0.2382681965827942,1.0,0.19454683363437653,0.09999999999999998,20000,2693.498976945877
599000,0.022788535803556442,4.182577133178711,4.157218933105469,0.37686359882354736,1.0,0.3210218548774719,0.09999999999999998,20000,2698.075577735901
600000,0.014402573928236961,4.191330432891846,4.324399948120117,0.3279394805431366,1.0,0.2417236566543579,0.09999999999999998,20000,2702.8204069137573
601000,0.017735891044139862,4.068691730499268,4.169875144958496,0.2943253219127655,1.0,0.4149180054664612,0.09999999999999998,20000,2714.213970899582
602000,0.016443325206637383,3.912630796432495,3.9068760871887207,0.3434801697731018,1.0,0.27733322978019714,0.09999999999999998,20000,2719.1416187286377
603000,0.026572760194540024,4.322519302368164,4.238499164581299,0.42342644929885864,1.0,0.32568150758743286,0.09999999999999998,20000,2723.6848130226135
604000,0.015941575169563293,4.607483863830566,4.625180244445801,0.3336142301559448,1.0,0.326063334941864,0.09999999999999998,20000,2729.319278717041
605000,0.02351345121860504,4.644570350646973,4.464125633239746,0.39244431257247925,1.0,0.383414089679718,0.09999999999999998,20000,2733.8053770065308
606000,0.011025190353393555,4.2553911209106445,4.181838512420654,0.29429924488067627,1.0,0.28496265411376953,0.09999999999999998,20000,2738.1048357486725
607000,0.02449897676706314,4.345181465148926,4.434388160705566,0.3288643956184387,1.0,0.47263091802597046,0.09999999999999998,20000,2742.758271932602
608000,0.00588566018268466,4.864506721496582,4.720226287841797,0.3300054967403412,1.0,0.1067032665014267,0.09999999999999998,20000,2747.143653869629
609000,0.018777495250105858,4.479579925537109,4.455044746398926,0.33372265100479126,1.0,0.3144668936729431,0.09999999999999998,20000,2751.8739969730377
610000,0.008550005033612251,4.695491790771484,4.631875514984131,0.3515687584877014,1.0,0.1554253101348877,0.09999999999999998,20000,2756.5400388240814
611000,0.008845934644341469,4.424108028411865,4.4093475341796875,0.3006591200828552,1.0,0.2090398371219635,0.09999999999999998,20000,2761.1901350021362
612000,0.02306976541876793,4.521949768066406,4.549162864685059,0.3734528720378876,1.0,0.3200807571411133,0.09999999999999998,20000,2765.7620437145233
613000,0.011753996834158897,4.427471160888672,4.318936347961426,0.3593737781047821,1.0,0.2206059992313385,0.09999999999999998,20000,2770.439787864685
614000,0.0034415898844599724,4.774275779724121,4.712733268737793,0.30809253454208374,1.0,0.09869616478681564,0.09999999999999998,20000,2775.0346727371216
615000,0.01445019245147705,4.111320495605469,4.077663898468018,0.2558887004852295,1.0,0.30256253480911255,0.09999999999999998,20000,2779.632108926773
616000,0.02197779156267643,4.294589996337891,4.228879928588867,0.36203184723854065,1.0,0.3612273037433624,0.09999999999999998,20000,2784.3333649635315
617000,0.01684146374464035,4.423685073852539,4.497845649719238,0.37846216559410095,1.0,0.2580694258213043,0.09999999999999998,20000,2788.8506836891174
618000,0.0075660631991922855,4.693809509277344,4.644640922546387,0.31250548362731934,1.0,0.15207189321517944,0.09999999999999998,20000,2793.4369699954987
619000,0.015968680381774902,4.313097953796387,4.278414249420166,0.3132883906364441,1.0,0.3275153934955597,0.09999999999999998,20000,2797.8882689476013
620000,0.011124958284199238,4.631363868713379,4.665771007537842,0.3250748813152313,1.0,0.23366428911685944,0.09999999999999998,20000,2802.4866259098053
621000,0.005749665200710297,4.420829772949219,4.321989059448242,0.3228950500488281,1.0,0.19403254985809326,0.09999999999999998,20000,3705.889503955841
622000,0.021783528849482536,4.529068946838379,4.449911117553711,0.3277333378791809,1.0,0.3587925434112549,0.09999999999999998,20000,3710.271682024002
623000,0.005681823939085007,4.412443161010742,4.419126510620117,0.24113716185092926,1.0,0.22208312153816223,0.09999999999999998,20000,3715.0160989761353
624000,0.009164638817310333,4.696880340576172,4.742280006408691,0.2396155148744583,1.0,0.29810237884521484,0.09999999999999998,20000,3719.52916765213
625000,0.01422851625829935,4.142528057098389,4.189333438873291,0.2796528935432434,1.0,0.4026532471179962,0.09999999999999998,20000,3723.9001519680023
626000,0.01309339888393879,4.20947265625,4.261078834533691,0.32679370045661926,1.0,0.2963225245475769,0.09999999999999998,20000,3728.431783914566
627000,0.008525103330612183,4.392436981201172,4.31290340423584,0.2968701422214508,1.0,0.1898815780878067,0.09999999999999998,20000,3732.865015029907
628000,0.006658751517534256,4.499359607696533,4.499845504760742,0.2393290102481842,1.0,0.27754640579223633,0.09999999999999998,20000,3737.860366821289
629000,0.009333024732768536,4.635715484619141,4.631067276000977,0.2526671290397644,1.0,0.2976680397987366,0.09999999999999998,20000,3742.7288568019867
630000,0.02981553226709366,4.446049690246582,4.333587169647217,0.37858396768569946,1.0,0.41721460223197937,0.09999999999999998,20000,3747.4492149353027
631000,0.013961564749479294,4.667834758758545,4.610671043395996,0.3275044560432434,1.0,0.20175322890281677,0.09999999999999998,20000,3752.451148033142
632000,0.007277410477399826,4.65590763092041,4.623584747314453,0.29048264026641846,1.0,0.19061341881752014,0.09999999999999998,20000,3757.4161427021027
633000,0.009264318272471428,4.609926700592041,4.543004512786865,0.32203996181488037,1.0,0.20870104432106018,0.09999999999999998,20000,3762.1086728572845
634000,0.028463559225201607,4.413644313812256,4.461155891418457,0.42104485630989075,1.0,0.3342280685901642,0.09999999999999998,20000,3767.296350955963
635000,0.003408784745261073,4.469330310821533,4.434832572937012,0.355546236038208,1.0,0.08940359950065613,0.09999999999999998,20000,3772.3454320430756
636000,0.017394112423062325,4.3377909660339355,4.2893571853637695,0.5262705683708191,1.0,0.14409902691841125,0.09999999999999998,20000,3777.4050748348236
637000,0.006328973453491926,4.7522969245910645,4.838788986206055,0.4535081088542938,1.0,0.11714745312929153,0.09999999999999998,20000,3781.984965801239
638000,0.03719336539506912,4.058034896850586,4.125288963317871,0.39013421535491943,1.0,0.4882590174674988,0.09999999999999998,20000,3786.461156845093
639000,0.01601017825305462,4.512568950653076,4.447202205657959,0.3226902484893799,1.0,0.31964972615242004,0.09999999999999998,20000,3790.935908794403
640000,0.007953878492116928,4.650988578796387,4.593730926513672,0.2813781797885895,1.0,0.23600560426712036,0.09999999999999998,20000,3795.2122478485107
641000,0.002773245796561241,4.582727432250977,4.3373308181762695,0.35886824131011963,1.0,0.06772088259458542,0.09999999999999998,20000,3799.494112968445
642000,0.026402950286865234,4.233598709106445,4.090057373046875,0.40443065762519836,1.0,0.23508384823799133,0.09999999999999998,20000,3803.463352918625
643000,0.014259951189160347,4.947349548339844,4.94274377822876,0.30805325508117676,1.0,0.3122596740722656,0.09999999999999998,20000,3807.507303714752
644000,0.011194588616490364,4.787413120269775,4.966546535491943,0.36777785420417786,1.0,0.2096666395664215,0.09999999999999998,20000,3811.529279947281
645000,0.012438710778951645,4.649260520935059,4.65519905090332,0.23237381875514984,1.0,0.40134215354919434,0.09999999999999998,20000,3815.7259187698364
646000,0.010748584754765034,4.601041793823242,4.484294891357422,0.3177659809589386,1.0,0.22960256040096283,0.09999999999999998,20000,3820.262222766876
647000,0.008695794269442558,4.469160556793213,4.321084976196289,0.4012804329395294,1.0,0.1567862331867218,0.09999999999999998,20000,3824.5946910381317
648000,0.010495669208467007,4.522818565368652,4.66796875,0.3284406065940857,1.0,0.236799955368042,0.09999999999999998,20000,3829.2211797237396
649000,0.022273533046245575,5.060194492340088,5.120443820953369,0.3716055750846863,1.0,0.338165819644928,0.09999999999999998,20000,3833.5915739536285
650000,0.015231598168611526,4.385849475860596,4.377790927886963,0.3146892786026001,1.0,0.3282933831214905,0.09999999999999998,20000,3838.133621931076
651000,0.018229588866233826,4.205479145050049,4.2154741287231445,0.3833940029144287,1.0,0.28408482670783997,0.09999999999999998,20000,3849.396083831787
652000,0.017421873286366463,4.35473108291626,4.343669891357422,0.36560872197151184,1.0,0.2602171301841736,0.09999999999999998,20000,3853.4836966991425
653000,0.016949322074651718,4.859697341918945,4.911184310913086,0.4180685579776764,1.0,0.21506184339523315,0.09999999999999998,20000,3857.845904827118
654000,0.034254416823387146,3.9904332160949707,4.070871829986572,0.4333987832069397,1.0,0.41306084394454956,0.09999999999999998,20000,3862.1791846752167
655000,0.017796840518712997,4.618221282958984,4.623010158538818,0.3319975733757019,1.0,0.3542228937149048,0.09999999999999998,20000,3866.4896187782288
656000,0.01916062831878662,4.2530927658081055,4.110454559326172,0.42030853033065796,1.0,0.3000195026397705,0.09999999999999998,20000,3870.9390177726746
657000,0.01351119577884674,4.625504970550537,4.719132423400879,0.2711333632469177,1.0,0.35607320070266724,0.09999999999999998,20000,3875.3095548152924
658000,0.010296435095369816,4.599882125854492,4.455147743225098,0.366070419549942,1.0,0.20119404792785645,0.09999999999999998,20000,3879.67058300972
659000,0.010049765929579735,4.313093185424805,4.141388416290283,0.3717502951622009,1.0,0.20080208778381348,0.09999999999999998,20000,3883.663571834564
660000,0.02537904866039753,4.368584632873535,4.308226108551025,0.48762035369873047,1.0,0.28968483209609985,0.09999999999999998,20000,4787.184521913528
661000,0.014205031096935272,4.698930740356445,4.81315279006958,0.36906367540359497,1.0,0.22329288721084595,0.09999999999999998,20000,4791.2281267642975
662000,0.00978633388876915,4.2318339347839355,4.117140769958496,0.38954228162765503,1.0,0.18140901625156403,0.09999999999999998,20000,4795.309506893158
663000,0.011997533962130547,4.323319911956787,4.310421466827393,0.27458009123802185,1.0,0.3192686140537262,0.09999999999999998,20000,4799.29390001297
664000,0.011958375573158264,4.586028575897217,4.590684413909912,0.38244175910949707,1.0,0.2106543779373169,0.09999999999999998,20000,4803.2671818733215
665000,0.009159240871667862,4.6591949462890625,4.693813323974609,0.2780698835849762,1.0,0.21029368042945862,0.09999999999999998,20000,4807.3183698654175
666000,0.027384530752897263,4.711599349975586,4.726377487182617,0.3997349143028259,1.0,0.4342702031135559,0.09999999999999998,20000,4811.356211900711
667000,0.005567555315792561,4.864941596984863,4.8667097091674805,0.3686942458152771,1.0,0.11291742324829102,0.09999999999999998,20000,4815.381852865219
668000,0.00808890350162983,4.524052619934082,4.502658367156982,0.29958590865135193,1.0,0.19748950004577637,0.09999999999999998,20000,4819.847517967224
669000,0.017336735501885414,4.090245246887207,4.118577003479004,0.3211073875427246,1.0,0.3151340186595917,0.09999999999999998,20000,4824.12893986702
670000,0.009098130278289318,4.338140487670898,4.340505599975586,0.35019275546073914,1.0,0.13795948028564453,0.09999999999999998,20000,4828.387776851654
671000,0.01986357942223549,4.851142883300781,4.943605422973633,0.408627450466156,1.0,0.27075350284576416,0.09999999999999998,20000,4832.52966094017
672000,0.00922933779656887,4.626172065734863,4.5520453453063965,0.2570410370826721,1.0,0.2886058986186981,0.09999999999999998,20000,4836.951905965805
673000,0.009704766795039177,4.506478309631348,4.548883438110352,0.3274701237678528,1.0,0.19290776550769806,0.09999999999999998,20000,4841.2473866939545
674000,0.01886429637670517,4.332808971405029,4.452362060546875,0.35363146662712097,1.0,0.35114815831184387,0.09999999999999998,20000,4845.5868899822235
675000,0.013254321180284023,4.599068641662598,4.586043357849121,0.3798859119415283,1.0,0.20232117176055908,0.09999999999999998,20000,4849.960366010666
676000,0.024181216955184937,4.722231388092041,4.4904465675354,0.465925931930542,1.0,0.3100322186946869,0.09999999999999998,20000,4854.442577838898
677000,0.00996461696922779,4.965702056884766,5.026360034942627,0.2741469442844391,1.0,0.2484293282032013,0.09999999999999998,20000,4858.796546936035
678000,0.01495259441435337,4.266811370849609,4.187690734863281,0.4687030613422394,1.0,0.16384299099445343,0.09999999999999998,20000,4863.363495826721
679000,0.03835740685462952,4.732995986938477,4.857108116149902,0.44785773754119873,1.0,0.4442668557167053,0.09999999999999998,20000,4868.063266038895
680000,0.006445690523833036,4.161404609680176,4.179640769958496,0.3009627163410187,1.0,0.16289757192134857,0.09999999999999998,20000,4872.444228649139
681000,0.014012778177857399,4.594944000244141,4.72536563873291,0.3669707179069519,1.0,0.20165738463401794,0.09999999999999998,20000,4877.143744945526
682000,0.010693308897316456,4.862347602844238,4.8175740242004395,0.31294557452201843,1.0,0.22005954384803772,0.09999999999999998,20000,4881.292553901672
683000,0.023787517100572586,4.173003196716309,4.0199995040893555,0.36018723249435425,1.0,0.3835107386112213,0.09999999999999998,20000,4885.4453847408295
684000,0.00881163403391838,4.41632080078125,4.415854454040527,0.3169769048690796,1.0,0.16966572403907776,0.09999999999999998,20000,4889.574445009232
685000,0.017172448337078094,4.924467086791992,4.948268890380859,0.32101762294769287,1.0,0.2964061200618744,0.09999999999999998,20000,4893.8946669101715
686000,0.010147962719202042,4.736367702484131,4.613463401794434,0.4033416509628296,1.0,0.14938350021839142,0.09999999999999998,20000,4898.066598892212
687000,0.01049647107720375,4.685449600219727,4.6813483238220215,0.2885991334915161,1.0,0.24054250121116638,0.09999999999999998,20000,4902.232934713364
688000,0.03703903406858444,5.038309097290039,5.1093244552612305,0.5110935568809509,1.0,0.33508825302124023,0.09999999999999998,20000,4906.508432865143
689000,0.019544024020433426,4.859360218048096,4.875205993652344,0.38092613220214844,1.0,0.29621174931526184,0.09999999999999998,20000,4910.727938890457
690000,0.006191846914589405,4.752408504486084,4.808381080627441,0.30573272705078125,1.0,0.17742161452770233,0.09999999999999998,20000,4915.207537889481
691000,0.017772793769836426,4.818048477172852,4.6792402267456055,0.5137820243835449,1.0,0.22475406527519226,0.09999999999999998,20000,4919.634952783585
692000,0.011596840806305408,4.714305877685547,4.616040229797363,0.45325225591659546,1.0,0.18525101244449615,0.09999999999999998,20000,4924.012617826462
693000,0.017112266272306442,4.808542251586914,4.617626667022705,0.3941498398780823,1.0,0.2350333034992218,0.09999999999999998,20000,4928.495128631592
694000,0.035637423396110535,4.876660346984863,5.01279878616333,0.4485112726688385,1.0,0.3620850443840027,0.09999999999999998,20000,4932.741668701172
695000,0.011880929581820965,4.9878034591674805,5.056734561920166,0.4159072935581207,1.0,0.18789944052696228,0.09999999999999998,20000,4937.0787518024445
696000,0.013141676783561707,4.841404914855957,4.909532070159912,0.2800615429878235,1.0,0.2856561243534088,0.09999999999999998,20000,4941.336261749268
697000,0.01330491341650486,5.087137222290039,5.0391645431518555,0.4220294952392578,1.0,0.2101423591375351,0.09999999999999998,20000,4945.707642793655
698000,0.02143610268831253,5.023855686187744,4.865478515625,0.4244373142719269,1.0,0.2571343779563904,0.09999999999999998,20000,4950.107856750488
699000,0.008711747825145721,4.937516689300537,4.980910301208496,0.30791497230529785,1.0,0.20805665850639343,0.09999999999999998,20000,4954.499097824097
700000,0.030434787273406982,4.613011360168457,4.545827865600586,0.5116387605667114,1.0,0.2888554334640503,0.09999999999999998,20000,4958.708318948746
701000,0.022648558020591736,4.542139053344727,4.442132472991943,0.3584938645362854,1.0,0.32452577352523804,0.09999999999999998,20000,4968.735615968704
702000,0.005757015198469162,5.069555282592773,4.954626083374023,0.4339795708656311,1.0,0.09988045692443848,0.09999999999999998,20000,4972.986872911453
703000,0.013042538426816463,4.493530750274658,4.507116794586182,0.3429476022720337,1.0,0.2611582577228546,0.09999999999999998,20000,4977.495489835739
704000,0.018312305212020874,4.935067176818848,4.873655796051025,0.49406856298446655,1.0,0.24841594696044922,0.09999999999999998,20000,4981.971284866333
705000,0.0161890871822834,4.413351535797119,4.426918983459473,0.4579519033432007,1.0,0.2117677628993988,0.09999999999999998,20000,4986.4695518016815
706000,0.012713724747300148,4.96228551864624,5.101361274719238,0.3465457558631897,1.0,0.19702129065990448,0.09999999999999998,20000,4990.811878919601
707000,0.010541152209043503,4.673408031463623,4.835343360900879,0.35093194246292114,1.0,0.20854079723358154,0.09999999999999998,20000,4995.204976797104
708000,0.03467342630028725,4.487224578857422,4.529071807861328,0.37331077456474304,1.0,0.46248242259025574,0.09999999999999998,20000,4999.574517965317
709000,0.02026490494608879,4.740462779998779,4.786015033721924,0.3823205530643463,1.0,0.3355414569377899,0.09999999999999998,20000,5004.140034914017
710000,0.01625588908791542,4.819143295288086,4.930739879608154,0.3676449954509735,1.0,0.2721976339817047,0.09999999999999998,20000,5008.4563319683075
711000,0.021752696484327316,4.878169059753418,4.818058013916016,0.4121846556663513,1.0,0.2925945520401001,0.09999999999999998,20000,5012.958797931671
712000,0.03423420339822769,4.952816963195801,4.656737327575684,0.3732725977897644,1.0,0.5053778886795044,0.09999999999999998,20000,5017.342052698135
713000,0.03061569109559059,4.237369537353516,4.2366719245910645,0.41897809505462646,1.0,0.33963125944137573,0.09999999999999998,20000,5021.689378976822
714000,0.034915950149297714,4.505610466003418,4.499459743499756,0.48994898796081543,1.0,0.3268384337425232,0.09999999999999998,20000,5026.020511865616
715000,0.03775739669799805,4.790628433227539,4.776561737060547,0.4550977051258087,1.0,0.3809812664985657,0.09999999999999998,20000,5031.079670906067
716000,0.013168439269065857,5.052850723266602,5.078280448913574,0.27600979804992676,1.0,0.31479623913764954,0.09999999999999998,20000,5035.15224981308
717000,0.011878708377480507,4.711472034454346,4.638451099395752,0.3775213956832886,1.0,0.2336098849773407,0.09999999999999998,20000,5039.248555898666
718000,0.028477231040596962,4.22410774230957,4.066827774047852,0.4783346652984619,1.0,0.3143463730812073,0.09999999999999998,20000,5043.618766069412
719000,0.03292042016983032,5.1462721824646,5.322225570678711,0.4262121319770813,1.0,0.37519943714141846,0.09999999999999998,20000,5047.805056810379
720000,0.007467476185411215,4.792376518249512,4.686065673828125,0.2996416389942169,1.0,0.19790856540203094,0.09999999999999998,20000,5052.00649189949
721000,0.019754912704229355,4.2045698165893555,4.263791561126709,0.3601192235946655,1.0,0.3129819929599762,0.09999999999999998,20000,5056.23938202858
722000,0.007705093361437321,4.280248641967773,4.4577436447143555,0.32667091488838196,1.0,0.13701894879341125,0.09999999999999998,20000,5060.49383187294
723000,0.016635145992040634,4.880293846130371,4.972725868225098,0.4879101514816284,1.0,0.18434202671051025,0.09999999999999998,20000,5064.760259628296
724000,0.013041067868471146,5.001296043395996,4.9859161376953125,0.2886376678943634,1.0,0.2946256995201111,0.09999999999999998,20000,5069.037635803223
725000,0.010947106406092644,4.339272499084473,4.320417881011963,0.3994949460029602,1.0,0.17028415203094482,0.09999999999999998,20000,5073.344295740128
726000,0.02104221284389496,4.762002944946289,4.719679832458496,0.33684003353118896,1.0,0.38940107822418213,0.09999999999999998,20000,5077.491219758987
727000,0.010505309328436852,4.8011016845703125,4.8424973487854,0.41563132405281067,1.0,0.14805002510547638,0.09999999999999998,20000,5081.874579906464
728000,0.033274613320827484,4.535043239593506,4.67484188079834,0.39702415466308594,1.0,0.4628613591194153,0.09999999999999998,20000,5086.183581829071
729000,0.014037536457180977,4.941847801208496,4.952181816101074,0.3289089798927307,1.0,0.2792060077190399,0.09999999999999998,20000,5090.51070189476
730000,0.00793889258056879,4.601722717285156,4.582536697387695,0.2219274789094925,1.0,0.28646016120910645,0.09999999999999998,20000,5094.784107923508
731000,0.006867635063827038,4.874814987182617,4.91007137298584,0.48714664578437805,1.0,0.06985795497894287,0.09999999999999998,20000,5099.029505968094
732000,0.010282039642333984,4.758844375610352,4.822298049926758,0.33950886130332947,1.0,0.18158429861068726,0.09999999999999998,20000,5103.308315753937
733000,0.010542803443968296,4.609746932983398,4.690677642822266,0.3567023277282715,1.0,0.21685124933719635,0.09999999999999998,20000,5107.418434858322
734000,0.019877109676599503,4.591596603393555,4.673149108886719,0.45917338132858276,1.0,0.2613976299762726,0.09999999999999998,20000,5111.5069789886475
735000,0.015348853543400764,4.962580680847168,4.925492286682129,0.35206300020217896,1.0,0.252220094203949,0.09999999999999998,20000,5115.600006818771
736000,0.018580645322799683,4.693726539611816,4.5521697998046875,0.4020722508430481,1.0,0.26534175872802734,0.09999999999999998,20000,5119.96835565567
737000,0.012758104130625725,4.675952911376953,4.665244102478027,0.38945913314819336,1.0,0.19971953332424164,0.09999999999999998,20000,5124.335001707077
738000,0.010685584507882595,4.878207683563232,4.769779205322266,0.368055522441864,1.0,0.18635830283164978,0.09999999999999998,20000,5128.643262863159
739000,0.00832626223564148,4.157476902008057,4.189082145690918,0.37725189328193665,1.0,0.14675560593605042,0.09999999999999998,20000,5132.934284925461
740000,0.018451470881700516,4.629360198974609,4.612473011016846,0.3605085611343384,1.0,0.2948996126651764,0.09999999999999998,20000,5137.163069963455
741000,0.023395858705043793,5.217205047607422,5.2567458152771,0.3127977252006531,1.0,0.388092041015625,0.09999999999999998,20000,5141.6505126953125
742000,0.017135171219706535,4.851304054260254,4.759988784790039,0.42153769731521606,1.0,0.24683308601379395,0.09999999999999998,20000,5145.9485738277435
743000,0.010614405386149883,4.759241580963135,4.762801170349121,0.39011257886886597,1.0,0.15209616720676422,0.09999999999999998,20000,5150.241429805756
744000,0.011576872318983078,4.312673568725586,4.259298324584961,0.388507604598999,1.0,0.1819840520620346,0.09999999999999998,20000,5154.705698013306
745000,0.007987577468156815,4.569819450378418,4.503438949584961,0.39467889070510864,1.0,0.15485481917858124,0.09999999999999998,20000,5158.974536895752
746000,0.009240895509719849,4.526933193206787,4.533989906311035,0.4650422930717468,1.0,0.12484407424926758,0.09999999999999998,20000,5163.1756939888
747000,0.018500767648220062,4.384407043457031,4.417387008666992,0.3450544476509094,1.0,0.33268266916275024,0.09999999999999998,20000,5167.504025697708
748000,0.03496750071644783,4.660175323486328,4.903565883636475,0.4532660245895386,1.0,0.36068522930145264,0.09999999999999998,20000,5171.799622774124
749000,0.00977109931409359,4.932980537414551,4.9576921463012695,0.25725293159484863,1.0,0.30645981431007385,0.09999999999999998,20000,5175.951791763306
750000,0.018933024257421494,4.389064788818359,4.331814289093018,0.3713487982749939,1.0,0.3058737516403198,0.09999999999999998,20000,5180.165850877762
751000,0.00825076550245285,4.355920791625977,4.311331748962402,0.3416177034378052,1.0,0.16103479266166687,0.09999999999999998,20000,5189.479032039642
752000,0.02992640808224678,4.6622161865234375,4.6571760177612305,0.4205918312072754,1.0,0.3426101803779602,0.09999999999999998,20000,5193.84056687355
753000,0.009202653542160988,4.104003429412842,4.100834846496582,0.2602895498275757,1.0,0.2497267723083496,0.09999999999999998,20000,5197.931849956512
754000,0.014598838053643703,4.850524425506592,4.824049949645996,0.2888718843460083,1.0,0.34704822301864624,0.09999999999999998,20000,5202.261111021042
755000,0.013034192845225334,4.5950775146484375,4.657896518707275,0.39137351512908936,1.0,0.19535616040229797,0.09999999999999998,20000,5206.989565849304
756000,0.02418021485209465,4.433674335479736,4.516045093536377,0.36055827140808105,1.0,0.27468934655189514,0.09999999999999998,20000,5211.576797962189
757000,0.013967175036668777,4.200963020324707,3.9004364013671875,0.4621451795101166,1.0,0.17984262108802795,0.09999999999999998,20000,5215.921232700348
758000,0.009747244417667389,4.560082912445068,4.445895195007324,0.343428373336792,1.0,0.22061942517757416,0.09999999999999998,20000,5220.264297962189
759000,0.01769772730767727,4.273132801055908,4.226805686950684,0.36805546283721924,1.0,0.280635803937912,0.09999999999999998,20000,5224.550093889236
760000,0.021354690194129944,4.790508270263672,4.695189476013184,0.32880938053131104,1.0,0.3706236481666565,0.09999999999999998,20000,5228.944069862366
761000,0.019228225573897362,4.875700950622559,4.812633514404297,0.3596278727054596,1.0,0.3427087068557739,0.09999999999999998,20000,5233.257948875427
762000,0.010429440066218376,4.812357425689697,4.784666061401367,0.3977645933628082,1.0,0.16405947506427765,0.09999999999999998,20000,5237.560879707336
763000,0.02212383970618248,5.055809020996094,5.094006538391113,0.3381677567958832,1.0,0.4348342716693878,0.09999999999999998,20000,5241.905866861343
764000,0.012086080387234688,4.568481922149658,4.656167984008789,0.28146517276763916,1.0,0.2887045741081238,0.09999999999999998,20000,5246.622121810913
765000,0.006066354922950268,4.6491546630859375,4.741123676300049,0.310496062040329,1.0,0.14149576425552368,0.09999999999999998,20000,5251.189969778061
766000,0.008743522688746452,4.535637855529785,4.544888496398926,0.3563251793384552,1.0,0.17416170239448547,0.09999999999999998,20000,5255.304329872131
767000,0.014582367613911629,4.508417129516602,4.532388210296631,0.3189048767089844,1.0,0.22995010018348694,0.09999999999999998,20000,5259.31791472435
768000,0.005213924217969179,4.666216850280762,4.698905944824219,0.24496392905712128,1.0,0.15427491068840027,0.09999999999999998,20000,5263.389259815216
769000,0.016648396849632263,4.855381011962891,4.944289684295654,0.3752490282058716,1.0,0.2501625716686249,0.09999999999999998,20000,5267.89735865593
770000,0.018955379724502563,4.489554405212402,4.38686466217041,0.35327354073524475,1.0,0.32214415073394775,0.09999999999999998,20000,5272.471648931503
771000,0.018955929204821587,4.868226051330566,4.8171515464782715,0.5574917197227478,1.0,0.17473414540290833,0.09999999999999998,20000,5276.641596794128
772000,0.015914566814899445,5.12689208984375,5.256806373596191,0.3133868873119354,1.0,0.3413957357406616,0.09999999999999998,20000,5281.560648918152
773000,0.008868688717484474,4.855266094207764,4.889318943023682,0.3102903962135315,1.0,0.18123281002044678,0.09999999999999998,20000,5286.216697692871
774000,0.01922728307545185,4.889847278594971,5.2096662521362305,0.41177529096603394,1.0,0.27114883065223694,0.09999999999999998,20000,5290.926287651062
775000,0.0073875002562999725,5.038924217224121,5.021240711212158,0.25041037797927856,1.0,0.2569396197795868,0.09999999999999998,20000,5295.799295902252
776000,0.01791192963719368,4.5399346351623535,4.494245529174805,0.34722840785980225,1.0,0.3343045115470886,0.09999999999999998,20000,5301.468537807465
777000,0.014810114167630672,4.38037109375,4.442052841186523,0.29116910696029663,1.0,0.32238656282424927,0.09999999999999998,20000,5306.305441856384
778000,0.020711829885840416,4.753395080566406,4.681157112121582,0.3788188397884369,1.0,0.3867090940475464,0.09999999999999998,20000,5310.708461046219
779000,0.014193885028362274,4.382409572601318,4.446706771850586,0.26313719153404236,1.0,0.35253435373306274,0.09999999999999998,20000,5316.351078748703
780000,0.02627461589872837,4.9077653884887695,4.993250846862793,0.3307495415210724,1.0,0.4299778342247009,0.09999999999999998,20000,5321.883537769318
781000,0.0054632751271128654,5.364012718200684,5.399060249328613,0.37065044045448303,1.0,0.11229067295789719,0.09999999999999998,20000,5326.976279020309
782000,0.011518827639520168,4.749296188354492,4.688541889190674,0.3910069763660431,1.0,0.18875275552272797,0.09999999999999998,20000,5331.289279937744
783000,0.020852018147706985,4.954384803771973,4.875749588012695,0.3374357223510742,1.0,0.3394705653190613,0.09999999999999998,20000,5335.34851193428
784000,0.02218446508049965,4.660937786102295,4.589198112487793,0.4046315848827362,1.0,0.3474404215812683,0.09999999999999998,20000,5339.565332889557
785000,0.019598815590143204,4.9861369132995605,4.981421947479248,0.3585284948348999,1.0,0.3134234547615051,0.09999999999999998,20000,5345.930958747864
786000,0.006707394495606422,4.824759483337402,4.854106903076172,0.30158597230911255,1.0,0.1604834645986557,0.09999999999999998,20000,5351.531995773315
787000,0.006409903522580862,4.89605712890625,4.8550496101379395,0.28911375999450684,1.0,0.1755044013261795,0.09999999999999998,20000,5356.369036912918
788000,0.022810865193605423,5.2991766929626465,5.168051719665527,0.5004251003265381,1.0,0.2516649067401886,0.09999999999999998,20000,5362.746660709381
789000,0.03551892936229706,5.096247673034668,5.263774394989014,0.45906344056129456,1.0,0.42268991470336914,0.09999999999999998,20000,5368.1993107795715
790000,0.010346300899982452,4.622488021850586,4.586946487426758,0.3255767822265625,1.0,0.20536980032920837,0.09999999999999998,20000,5374.006579875946
791000,0.0100340461358428,4.960677146911621,5.069450855255127,0.37255942821502686,1.0,0.17323726415634155,0.09999999999999998,20000,5379.572028875351
792000,0.02393963560461998,5.0002851486206055,4.906486988067627,0.6352869868278503,1.0,0.14878731966018677,0.09999999999999998,20000,5385.338944911957
793000,0.007171332836151123,5.097409248352051,5.0089521408081055,0.277953177690506,1.0,0.2070111334323883,0.09999999999999998,20000,5391.939190864563
794000,0.018421011045575142,5.109615325927734,5.235305309295654,0.3984982371330261,1.0,0.29054194688796997,0.09999999999999998,20000,5397.42818403244
795000,0.02581174299120903,4.356260776519775,4.612899303436279,0.43208059668540955,1.0,0.26564645767211914,0.09999999999999998,20000,5402.876044034958
796000,0.021337829530239105,5.162505149841309,5.147396564483643,0.3559662103652954,1.0,0.37360382080078125,0.09999999999999998,20000,5407.03518986702
797000,0.015621006488800049,4.8384928703308105,4.804958343505859,0.35001492500305176,1.0,0.26550284028053284,0.09999999999999998,20000,5411.349999666214
798000,0.011000539176166058,5.338362693786621,5.158400535583496,0.375546932220459,1.0,0.19694793224334717,0.09999999999999998,20000,5417.357876777649
799000,0.024223048239946365,4.859038352966309,4.882224082946777,0.34500300884246826,1.0,0.4129111170768738,0.09999999999999998,20000,5424.353716850281
800000,0.019998759031295776,4.888280868530273,4.989123821258545,0.43619483709335327,1.0,0.23529015481472015,0.09999999999999998,20000,5429.558482885361
801000,0.013129327446222305,4.953272819519043,5.028859615325928,0.3139134347438812,1.0,0.32180824875831604,0.09999999999999998,20000,5443.354841709137
802000,0.0541752427816391,4.854250907897949,5.118560791015625,0.5514404773712158,1.0,0.3519510328769684,0.09999999999999998,20000,5447.977571725845
803000,0.004889382049441338,4.501257419586182,4.630627632141113,0.2933618724346161,1.0,0.113651342689991,0.09999999999999998,20000,5453.590376853943
804000,0.05170504376292229,4.52739143371582,4.6683349609375,0.45543062686920166,1.0,0.46991777420043945,0.09999999999999998,20000,5457.749374866486
805000,0.029928766191005707,4.640517234802246,4.547089099884033,0.3928847312927246,1.0,0.4213743805885315,0.09999999999999998,20000,5465.871027946472
806000,0.006081902887672186,4.536834716796875,4.550363540649414,0.4496237635612488,1.0,0.09205726534128189,0.09999999999999998,20000,5471.231365680695
807000,0.019313964992761612,5.010776519775391,5.049583435058594,0.4911743998527527,1.0,0.25314125418663025,0.09999999999999998,20000,5476.906660795212
808000,0.01892111822962761,4.704867362976074,4.806217193603516,0.3390888273715973,1.0,0.3412400186061859,0.09999999999999998,20000,5482.590505838394
809000,0.025988884270191193,4.705600261688232,4.698973178863525,0.3218441307544708,1.0,0.4227413237094879,0.09999999999999998,20000,5486.694451808929
810000,0.03228261321783066,4.98729944229126,5.208497524261475,0.43381643295288086,1.0,0.4021856188774109,0.09999999999999998,20000,5491.973188877106
811000,0.03874193876981735,4.39049768447876,4.268889427185059,0.3814186453819275,1.0,0.46394169330596924,0.09999999999999998,20000,5500.984893798828
812000,0.0213913656771183,4.447537422180176,4.38347864151001,0.47727614641189575,1.0,0.31519871950149536,0.09999999999999998,20000,5505.847203016281
813000,0.0218789204955101,4.741420269012451,4.744786262512207,0.3674657642841339,1.0,0.3087661862373352,0.09999999999999998,20000,5514.191183805466
814000,0.006797682959586382,4.1662116050720215,4.070862770080566,0.4027816653251648,1.0,0.1174725890159607,0.09999999999999998,20000,5519.179966926575
815000,0.014359836466610432,5.207428455352783,5.32473087310791,0.3488447964191437,1.0,0.2731655240058899,0.09999999999999998,20000,5525.729460954666
816000,0.018423933535814285,4.65252161026001,4.527260780334473,0.3270456790924072,1.0,0.3486822545528412,0.09999999999999998,20000,5531.496195077896
817000,0.009242082014679909,4.515170574188232,4.351934432983398,0.3149198889732361,1.0,0.20305901765823364,0.09999999999999998,20000,5538.018083810806
818000,0.018844295293092728,4.7302398681640625,4.818288803100586,0.37804895639419556,1.0,0.3222649097442627,0.09999999999999998,20000,5544.172475814819
819000,0.009279178455471992,5.14173698425293,4.942628860473633,0.40562525391578674,1.0,0.15500777959823608,0.09999999999999998,20000,5550.025554895401
820000,0.02085157111287117,4.844470024108887,5.020402431488037,0.35862404108047485,1.0,0.31128576397895813,0.09999999999999998,20000,5555.449372768402
821000,0.02581222914159298,4.703150749206543,4.803598880767822,0.36006754636764526,1.0,0.31404340267181396,0.09999999999999998,20000,5559.4908747673035
822000,0.03835609555244446,4.830072402954102,4.813976764678955,0.40263456106185913,1.0,0.47442346811294556,0.09999999999999998,20000,5563.819603919983
823000,0.002603044966235757,4.9017181396484375,4.964173793792725,0.34896472096443176,1.0,0.0711468756198883,0.09999999999999998,20000,5572.364805698395
824000,0.01964246667921543,5.021850109100342,5.06140661239624,0.380135715007782,1.0,0.30782896280288696,0.09999999999999998,20000,5577.810157060623
825000,0.0040094428695738316,4.869540214538574,4.825411319732666,0.2771562337875366,1.0,0.10421667993068695,0.09999999999999998,20000,5582.802375793457
826000,0.010318519547581673,4.366138935089111,4.355495452880859,0.2950196862220764,1.0,0.21696873009204865,0.09999999999999998,20000,5590.456010818481
827000,0.013851458206772804,4.603021144866943,4.592345714569092,0.379056453704834,1.0,0.22203552722930908,0.09999999999999998,20000,5596.350672721863
828000,0.025743287056684494,4.980194568634033,5.240836143493652,0.3951925039291382,1.0,0.22740232944488525,0.09999999999999998,20000,5602.972078800201
829000,0.02870997227728367,4.813815116882324,4.747796535491943,0.3366106152534485,1.0,0.4935621917247772,0.09999999999999998,20000,5608.352095842361
830000,0.020535804331302643,4.583990573883057,4.633313179016113,0.36452242732048035,1.0,0.3924063444137573,0.09999999999999998,20000,5615.003314733505
831000,0.03160180523991585,4.653661727905273,4.8149518966674805,0.4066915512084961,1.0,0.3114175796508789,0.09999999999999998,20000,5620.06830573082
832000,0.008772647008299828,5.189189910888672,5.191202163696289,0.3338594138622284,1.0,0.19768430292606354,0.09999999999999998,20000,5627.087018966675
833000,0.011700572445988655,5.02913236618042,5.084630489349365,0.2756524085998535,1.0,0.3133653700351715,0.09999999999999998,20000,5633.8374609947205
834000,0.010520709678530693,4.750412940979004,4.941339015960693,0.4286477565765381,1.0,0.13967487215995789,0.09999999999999998,20000,5637.888972997665
835000,0.00625648582354188,4.549915790557861,4.6273088455200195,0.3541448712348938,1.0,0.11529409140348434,0.09999999999999998,20000,5642.069206953049
836000,0.008110525086522102,5.191761016845703,5.138818740844727,0.2727242410182953,1.0,0.1945074498653412,0.09999999999999998,20000,5648.083753824234
837000,0.011949874460697174,5.443769454956055,5.3969292640686035,0.3653988242149353,1.0,0.1782934069633484,0.09999999999999998,20000,5654.6738176345825
838000,0.01751520298421383,5.001068115234375,4.968146324157715,0.3371467590332031,1.0,0.34743696451187134,0.09999999999999998,20000,5660.659673690796
839000,0.020434658974409103,4.945338249206543,4.929218292236328,0.31640028953552246,1.0,0.4042244553565979,0.09999999999999998,20000,5666.094363689423
840000,0.01834147237241268,4.430052757263184,4.397391319274902,0.42802655696868896,1.0,0.22708304226398468,0.09999999999999998,20000,5672.32893371582
841000,0.02195011079311371,4.351938247680664,4.3633646965026855,0.31519967317581177,1.0,0.31427067518234253,0.09999999999999998,20000,5677.724334001541
842000,0.011081201955676079,5.234349250793457,5.2435479164123535,0.3707660734653473,1.0,0.20106938481330872,0.09999999999999998,20000,5683.179278850555
843000,0.006612289231270552,4.757233142852783,4.853315830230713,0.2321346402168274,1.0,0.2162681221961975,0.09999999999999998,20000,5690.347079753876
844000,0.019782131537795067,5.055178642272949,5.101095199584961,0.3076806664466858,1.0,0.3940405249595642,0.09999999999999998,20000,5696.034696817398
845000,0.016217030584812164,5.244785308837891,5.19849967956543,0.2504581809043884,1.0,0.4162088632583618,0.09999999999999998,20000,5701.408195018768
846000,0.011056697927415371,4.836209297180176,4.867968559265137,0.2791672945022583,1.0,0.26598069071769714,0.09999999999999998,20000,5707.045874834061
847000,0.018327409401535988,4.389472007751465,4.583161354064941,0.4103756546974182,1.0,0.2444624900817871,0.09999999999999998,20000,5711.208441019058
848000,0.0067734201438724995,4.942349910736084,4.925655364990234,0.2577328681945801,1.0,0.23360776901245117,0.09999999999999998,20000,5715.521105766296
849000,0.013519691303372383,4.734691619873047,4.887733459472656,0.3211997151374817,1.0,0.25491321086883545,0.09999999999999998,20000,5721.348258018494
850000,0.01737484708428383,4.805726051330566,4.78414249420166,0.30271950364112854,1.0,0.4068123698234558,0.09999999999999998,20000,5727.705688714981
851000,0.009243741631507874,4.6479363441467285,4.710353851318359,0.27909737825393677,1.0,0.21577595174312592,0.09999999999999998,20000,5739.877160787582
852000,0.023704957216978073,4.456927299499512,4.455024719238281,0.4149545729160309,1.0,0.28778839111328125,0.09999999999999998,20000,5744.077863931656
853000,0.016371307894587517,3.936535358428955,3.898061752319336,0.38399046659469604,1.0,0.24190296232700348,0.09999999999999998,20000,5748.852896928787
854000,0.009409584105014801,4.754709720611572,4.6947407722473145,0.3394577205181122,1.0,0.17660510540008545,0.09999999999999998,20000,5755.946586847305
855000,0.016079634428024292,4.742538928985596,4.873324394226074,0.3678470253944397,1.0,0.24727536737918854,0.09999999999999998,20000,5761.1408569812775
856000,0.005604407284408808,5.021400451660156,5.025415420532227,0.27996164560317993,1.0,0.14251744747161865,0.09999999999999998,20000,5766.928186893463
857000,0.007960879243910313,5.115289211273193,5.086679935455322,0.34965240955352783,1.0,0.16149619221687317,0.09999999999999998,20000,5773.370082855225
858000,0.01637040264904499,4.561257362365723,4.571962833404541,0.41212108731269836,1.0,0.22013583779335022,0.09999999999999998,20000,5779.507644891739
859000,0.014017675071954727,5.255595684051514,5.460484981536865,0.38442742824554443,1.0,0.2388668805360794,0.09999999999999998,20000,5784.1113159656525
860000,0.018562478944659233,4.668608665466309,4.586348533630371,0.3990738093852997,1.0,0.2903458774089813,0.09999999999999998,20000,5788.202485799789
861000,0.019505316391587257,5.43858528137207,5.600914001464844,0.33704307675361633,1.0,0.2876211404800415,0.09999999999999998,20000,5792.551030874252
862000,0.041175104677677155,4.570225715637207,4.73055362701416,0.41628432273864746,1.0,0.4762627184391022,0.09999999999999998,20000,5799.096576929092
863000,0.02688947692513466,4.736454486846924,4.8275299072265625,0.3554198145866394,1.0,0.44476890563964844,0.09999999999999998,20000,5805.617328882217
864000,0.012470018118619919,4.387811660766602,4.523176193237305,0.32945024967193604,1.0,0.2164720892906189,0.09999999999999998,20000,5811.446753025055
865000,0.01526580099016428,4.712520122528076,4.502873420715332,0.4440387189388275,1.0,0.1945846974849701,0.09999999999999998,20000,5817.213003873825
866000,0.016600731760263443,5.0310845375061035,5.024560928344727,0.3268735408782959,1.0,0.3186136782169342,0.09999999999999998,20000,5823.9728307724
867000,0.017035381868481636,4.714667320251465,4.564177513122559,0.3654470443725586,1.0,0.28565698862075806,0.09999999999999998,20000,5829.548073768616
868000,0.019388383254408836,4.950961112976074,4.9525909423828125,0.399441123008728,1.0,0.24359337985515594,0.09999999999999998,20000,5835.886169672012
869000,0.010154500603675842,4.734287261962891,4.715432643890381,0.2913622260093689,1.0,0.24969163537025452,0.09999999999999998,20000,5841.78017783165
870000,0.00622937036678195,4.958174228668213,4.973099708557129,0.29823264479637146,1.0,0.16667678952217102,0.09999999999999998,20000,5847.786181688309
871000,0.008639635518193245,5.139315605163574,5.163052082061768,0.28435444831848145,1.0,0.23087045550346375,0.09999999999999998,20000,5853.431795835495
872000,0.026414748281240463,4.091489791870117,4.258409023284912,0.4470342993736267,1.0,0.30571919679641724,0.09999999999999998,20000,5858.617041826248
873000,0.007088940124958754,5.122483730316162,5.253422260284424,0.2930797040462494,1.0,0.18993300199508667,0.09999999999999998,20000,5862.858549833298
874000,0.023077942430973053,4.271602630615234,4.160998821258545,0.4804108738899231,1.0,0.2518245279788971,0.09999999999999998,20000,5867.192042827606
875000,0.01084304042160511,4.510221481323242,4.438083648681641,0.2821698486804962,1.0,0.3004252314567566,0.09999999999999998,20000,5873.680516719818
876000,0.00794109795242548,4.315437316894531,4.295360565185547,0.346124529838562,1.0,0.1443099081516266,0.09999999999999998,20000,5880.678767681122
877000,0.016115624457597733,4.9591474533081055,4.775124549865723,0.44293326139450073,1.0,0.252427339553833,0.09999999999999998,20000,5886.575542926788
878000,0.01839326322078705,4.412863731384277,4.5496416091918945,0.376800537109375,1.0,0.26951271295547485,0.09999999999999998,20000,5892.413294792175
879000,0.012229467742145061,4.889772415161133,4.936565399169922,0.30010122060775757,1.0,0.27745184302330017,0.09999999999999998,20000,5898.442737817764
880000,0.01653383858501911,4.92067813873291,4.9845991134643555,0.34798359870910645,1.0,0.306558221578598,0.09999999999999998,20000,5904.748778820038
881000,0.031242534518241882,4.753296852111816,4.662257671356201,0.37310734391212463,1.0,0.4359254837036133,0.09999999999999998,20000,5910.426372766495
882000,0.005388486664742231,4.710563659667969,4.701422691345215,0.2975795567035675,1.0,0.14395639300346375,0.09999999999999998,20000,5916.494626998901
883000,0.013566026464104652,5.039550304412842,5.171799659729004,0.37918969988822937,1.0,0.2182127833366394,0.09999999999999998,20000,5922.773092746735
884000,0.020093586295843124,4.4467267990112305,4.329473495483398,0.41481316089630127,1.0,0.3247517943382263,0.09999999999999998,20000,5929.149520874023
885000,0.014627457596361637,4.484358787536621,4.628777503967285,0.33104097843170166,1.0,0.2803507149219513,0.09999999999999998,20000,5934.043735980988
886000,0.011165003292262554,5.182802677154541,5.111630916595459,0.3172680139541626,1.0,0.2684312164783478,0.09999999999999998,20000,5938.255862951279
887000,0.001970839686691761,4.6671624183654785,4.580574035644531,0.35114604234695435,1.0,0.07314736396074295,0.09999999999999998,20000,5942.698345899582
888000,0.01639520563185215,4.900806427001953,4.906816005706787,0.3775142431259155,1.0,0.2690817713737488,0.09999999999999998,20000,5947.727232933044
889000,0.005514893680810928,4.615639686584473,4.563515663146973,0.36360758543014526,1.0,0.10968855768442154,0.09999999999999998,20000,5955.528571844101
890000,0.013031542301177979,4.766361713409424,4.691413879394531,0.33724501729011536,1.0,0.2984549403190613,0.09999999999999998,20000,5961.348061800003
891000,0.0379997193813324,4.688712120056152,4.618895530700684,0.4826657772064209,1.0,0.3485088050365448,0.09999999999999998,20000,5967.419933795929
892000,0.01581839844584465,4.6072187423706055,4.514767646789551,0.3370262384414673,1.0,0.2498544454574585,0.09999999999999998,20000,5973.774212837219
893000,0.02645983174443245,5.211658477783203,5.297747611999512,0.44978857040405273,1.0,0.25459179282188416,0.09999999999999998,20000,5979.230585098267
894000,0.03258005529642105,4.744516372680664,4.718564033508301,0.42741692066192627,1.0,0.3709578514099121,0.09999999999999998,20000,5985.874647855759
895000,0.02076828107237816,4.143988609313965,4.219308853149414,0.4589589238166809,1.0,0.25817131996154785,0.09999999999999998,20000,5992.397430896759
896000,0.01587764546275139,4.936453819274902,5.147169589996338,0.34999483823776245,1.0,0.28090572357177734,0.09999999999999998,20000,5998.020115852356
897000,0.02486482821404934,4.460577011108398,4.590231895446777,0.3388858437538147,1.0,0.34523913264274597,0.09999999999999998,20000,6004.4375286102295
898000,0.01680925488471985,4.371517181396484,4.23686408996582,0.33813565969467163,1.0,0.2792831063270569,0.09999999999999998,20000,6010.342289924622
899000,0.03137635067105293,4.833356857299805,4.588192939758301,0.45758673548698425,1.0,0.3219727873802185,0.09999999999999998,20000,6014.572299957275
900000,0.016709258779883385,4.679996490478516,4.633275508880615,0.3340564966201782,1.0,0.31300854682922363,0.09999999999999998,20000,6018.877449989319
901000,0.037966351956129074,5.088498115539551,5.189546585083008,0.41156280040740967,1.0,0.4043705463409424,0.09999999999999998,20000,6032.426913022995
902000,0.009110795333981514,4.579880714416504,4.730667591094971,0.4010617434978485,1.0,0.19302250444889069,0.09999999999999998,20000,6037.03311085701
903000,0.006008064839988947,5.0111165046691895,5.067558288574219,0.282266229391098,1.0,0.1862746924161911,0.09999999999999998,20000,6041.2267236709595
904000,0.016814446076750755,5.015507221221924,5.021902084350586,0.3555310368537903,1.0,0.29154878854751587,0.09999999999999998,20000,6045.866237878799
905000,0.011087274178862572,4.477205753326416,4.380170822143555,0.3501848876476288,1.0,0.2308572679758072,0.09999999999999998,20000,6051.295549869537
906000,0.010210130363702774,5.112168312072754,5.075289249420166,0.2900207042694092,1.0,0.24844062328338623,0.09999999999999998,20000,6056.177760839462
907000,0.014587684534490108,5.054276466369629,5.022099494934082,0.4300423860549927,1.0,0.20945966243743896,0.09999999999999998,20000,6065.17070889473
908000,0.025227230042219162,4.6861419677734375,4.752766132354736,0.4967567026615143,1.0,0.2692773938179016,0.09999999999999998,20000,6070.287922859192
909000,0.024370690807700157,4.122673034667969,4.1922149658203125,0.41374388337135315,1.0,0.40613794326782227,0.09999999999999998,20000,6075.387225866318
910000,0.02925899438560009,4.901281356811523,5.105019569396973,0.39536720514297485,1.0,0.38319098949432373,0.09999999999999998,20000,6081.603091955185
911000,0.021623611450195312,4.411814212799072,4.427754878997803,0.5451350212097168,1.0,0.2160027027130127,0.09999999999999998,20000,6087.141412734985
912000,0.011620914563536644,4.956108093261719,4.837998390197754,0.3743876814842224,1.0,0.1895536184310913,0.09999999999999998,20000,6091.230592012405
913000,0.010547730140388012,4.648395538330078,4.723357677459717,0.4227369725704193,1.0,0.1845037341117859,0.09999999999999998,20000,6095.651976823807
914000,0.024364888668060303,4.652171611785889,4.796848297119141,0.3873383104801178,1.0,0.35315078496932983,0.09999999999999998,20000,6100.633778810501
915000,0.010164778679609299,4.78874397277832,4.82328987121582,0.42066842317581177,1.0,0.16458389163017273,0.09999999999999998,20000,6108.741132974625
916000,0.01491901557892561,4.8556413650512695,4.610130310058594,0.345828652381897,1.0,0.2836620807647705,0.09999999999999998,20000,6115.337716817856
917000,0.007411718834191561,4.593644142150879,4.479971408843994,0.4076957702636719,1.0,0.13135966658592224,0.09999999999999998,20000,6121.108717918396
918000,0.008512082509696484,4.735058307647705,4.626029968261719,0.374880850315094,1.0,0.1757296323776245,0.09999999999999998,20000,6127.73716878891
919000,0.019941676408052444,4.775017261505127,4.969542503356934,0.3068220615386963,1.0,0.43686264753341675,0.09999999999999998,20000,6133.55287194252
920000,0.019453249871730804,5.070808410644531,5.021036148071289,0.3123193681240082,1.0,0.35586416721343994,0.09999999999999998,20000,6139.945967674255
921000,0.02501852810382843,4.976844310760498,4.962698936462402,0.36489540338516235,1.0,0.3227319121360779,0.09999999999999998,20000,6145.804661989212
922000,0.010134749114513397,4.707222938537598,4.728770732879639,0.3554108440876007,1.0,0.20141442120075226,0.09999999999999998,20000,6151.467998981476
923000,0.017746970057487488,4.8072309494018555,4.907000541687012,0.43426331877708435,1.0,0.24261412024497986,0.09999999999999998,20000,6158.347774982452
924000,0.013080524280667305,4.591710567474365,4.566108703613281,0.3672288656234741,1.0,0.2779909670352936,0.09999999999999998,20000,6163.610639810562
925000,0.011696030385792255,4.862828254699707,4.997976303100586,0.30096784234046936,1.0,0.28641653060913086,0.09999999999999998,20000,6167.973786830902
926000,0.014393715187907219,4.953417778015137,4.983804225921631,0.3425726890563965,1.0,0.27757155895233154,0.09999999999999998,20000,6172.540423870087
927000,0.010368995368480682,4.4281325340271,4.30789852142334,0.2891789674758911,1.0,0.2604829967021942,0.09999999999999998,20000,6177.3995449543
928000,0.025736887007951736,4.792855262756348,4.853011131286621,0.4244145154953003,1.0,0.2864466607570648,0.09999999999999998,20000,6185.006427764893
929000,0.0071435654535889626,4.451265335083008,4.385442733764648,0.2615427076816559,1.0,0.2552359104156494,0.09999999999999998,20000,6190.785399913788
930000,0.004101645201444626,4.726590156555176,4.671600341796875,0.33132705092430115,1.0,0.1113971546292305,0.09999999999999998,20000,6196.712835073471
931000,0.01399325206875801,4.5347185134887695,4.48030948638916,0.30227991938591003,1.0,0.25945597887039185,0.09999999999999998,20000,6203.129016876221
932000,0.01675451546907425,4.166943550109863,3.9739201068878174,0.40698763728141785,1.0,0.23645734786987305,0.09999999999999998,20000,6209.088356733322
933000,0.019811678677797318,4.186151504516602,4.270410537719727,0.3638342618942261,1.0,0.30083000659942627,0.09999999999999998,20000,6215.043993711472
934000,0.026967450976371765,4.085595607757568,3.948880195617676,0.3568969964981079,1.0,0.390402615070343,0.09999999999999998,20000,6221.087985754013
935000,0.004649005830287933,4.386404037475586,4.348979473114014,0.20771044492721558,1.0,0.18892472982406616,0.09999999999999998,20000,6226.887122869492
936000,0.010946263559162617,4.906839370727539,4.921057224273682,0.2650190591812134,1.0,0.2906045913696289,0.09999999999999998,20000,6235.774711847305
937000,0.011781122535467148,4.762416839599609,4.68939733505249,0.362962007522583,1.0,0.25425681471824646,0.09999999999999998,20000,6240.170680999756
938000,0.019176963716745377,4.445103168487549,4.5254974365234375,0.31110572814941406,1.0,0.4439701437950134,0.09999999999999998,20000,6244.341208696365
939000,0.017111996188759804,4.565709590911865,4.480337619781494,0.3851187527179718,1.0,0.21928344666957855,0.09999999999999998,20000,6248.844554901123
940000,0.02761906571686268,4.931497573852539,4.959403991699219,0.38346293568611145,1.0,0.4075188636779785,0.09999999999999998,20000,6253.7424659729
941000,0.014091516844928265,4.513477802276611,4.604344367980957,0.3062431812286377,1.0,0.2945258915424347,0.09999999999999998,20000,6261.787808895111
942000,0.010805699974298477,5.135407447814941,5.232322692871094,0.3183583617210388,1.0,0.21309298276901245,0.09999999999999998,20000,6267.882270812988
943000,0.010799577459692955,4.765005588531494,4.80876350402832,0.33120810985565186,1.0,0.25645187497138977,0.09999999999999998,20000,6273.558970689774
944000,0.03183358907699585,5.108872413635254,5.140782356262207,0.4126735329627991,1.0,0.4002645015716553,0.09999999999999998,20000,6279.746246814728
945000,0.02448301948606968,5.110753536224365,5.029200553894043,0.39758989214897156,1.0,0.31860142946243286,0.09999999999999998,20000,6285.725511789322
946000,0.015269564464688301,4.7928924560546875,4.916400909423828,0.3135184347629547,1.0,0.3250928521156311,0.09999999999999998,20000,6291.647015810013
947000,0.008918541483581066,5.046867370605469,5.170884609222412,0.30819523334503174,1.0,0.22762411832809448,0.09999999999999998,20000,6297.432559728622
948000,0.0017691768007352948,5.0724687576293945,5.042461395263672,0.36444082856178284,1.0,0.05688990652561188,0.09999999999999998,20000,6303.362929821014
949000,0.008763495832681656,4.982212066650391,4.948591709136963,0.2424353063106537,1.0,0.28507205843925476,0.09999999999999998,20000,6310.019035816193
950000,0.017546869814395905,5.438305377960205,5.467442035675049,0.3218734860420227,1.0,0.32739078998565674,0.09999999999999998,20000,6315.130487918854
951000,0.012223871424794197,4.239719390869141,4.226702690124512,0.2949879765510559,1.0,0.22304853796958923,0.09999999999999998,20000,6325.877896785736
952000,0.009066363796591759,5.071628093719482,5.089582443237305,0.18395771086215973,1.0,0.3789300322532654,0.09999999999999998,20000,6330.65092587471
953000,0.017614642158150673,4.811273574829102,4.75283145904541,0.319324791431427,1.0,0.29188692569732666,0.09999999999999998,20000,6337.037584781647
954000,0.008965495973825455,4.62371301651001,4.751801013946533,0.2429586946964264,1.0,0.26174265146255493,0.09999999999999998,20000,6342.933721780777
955000,0.00906510278582573,4.5972795486450195,4.494039535522461,0.3457077741622925,1.0,0.20096324384212494,0.09999999999999998,20000,6351.532665014267
956000,0.007295557297766209,4.723727703094482,4.735414505004883,0.2513146996498108,1.0,0.24287444353103638,0.09999999999999998,20000,6356.790480852127
957000,0.011747819371521473,4.881603717803955,4.92632532119751,0.272306889295578,1.0,0.31373900175094604,0.09999999999999998,20000,6363.694527864456
958000,0.007060508243739605,4.795387268066406,4.803914546966553,0.3163851797580719,1.0,0.21465176343917847,0.09999999999999998,20000,6369.462563037872
959000,0.006126991473138332,4.8023481369018555,4.7151994705200195,0.31154388189315796,1.0,0.164448082447052,0.09999999999999998,20000,6375.76594877243
960000,0.037010930478572845,4.71759033203125,4.8728814125061035,0.39595088362693787,1.0,0.4510873556137085,0.09999999999999998,20000,6382.263966798782
961000,0.0014466457068920135,4.282899856567383,4.297214508056641,0.341217577457428,1.0,0.051453713327646255,0.09999999999999998,20000,6388.182248830795
962000,0.01164039596915245,4.330349922180176,4.30802583694458,0.27995964884757996,1.0,0.29634031653404236,0.09999999999999998,20000,6392.8480389118195
963000,0.008287771604955196,4.491324424743652,4.293460369110107,0.2785394489765167,1.0,0.19814440608024597,0.09999999999999998,20000,6397.139790773392
964000,0.02961711585521698,4.3614044189453125,4.200300216674805,0.3910064399242401,1.0,0.3936832547187805,0.09999999999999998,20000,6401.600157737732
965000,0.011371031403541565,4.787762641906738,4.738206386566162,0.2769017219543457,1.0,0.30694788694381714,0.09999999999999998,20000,6408.314398765564
966000,0.015618295408785343,4.218247413635254,4.311464309692383,0.32898658514022827,1.0,0.30247655510902405,0.09999999999999998,20000,6415.514555692673
967000,0.01443387195467949,4.935003280639648,4.983532905578613,0.3147071599960327,1.0,0.28214970231056213,0.09999999999999998,20000,6420.668432712555
968000,0.006099754944443703,4.412508964538574,4.376665115356445,0.3155922293663025,1.0,0.16448204219341278,0.09999999999999998,20000,6427.171864032745
969000,0.00552566209807992,4.4046854972839355,4.399607181549072,0.2710280120372772,1.0,0.16752880811691284,0.09999999999999998,20000,6433.329841852188
970000,0.00786174088716507,4.436563491821289,4.5076117515563965,0.27731141448020935,1.0,0.24507761001586914,0.09999999999999998,20000,6439.60617184639
971000,0.021708067506551743,4.495219707489014,4.431206703186035,0.37484294176101685,1.0,0.2747851014137268,0.09999999999999998,20000,6446.8292899131775
972000,0.00822839979082346,4.792471408843994,4.777898788452148,0.24422264099121094,1.0,0.2798054814338684,0.09999999999999998,20000,6452.228765964508
973000,0.01693931221961975,4.299827575683594,4.131134986877441,0.36543646454811096,1.0,0.30841171741485596,0.09999999999999998,20000,6458.576098918915
974000,0.05359979718923569,4.366653919219971,4.179751873016357,0.4606309235095978,1.0,0.5019914507865906,0.09999999999999998,20000,6464.2440969944
975000,0.009206823073327541,4.2925639152526855,4.378087520599365,0.28807249665260315,1.0,0.19624528288841248,0.09999999999999998,20000,6469.672624826431
976000,0.008676717057824135,4.814591407775879,4.838974952697754,0.3240489363670349,1.0,0.1429569125175476,0.09999999999999998,20000,6473.945377826691
977000,0.009832811541855335,4.406276226043701,4.461586952209473,0.30806607007980347,1.0,0.24848423898220062,0.09999999999999998,20000,6478.156018733978
978000,0.018055565655231476,4.718372821807861,4.553682327270508,0.37760257720947266,1.0,0.28235113620758057,0.09999999999999998,20000,6484.108910083771
979000,0.0049374522641301155,4.487825870513916,4.384841442108154,0.23050451278686523,1.0,0.18460890650749207,0.09999999999999998,20000,6491.240638971329
980000,0.0074613019824028015,4.646116733551025,4.452932357788086,0.40083515644073486,1.0,0.14138679206371307,0.09999999999999998,20000,6496.732640981674
981000,0.019188696518540382,4.738481521606445,4.84376335144043,0.34318315982818604,1.0,0.37036895751953125,0.09999999999999998,20000,6503.265414714813
982000,0.0239294171333313,4.149529933929443,4.101469993591309,0.4174797832965851,1.0,0.32942867279052734,0.09999999999999998,20000,6508.946346998215
983000,0.020198825746774673,4.433562278747559,4.376592636108398,0.40806907415390015,1.0,0.27633628249168396,0.09999999999999998,20000,6515.015518903732
984000,0.006857683882117271,4.936634063720703,4.8678483963012695,0.20833119750022888,1.0,0.2780764102935791,0.09999999999999998,20000,6521.402179718018
985000,0.013034695759415627,4.341411590576172,4.289064407348633,0.2964481711387634,1.0,0.33303332328796387,0.09999999999999998,20000,6527.321905851364
986000,0.004082485102117062,4.474902629852295,4.462713241577148,0.3189510107040405,1.0,0.07373456656932831,0.09999999999999998,20000,6533.745965957642
987000,0.008580467663705349,4.570128440856934,4.762802600860596,0.33565443754196167,1.0,0.17194944620132446,0.09999999999999998,20000,6539.1635389328
988000,0.008094972930848598,4.65040397644043,4.637558937072754,0.2620742917060852,1.0,0.2657880187034607,0.09999999999999998,20000,6544.89494395256
989000,0.0069357166066765785,4.584052085876465,4.570316314697266,0.36624860763549805,1.0,0.14535698294639587,0.09999999999999998,20000,6549.103298902512
990000,0.01616763509809971,4.572207450866699,4.560569763183594,0.3152504563331604,1.0,0.3502122163772583,0.09999999999999998,20000,6553.331463813782
991000,0.00675720302388072,4.908010482788086,5.074468612670898,0.3150891363620758,1.0,0.13980042934417725,0.09999999999999998,20000,6558.035844802856
992000,0.009609321132302284,4.318643093109131,4.174788951873779,0.3914908766746521,1.0,0.14929595589637756,0.09999999999999998,20000,6565.965816020966
993000,0.004992799833416939,4.529465675354004,4.441503524780273,0.4281448721885681,1.0,0.10341620445251465,0.09999999999999998,20000,6571.980217695236
994000,0.020933203399181366,4.921896457672119,4.872806549072266,0.49020737409591675,1.0,0.21231475472450256,0.09999999999999998,20000,6576.64675283432
995000,0.011574743315577507,4.842833518981934,4.93753719329834,0.2979348599910736,1.0,0.24482381343841553,0.09999999999999998,20000,6583.342010736465
996000,0.007030984852463007,4.613711357116699,4.63192081451416,0.25707364082336426,1.0,0.22253242135047913,0.09999999999999998,20000,6589.789315700531
997000,0.020575955510139465,4.828150749206543,4.817327499389648,0.2571939527988434,1.0,0.46054649353027344,0.09999999999999998,20000,6594.84344291687
998000,0.006257497705519199,4.52699089050293,4.413503646850586,0.3511478006839752,1.0,0.13944505155086517,0.09999999999999998,20000,6601.349141836166
999000,0.009221790358424187,4.690492630004883,4.670684814453125,0.2821897268295288,1.0,0.27974849939346313,0.09999999999999998,20000,6607.402081012726
1000000,0.01801024191081524,5.126906871795654,5.15022087097168,0.36298343539237976,1.0,0.3163468837738037,0.09999999999999998,20000,6613.472809791565
