paso_global,loss,q_promedio,target_promedio,error_td_promedio,beta_per,peso_importancia_promedio,epsilon,tamano_buffer,tiempo_segundos
1010000,0.0714031308889389,4.894770622253418,4.822958946228027,0.2961864471435547,1.0,1.0,0.09999999999999998,9996,21.010576009750366
1011000,0.02741297334432602,4.425649166107178,4.423471450805664,0.33965814113616943,1.0,0.3168924152851105,0.09999999999999998,10996,27.275933980941772
1012000,0.02936186082661152,5.166592121124268,5.158740043640137,0.32918834686279297,1.0,0.4321925938129425,0.09999999999999998,11996,33.56292486190796
1013000,0.04295535385608673,5.04066276550293,4.908622741699219,0.4283413887023926,1.0,0.40586745738983154,0.09999999999999998,12996,39.86190581321716
1014000,0.007485429756343365,4.991454124450684,5.084973335266113,0.23970550298690796,1.0,0.2604130208492279,0.09999999999999998,13996,46.05740308761597
1015000,0.017180250957608223,4.800117492675781,4.720125675201416,0.34939906001091003,1.0,0.2876686155796051,0.09999999999999998,14996,51.902097940444946
1016000,0.009684134274721146,5.048547744750977,5.10416316986084,0.27423295378685,1.0,0.27656495571136475,0.09999999999999998,15996,57.94771099090576
1017000,0.031971126794815063,4.522926330566406,4.500916481018066,0.4094838500022888,1.0,0.36528724431991577,0.09999999999999998,16996,63.90939474105835
1018000,0.0060425372794270515,4.623221397399902,4.687211036682129,0.35339486598968506,1.0,0.1164851188659668,0.09999999999999998,17996,70.28594875335693
1019000,0.013530431315302849,4.433899402618408,4.43579626083374,0.3116105794906616,1.0,0.29210442304611206,0.09999999999999998,18996,76.43482375144958
1020000,0.012048917822539806,4.754531383514404,4.801458835601807,0.3123173117637634,1.0,0.18933063745498657,0.09999999999999998,19996,82.8913221359253
1021000,0.00939197652041912,4.787745475769043,4.878633975982666,0.26999431848526,1.0,0.26491713523864746,0.09999999999999998,20000,89.06848978996277
1022000,0.0025777816772460938,4.88939094543457,4.85047721862793,0.2473156750202179,1.0,0.09070684760808945,0.09999999999999998,20000,95.15452098846436
1023000,0.02733539417386055,4.540097236633301,4.656097412109375,0.5686468482017517,1.0,0.2716735303401947,0.09999999999999998,20000,101.42943406105042
1024000,0.0074823517352342606,4.364302635192871,4.380095958709717,0.30846020579338074,1.0,0.18267005681991577,0.09999999999999998,20000,107.5907199382782
1025000,0.0043473741970956326,5.298636436462402,5.219810485839844,0.37313371896743774,1.0,0.09601075947284698,0.09999999999999998,20000,113.72513699531555
1026000,0.01692863740026951,4.851202964782715,4.968896865844727,0.2611650824546814,1.0,0.4165653586387634,0.09999999999999998,20000,119.83623480796814
1027000,0.04378344118595123,4.557557106018066,4.458520889282227,0.38863271474838257,1.0,0.5232522487640381,0.09999999999999998,20000,125.85153293609619
1028000,0.0029938642401248217,4.5677571296691895,4.455693244934082,0.4042151868343353,1.0,0.08535649627447128,0.09999999999999998,20000,131.86925983428955
1029000,0.005504811182618141,4.884978294372559,4.912796497344971,0.2885434627532959,1.0,0.15137511491775513,0.09999999999999998,20000,137.81521081924438
1030000,0.01611323282122612,4.204717636108398,4.173533916473389,0.34667640924453735,1.0,0.29787176847457886,0.09999999999999998,20000,144.18240880966187
1031000,0.005082530435174704,4.34765100479126,4.2034196853637695,0.3250817060470581,1.0,0.07476983964443207,0.09999999999999998,20000,150.98794293403625
1032000,0.009948479011654854,5.100366592407227,5.012932300567627,0.3722839951515198,1.0,0.20439177751541138,0.09999999999999998,20000,157.11072397232056
1033000,0.019650336354970932,4.313623428344727,4.239007949829102,0.3261708617210388,1.0,0.35098981857299805,0.09999999999999998,20000,163.13330602645874
1034000,0.020878812298178673,4.28027868270874,4.202976703643799,0.35745251178741455,1.0,0.3508421778678894,0.09999999999999998,20000,169.2963969707489
1035000,0.013493011705577374,4.777786731719971,4.878351211547852,0.34932151436805725,1.0,0.2594245374202728,0.09999999999999998,20000,175.62422013282776
1036000,0.02295628935098648,4.640780448913574,4.767859935760498,0.37392526865005493,1.0,0.3401063084602356,0.09999999999999998,20000,181.7875781059265
1037000,0.0029557617381215096,4.7802348136901855,4.773124694824219,0.32693788409233093,1.0,0.08438050746917725,0.09999999999999998,20000,187.70405292510986
1038000,0.023713650181889534,4.97551965713501,4.914307594299316,0.4673784673213959,1.0,0.28810471296310425,0.09999999999999998,20000,194.08513402938843
1039000,0.030564088374376297,4.876490592956543,5.011174201965332,0.4615638852119446,1.0,0.3552951514720917,0.09999999999999998,20000,200.1619029045105
1040000,0.02700619027018547,4.500988006591797,4.464970111846924,0.41999030113220215,1.0,0.32098323106765747,0.09999999999999998,20000,206.03552198410034
1041000,0.015934357419610023,4.293398380279541,4.212146282196045,0.3437242805957794,1.0,0.27144813537597656,0.09999999999999998,20000,211.77603387832642
1042000,0.01295591052621603,4.822234630584717,4.965458393096924,0.37718433141708374,1.0,0.18434831500053406,0.09999999999999998,20000,217.58976101875305
1043000,0.0159669890999794,4.445631504058838,4.423422813415527,0.3134026527404785,1.0,0.32033830881118774,0.09999999999999998,20000,223.87398076057434
1044000,0.008472524583339691,4.678894996643066,4.697491645812988,0.37538447976112366,1.0,0.13743384182453156,0.09999999999999998,20000,230.1916651725769
1045000,0.008507413789629936,4.350301742553711,4.532228469848633,0.3779006898403168,1.0,0.1553410440683365,0.09999999999999998,20000,236.2526319026947
1046000,0.00994233787059784,4.620920181274414,4.591172218322754,0.2916383445262909,1.0,0.2627885341644287,0.09999999999999998,20000,242.48769307136536
1047000,0.004741007462143898,4.750082015991211,4.663284778594971,0.35914501547813416,1.0,0.11253044009208679,0.09999999999999998,20000,248.60321497917175
1048000,0.025677889585494995,4.81341552734375,4.734855651855469,0.4250100553035736,1.0,0.36281174421310425,0.09999999999999998,20000,254.76895689964294
1049000,0.00517871743068099,4.995721340179443,4.984930038452148,0.33381742238998413,1.0,0.123906709253788,0.09999999999999998,20000,261.14762902259827
1050000,0.017672333866357803,4.56179141998291,4.398825645446777,0.5078432559967041,1.0,0.1846599280834198,0.09999999999999998,20000,267.3708441257477
1051000,0.011541709303855896,4.532930374145508,4.525691032409668,0.2927922010421753,1.0,0.21405339241027832,0.09999999999999998,20000,280.5794599056244
1052000,0.007250384893268347,4.831357955932617,4.799980640411377,0.2631327211856842,1.0,0.19681209325790405,0.09999999999999998,20000,286.37438201904297
1053000,0.030110863968729973,4.4680938720703125,4.407805919647217,0.49050372838974,1.0,0.27310746908187866,0.09999999999999998,20000,292.14463686943054
1054000,0.0061517031863331795,4.771548271179199,4.721494674682617,0.3854803740978241,1.0,0.13837480545043945,0.09999999999999998,20000,297.87585186958313
1055000,0.00542052136734128,4.644028186798096,4.527746200561523,0.2708578109741211,1.0,0.15330463647842407,0.09999999999999998,20000,303.60432982444763
1056000,0.024828337132930756,4.192497253417969,4.204799175262451,0.38846468925476074,1.0,0.3757863938808441,0.09999999999999998,20000,309.85518884658813
1057000,0.013435890898108482,4.936018466949463,4.7615814208984375,0.3111700415611267,1.0,0.33707964420318604,0.09999999999999998,20000,316.12776279449463
1058000,0.009340619668364525,4.395118713378906,4.361179351806641,0.35951536893844604,1.0,0.201262965798378,0.09999999999999998,20000,322.2906107902527
1059000,0.009840046986937523,4.583776473999023,4.424510478973389,0.3483070731163025,1.0,0.19085907936096191,0.09999999999999998,20000,328.4604330062866
1060000,0.012178318575024605,4.548906326293945,4.563686370849609,0.3355092406272888,1.0,0.24460670351982117,0.09999999999999998,20000,334.66560411453247
1061000,0.010985186323523521,4.785078048706055,4.842861175537109,0.2982372045516968,1.0,0.2809009552001953,0.09999999999999998,20000,340.8377969264984
1062000,0.008403134532272816,4.606958389282227,4.586794376373291,0.2588181495666504,1.0,0.21514329314231873,0.09999999999999998,20000,346.8457131385803
1063000,0.012332596816122532,4.560582160949707,4.695526123046875,0.3129059672355652,1.0,0.25579583644866943,0.09999999999999998,20000,352.9918508529663
1064000,0.019670121371746063,4.387450218200684,4.240638732910156,0.3580159842967987,1.0,0.3189060091972351,0.09999999999999998,20000,359.03895592689514
1065000,0.014370462857186794,4.394173622131348,4.412418842315674,0.310035765171051,1.0,0.2971019744873047,0.09999999999999998,20000,364.90022897720337
1066000,0.013582706451416016,4.45846700668335,4.4100751876831055,0.2296367734670639,1.0,0.4083951711654663,0.09999999999999998,20000,370.8222210407257
1067000,0.009042849764227867,4.929530143737793,4.953114032745361,0.2479206919670105,1.0,0.3159254491329193,0.09999999999999998,20000,376.84371399879456
1068000,0.030099011957645416,4.682075023651123,4.561494827270508,0.33988314867019653,1.0,0.5058853030204773,0.09999999999999998,20000,383.1685779094696
1069000,0.016427742317318916,4.597055435180664,4.7444586753845215,0.3219452500343323,1.0,0.3685340881347656,0.09999999999999998,20000,389.3177058696747
1070000,0.0054268743842840195,4.763041973114014,4.799123764038086,0.28965234756469727,1.0,0.1584867238998413,0.09999999999999998,20000,395.4829649925232
1071000,0.007661547511816025,5.279987812042236,5.312687397003174,0.3780578374862671,1.0,0.11407305300235748,0.09999999999999998,20000,401.68616700172424
1072000,0.0077779097482562065,4.897468090057373,4.899500846862793,0.2390744686126709,1.0,0.26412612199783325,0.09999999999999998,20000,407.79332971572876
1073000,0.01816200651228428,4.398061275482178,4.402372360229492,0.4516666531562805,1.0,0.22216008603572845,0.09999999999999998,20000,413.9738700389862
1074000,0.024127496406435966,5.012785911560059,4.926464080810547,0.45634493231773376,1.0,0.2603917121887207,0.09999999999999998,20000,420.13182497024536
1075000,0.01039975881576538,4.670679092407227,4.728964805603027,0.3423519730567932,1.0,0.20756790041923523,0.09999999999999998,20000,426.5125308036804
1076000,0.0387045294046402,4.522496223449707,4.558042526245117,0.28489363193511963,1.0,0.2391197830438614,0.09999999999999998,20000,432.71134400367737
1077000,0.006634959019720554,4.699379920959473,4.822368144989014,0.2794606387615204,1.0,0.17864075303077698,0.09999999999999998,20000,438.59337282180786
1078000,0.017476309090852737,4.270378112792969,4.211906433105469,0.31433558464050293,1.0,0.3384123742580414,0.09999999999999998,20000,444.4579758644104
1079000,0.005666918121278286,4.693642616271973,4.688257694244385,0.2571512460708618,1.0,0.16034382581710815,0.09999999999999998,20000,450.2765328884125
1080000,0.008891629055142403,5.072762489318848,5.0096025466918945,0.3270721435546875,1.0,0.1939418613910675,0.09999999999999998,20000,457.3963530063629
1081000,0.016015930101275444,4.719470977783203,4.747756481170654,0.4257144331932068,1.0,0.14764951169490814,0.09999999999999998,20000,463.55510091781616
1082000,0.006757367867976427,5.226388931274414,5.220148086547852,0.31310713291168213,1.0,0.15237905085086823,0.09999999999999998,20000,469.6600170135498
1083000,0.014892777428030968,4.445077896118164,4.474880218505859,0.3071348965167999,1.0,0.3027801513671875,0.09999999999999998,20000,475.8043351173401
1084000,0.015417365357279778,4.790867805480957,4.814547538757324,0.3833985924720764,1.0,0.25300484895706177,0.09999999999999998,20000,481.96938586235046
1085000,0.018762826919555664,4.236576080322266,4.233122825622559,0.35104990005493164,1.0,0.2987826466560364,0.09999999999999998,20000,488.156840801239
1086000,0.014441464096307755,4.253368854522705,4.275369644165039,0.37720340490341187,1.0,0.2265721559524536,0.09999999999999998,20000,494.3796651363373
1087000,0.006912988610565662,4.744619369506836,4.671535015106201,0.31127017736434937,1.0,0.15958397090435028,0.09999999999999998,20000,500.5056188106537
1088000,0.0056167785078287125,4.703156471252441,4.7313995361328125,0.2160772979259491,1.0,0.258932888507843,0.09999999999999998,20000,506.6892421245575
1089000,0.015678325667977333,4.945971488952637,4.84647798538208,0.386410653591156,1.0,0.2778393626213074,0.09999999999999998,20000,513.1970489025116
1090000,0.010423417203128338,4.857146739959717,4.95888614654541,0.28829240798950195,1.0,0.2890459895133972,0.09999999999999998,20000,519.2003059387207
1091000,0.016290150582790375,4.5698394775390625,4.617098808288574,0.34235334396362305,1.0,0.1911563128232956,0.09999999999999998,20000,524.8080108165741
1092000,0.008688179776072502,5.139645576477051,5.169604301452637,0.3000648021697998,1.0,0.1504737138748169,0.09999999999999998,20000,530.6694140434265
1093000,0.005292525514960289,4.279468536376953,4.417330741882324,0.38596615195274353,1.0,0.09308339655399323,0.09999999999999998,20000,536.7357847690582
1094000,0.006718664430081844,4.386895656585693,4.31533145904541,0.27507954835891724,1.0,0.20210087299346924,0.09999999999999998,20000,542.6703798770905
1095000,0.0336243212223053,4.450837135314941,4.457191467285156,0.36423009634017944,1.0,0.4399312436580658,0.09999999999999998,20000,549.0939199924469
1096000,0.01819278858602047,4.666047096252441,4.828866958618164,0.32718324661254883,1.0,0.3655673861503601,0.09999999999999998,20000,555.2497148513794
1097000,0.037502944469451904,4.754717826843262,4.606939315795898,0.3192799687385559,1.0,0.6243855357170105,0.09999999999999998,20000,561.4928030967712
1098000,0.011816589161753654,5.26322078704834,5.310746669769287,0.3185287415981293,1.0,0.2527785897254944,0.09999999999999998,20000,567.5997788906097
1099000,0.03393228352069855,4.706771373748779,4.628503799438477,0.4650895297527313,1.0,0.33841872215270996,0.09999999999999998,20000,573.8779850006104
1100000,0.01522594504058361,4.960195541381836,4.814748764038086,0.38560718297958374,1.0,0.19149520993232727,0.09999999999999998,20000,579.9033451080322
1101000,0.004210232757031918,4.890759468078613,4.984492301940918,0.3230697810649872,1.0,0.09607641398906708,0.09999999999999998,20000,592.7970240116119
1102000,0.012643437832593918,5.300010681152344,5.491698265075684,0.3200724422931671,1.0,0.2561783492565155,0.09999999999999998,20000,598.688982963562
1103000,0.012505315244197845,4.486508369445801,4.469583988189697,0.38035422563552856,1.0,0.21981845796108246,0.09999999999999998,20000,604.4899470806122
1104000,0.007617229595780373,4.968825817108154,4.963102340698242,0.2926824390888214,1.0,0.18010130524635315,0.09999999999999998,20000,610.6253070831299
1105000,0.007785468362271786,4.6158270835876465,4.388969421386719,0.3441482484340668,1.0,0.1565241515636444,0.09999999999999998,20000,617.0706539154053
1106000,0.009218058548867702,5.01348352432251,5.074358940124512,0.37163007259368896,1.0,0.17170974612236023,0.09999999999999998,20000,623.4721579551697
1107000,0.02916935831308365,4.067346572875977,4.043457984924316,0.4460189938545227,1.0,0.3071686923503876,0.09999999999999998,20000,629.2825300693512
1108000,0.018006471917033195,4.963503360748291,5.028099060058594,0.32856905460357666,1.0,0.31772980093955994,0.09999999999999998,20000,635.5951070785522
1109000,0.0039090439677238464,4.473780632019043,4.538202285766602,0.302327036857605,1.0,0.10451889783143997,0.09999999999999998,20000,641.6715018749237
1110000,0.014092044904828072,4.925447463989258,4.834741115570068,0.31777745485305786,1.0,0.3401053547859192,0.09999999999999998,20000,647.8173518180847
1111000,0.010166827589273453,5.011270523071289,5.217122554779053,0.4521196782588959,1.0,0.13893669843673706,0.09999999999999998,20000,654.034383058548
1112000,0.011324646882712841,4.859917640686035,4.938141822814941,0.35032951831817627,1.0,0.23510465025901794,0.09999999999999998,20000,660.0944828987122
1113000,0.02893253043293953,4.685774803161621,4.7243757247924805,0.3411639928817749,1.0,0.45719754695892334,0.09999999999999998,20000,666.4102880954742
1114000,0.012476309202611446,4.227900505065918,4.182156085968018,0.3059152364730835,1.0,0.29179245233535767,0.09999999999999998,20000,672.660071849823
1115000,0.013372253626585007,5.310030937194824,5.31264591217041,0.3488870859146118,1.0,0.21331234276294708,0.09999999999999998,20000,678.6687369346619
1116000,0.005314121954143047,5.180607795715332,5.439399719238281,0.43294551968574524,1.0,0.09625169634819031,0.09999999999999998,20000,684.5735969543457
1117000,0.011804270558059216,5.117653846740723,5.291200637817383,0.4679681658744812,1.0,0.14024755358695984,0.09999999999999998,20000,690.628112077713
1118000,0.021397192031145096,4.791803359985352,4.749216556549072,0.2973257303237915,1.0,0.4731440544128418,0.09999999999999998,20000,697.0449810028076
1119000,0.018941372632980347,4.757441997528076,4.887814521789551,0.2732822299003601,1.0,0.37335625290870667,0.09999999999999998,20000,703.1950299739838
1120000,0.03677314519882202,5.002676010131836,5.198819160461426,0.36243465542793274,1.0,0.4957730770111084,0.09999999999999998,20000,709.4260740280151
1121000,0.004288764670491219,4.7411298751831055,4.881991386413574,0.33996695280075073,1.0,0.0871679037809372,0.09999999999999998,20000,715.7720060348511
1122000,0.009096002206206322,4.340857982635498,4.152774333953857,0.3578874170780182,1.0,0.17489269375801086,0.09999999999999998,20000,722.4011800289154
1123000,0.007393169216811657,4.5388689041137695,4.615945339202881,0.3484485149383545,1.0,0.17507211863994598,0.09999999999999998,20000,728.6475989818573
1124000,0.01229329127818346,4.884233474731445,4.985654830932617,0.3624972105026245,1.0,0.2082773745059967,0.09999999999999998,20000,734.9862239360809
1125000,0.018162056803703308,4.956754684448242,4.768141746520996,0.5348275899887085,1.0,0.18903371691703796,0.09999999999999998,20000,741.3823668956757
1126000,0.01353928167372942,4.531458854675293,4.4632039070129395,0.32574132084846497,1.0,0.239787295460701,0.09999999999999998,20000,747.7133450508118
1127000,0.016766920685768127,4.927162170410156,5.048229694366455,0.35832512378692627,1.0,0.29341554641723633,0.09999999999999998,20000,753.9182288646698
1128000,0.015229007229208946,4.913851261138916,5.147006511688232,0.3870657682418823,1.0,0.22302670776844025,0.09999999999999998,20000,759.823469877243
1129000,0.016812073066830635,5.005472660064697,5.059642791748047,0.31087327003479004,1.0,0.3804481327533722,0.09999999999999998,20000,765.6954920291901
1130000,0.00901021994650364,4.988578796386719,5.039369583129883,0.36864173412323,1.0,0.16469338536262512,0.09999999999999998,20000,772.7407219409943
1131000,0.004624851047992706,4.688440799713135,4.785905838012695,0.3489197790622711,1.0,0.10069400817155838,0.09999999999999998,20000,779.1810400485992
1132000,0.036399032920598984,3.8760154247283936,3.837250232696533,0.5388710498809814,1.0,0.34310629963874817,0.09999999999999998,20000,785.4902019500732
1133000,0.034781090915203094,5.202454566955566,5.366420269012451,0.4541122019290924,1.0,0.3647031784057617,0.09999999999999998,20000,792.3273341655731
1134000,0.008532286621630192,4.651625633239746,4.662367820739746,0.2581285238265991,1.0,0.25779294967651367,0.09999999999999998,20000,798.4864609241486
1135000,0.018100032582879066,5.111405849456787,5.108928680419922,0.2899736762046814,1.0,0.3869333863258362,0.09999999999999998,20000,804.7782130241394
1136000,0.012957793660461903,4.6370744705200195,4.622241020202637,0.35766106843948364,1.0,0.23256264626979828,0.09999999999999998,20000,810.956316947937
1137000,0.014576705172657967,4.902304172515869,4.897096157073975,0.31632766127586365,1.0,0.29816287755966187,0.09999999999999998,20000,817.1080539226532
1138000,0.026547838002443314,4.403829574584961,4.478054523468018,0.3767080307006836,1.0,0.4194219708442688,0.09999999999999998,20000,823.2575368881226
1139000,0.007380522787570953,4.943641662597656,4.9174370765686035,0.18044283986091614,1.0,0.3747252821922302,0.09999999999999998,20000,829.5045948028564
1140000,0.007483173161745071,4.6385955810546875,4.697939872741699,0.4888078570365906,1.0,0.11304491758346558,0.09999999999999998,20000,835.5908210277557
1141000,0.007802923209965229,4.571552276611328,4.612187385559082,0.34359583258628845,1.0,0.1263805329799652,0.09999999999999998,20000,841.3670709133148
1142000,0.01847582310438156,4.94480037689209,4.906308174133301,0.30338001251220703,1.0,0.3196318745613098,0.09999999999999998,20000,847.2236928939819
1143000,0.009962758980691433,5.066781044006348,5.079654693603516,0.25523507595062256,1.0,0.22717009484767914,0.09999999999999998,20000,852.9748220443726
1144000,0.010509650222957134,4.499172687530518,4.581791877746582,0.22887015342712402,1.0,0.33149436116218567,0.09999999999999998,20000,859.5599930286407
1145000,0.04669363424181938,4.357233047485352,4.133068084716797,0.5773189067840576,1.0,0.37505531311035156,0.09999999999999998,20000,865.80917096138
1146000,0.022515077143907547,4.587360382080078,4.590374946594238,0.40648406744003296,1.0,0.2816270887851715,0.09999999999999998,20000,871.782350063324
1147000,0.030890177935361862,4.5554399490356445,4.6110382080078125,0.5011837482452393,1.0,0.32529202103614807,0.09999999999999998,20000,878.0507130622864
1148000,0.0190269835293293,4.985237121582031,5.214619159698486,0.39232170581817627,1.0,0.29028576612472534,0.09999999999999998,20000,884.125207901001
1149000,0.026418209075927734,5.197404861450195,5.072175025939941,0.39000120759010315,1.0,0.35488632321357727,0.09999999999999998,20000,890.4688718318939
1150000,0.03480212390422821,4.404862403869629,4.431674957275391,0.623400092124939,1.0,0.23922879993915558,0.09999999999999998,20000,896.7180898189545
1151000,0.017458193004131317,4.9458770751953125,5.080500602722168,0.3616703152656555,1.0,0.26434895396232605,0.09999999999999998,20000,909.9278781414032
1152000,0.028060628101229668,4.772829055786133,4.997193336486816,0.43676406145095825,1.0,0.3085175156593323,0.09999999999999998,20000,915.9099690914154
1153000,0.012518094852566719,4.130931377410889,4.199474334716797,0.3187955915927887,1.0,0.2878604233264923,0.09999999999999998,20000,921.6352469921112
1154000,0.019994869828224182,4.198755264282227,4.0672688484191895,0.4418983459472656,1.0,0.3006335496902466,0.09999999999999998,20000,927.4491460323334
1155000,0.007028695195913315,4.424182891845703,4.638287544250488,0.3331065773963928,1.0,0.1465715765953064,0.09999999999999998,20000,933.5342488288879
1156000,0.013414403423666954,4.517552852630615,4.483530044555664,0.4565741717815399,1.0,0.2023644894361496,0.09999999999999998,20000,939.5194170475006
1157000,0.015603587962687016,4.75712776184082,4.620419502258301,0.27627813816070557,1.0,0.3648241460323334,0.09999999999999998,20000,945.4895598888397
1158000,0.016941066831350327,4.818487167358398,4.806124210357666,0.41139060258865356,1.0,0.21827217936515808,0.09999999999999998,20000,951.5753829479218
1159000,0.004538618493825197,4.71956729888916,4.759090423583984,0.40736067295074463,1.0,0.07798299938440323,0.09999999999999998,20000,957.8481409549713
1160000,0.016992656514048576,4.3836798667907715,4.282641887664795,0.3031958341598511,1.0,0.33421772718429565,0.09999999999999998,20000,964.2378458976746
1161000,0.01300372090190649,4.372191905975342,4.348934173583984,0.3369748592376709,1.0,0.25945115089416504,0.09999999999999998,20000,970.4885249137878
1162000,0.023042242974042892,4.443728446960449,4.5912275314331055,0.40080663561820984,1.0,0.28943562507629395,0.09999999999999998,20000,976.6250219345093
1163000,0.006754171568900347,4.8338942527771,4.843050003051758,0.2711688280105591,1.0,0.2291497439146042,0.09999999999999998,20000,982.7834579944611
1164000,0.011367639526724815,4.917162895202637,5.025106430053711,0.2909061312675476,1.0,0.2659083604812622,0.09999999999999998,20000,988.8296318054199
1165000,0.01959139108657837,4.521267890930176,4.496403694152832,0.29238080978393555,1.0,0.40019094944000244,0.09999999999999998,20000,994.5785808563232
1166000,0.027970237657427788,5.081552505493164,5.0602545738220215,0.3690554201602936,1.0,0.3583563566207886,0.09999999999999998,20000,1000.264219045639
1167000,0.0066194189712405205,5.238251686096191,5.275762557983398,0.33498644828796387,1.0,0.17198389768600464,0.09999999999999998,20000,1006.0066628456116
1168000,0.015541823580861092,4.800675868988037,4.8863630294799805,0.28978511691093445,1.0,0.34218859672546387,0.09999999999999998,20000,1012.1169168949127
1169000,0.027353456243872643,4.312245845794678,4.362199783325195,0.4396103620529175,1.0,0.3081868290901184,0.09999999999999998,20000,1018.3897268772125
1170000,0.033723123371601105,4.4365949630737305,4.368569374084473,0.48299357295036316,1.0,0.3533361554145813,0.09999999999999998,20000,1024.4537558555603
1171000,0.030732184648513794,4.643134117126465,4.615436553955078,0.5248729586601257,1.0,0.23289084434509277,0.09999999999999998,20000,1030.592118024826
1172000,0.018642570823431015,3.8094451427459717,3.7654402256011963,0.4221037030220032,1.0,0.2396753430366516,0.09999999999999998,20000,1036.708200931549
1173000,0.018599331378936768,4.684768199920654,4.748197078704834,0.32691454887390137,1.0,0.3140600323677063,0.09999999999999998,20000,1042.6416749954224
1174000,0.011281734332442284,5.267397880554199,5.328122138977051,0.24239276349544525,1.0,0.35647669434547424,0.09999999999999998,20000,1048.748200893402
1175000,0.008779020048677921,4.280353546142578,4.320511341094971,0.35685861110687256,1.0,0.1684717983007431,0.09999999999999998,20000,1055.9209818840027
1176000,0.01427297480404377,5.122147560119629,4.942401885986328,0.4814302623271942,1.0,0.17187198996543884,0.09999999999999998,20000,1062.393539905548
1177000,0.004522997885942459,4.519815444946289,4.5251617431640625,0.29318833351135254,1.0,0.13585489988327026,0.09999999999999998,20000,1068.4956889152527
1178000,0.009380544535815716,5.239520072937012,5.189306259155273,0.3419516682624817,1.0,0.16863858699798584,0.09999999999999998,20000,1074.2716109752655
1179000,0.005408193916082382,4.806307315826416,4.854045867919922,0.24836738407611847,1.0,0.20267631113529205,0.09999999999999998,20000,1080.0202989578247
1180000,0.021053384989500046,5.044037818908691,4.981784820556641,0.3571094274520874,1.0,0.3758602440357208,0.09999999999999998,20000,1085.8661699295044
1181000,0.008721388876438141,4.093434810638428,4.042800426483154,0.3035808801651001,1.0,0.19781693816184998,0.09999999999999998,20000,1092.17235994339
1182000,0.0064675817266106606,5.000215530395508,5.072129249572754,0.25866425037384033,1.0,0.1660347431898117,0.09999999999999998,20000,1098.3601179122925
1183000,0.0035901484079658985,4.370821475982666,4.369909286499023,0.18781766295433044,1.0,0.1768033802509308,0.09999999999999998,20000,1104.4267349243164
1184000,0.01788192056119442,4.2770795822143555,4.404559135437012,0.39152538776397705,1.0,0.26516830921173096,0.09999999999999998,20000,1110.6796457767487
1185000,0.0048698922619223595,4.320767402648926,4.425076961517334,0.3567722737789154,1.0,0.11983244121074677,0.09999999999999998,20000,1116.6561677455902
1186000,0.02664937824010849,4.781163215637207,4.625654220581055,0.4970909655094147,1.0,0.2868978977203369,0.09999999999999998,20000,1122.8523571491241
1187000,0.01749086007475853,5.17154598236084,5.231412410736084,0.3478374481201172,1.0,0.28027617931365967,0.09999999999999998,20000,1129.0594098567963
1188000,0.010185077786445618,5.04190731048584,5.202330112457275,0.25509965419769287,1.0,0.2884051501750946,0.09999999999999998,20000,1135.1350769996643
1189000,0.022534765303134918,4.4068145751953125,4.257055282592773,0.3930017352104187,1.0,0.3295765221118927,0.09999999999999998,20000,1141.3441498279572
1190000,0.011455802246928215,4.6402482986450195,4.775317192077637,0.32349857687950134,1.0,0.20380014181137085,0.09999999999999998,20000,1147.6124539375305
1191000,0.01151989120990038,4.406415939331055,4.288750171661377,0.34287506341934204,1.0,0.2023458480834961,0.09999999999999998,20000,1153.3592269420624
1192000,0.013961214572191238,4.3574323654174805,4.282413482666016,0.2735828757286072,1.0,0.2295892834663391,0.09999999999999998,20000,1159.0805139541626
1193000,0.004409967456012964,5.118246078491211,5.061553955078125,0.28183597326278687,1.0,0.14604787528514862,0.09999999999999998,20000,1165.0097661018372
1194000,0.005872087553143501,4.8561296463012695,4.7132568359375,0.4210490584373474,1.0,0.11760128289461136,0.09999999999999998,20000,1171.2584397792816
1195000,0.021164748817682266,4.9007368087768555,4.813699722290039,0.3564298152923584,1.0,0.25802960991859436,0.09999999999999998,20000,1177.4956209659576
1196000,0.017384041100740433,4.884174346923828,4.973779201507568,0.324435293674469,1.0,0.32818472385406494,0.09999999999999998,20000,1183.6965501308441
1197000,0.01116928830742836,4.791211128234863,4.7564287185668945,0.31787919998168945,1.0,0.24188849329948425,0.09999999999999998,20000,1189.8349869251251
1198000,0.008939554914832115,4.516568660736084,4.529135704040527,0.3428844213485718,1.0,0.2084755152463913,0.09999999999999998,20000,1196.0207180976868
1199000,0.008391806855797768,4.273719787597656,4.282907962799072,0.3798902630805969,1.0,0.1555154025554657,0.09999999999999998,20000,1202.2876331806183
1200000,0.01616784743964672,4.954385280609131,5.020975112915039,0.2750975489616394,1.0,0.3761967420578003,0.09999999999999998,20000,1208.5440838336945
1201000,0.011354472488164902,4.9569091796875,4.889895439147949,0.2627173066139221,1.0,0.26814723014831543,0.09999999999999998,20000,1221.9895808696747
1202000,0.01823180727660656,5.134785175323486,5.218798637390137,0.390277624130249,1.0,0.29784080386161804,0.09999999999999998,20000,1227.8915178775787
1203000,0.009009892120957375,4.7400665283203125,4.605036735534668,0.29335272312164307,1.0,0.2553998529911041,0.09999999999999998,20000,1233.8190379142761
1204000,0.014487451873719692,4.906952857971191,4.923087120056152,0.3097469210624695,1.0,0.26086825132369995,0.09999999999999998,20000,1239.5005128383636
1205000,0.002532721497118473,4.409332275390625,4.346396446228027,0.30904197692871094,1.0,0.09495200216770172,0.09999999999999998,20000,1245.1124410629272
1206000,0.00726356403902173,5.260706901550293,5.3388566970825195,0.2669386863708496,1.0,0.27678194642066956,0.09999999999999998,20000,1251.171273946762
1207000,0.010972296819090843,4.627002716064453,4.6249589920043945,0.28126227855682373,1.0,0.3305622339248657,0.09999999999999998,20000,1257.269318819046
1208000,0.015182260423898697,5.221261024475098,5.0681939125061035,0.35611218214035034,1.0,0.30874472856521606,0.09999999999999998,20000,1263.4251840114594
1209000,0.01031730230897665,4.373236179351807,4.4522929191589355,0.3073638081550598,1.0,0.17451509833335876,0.09999999999999998,20000,1269.6911790370941
1210000,0.011737124063074589,4.913916110992432,4.882879257202148,0.3473665416240692,1.0,0.21981993317604065,0.09999999999999998,20000,1275.8882610797882
1211000,0.01453656516969204,5.045435905456543,5.130252361297607,0.30575644969940186,1.0,0.2279333919286728,0.09999999999999998,20000,1282.1044158935547
1212000,0.0133549515157938,4.86033296585083,4.950342655181885,0.3856230080127716,1.0,0.1817217767238617,0.09999999999999998,20000,1288.275860786438
1213000,0.011386655271053314,4.721988677978516,4.81961727142334,0.34740713238716125,1.0,0.2538200616836548,0.09999999999999998,20000,1294.4478130340576
1214000,0.018973860889673233,4.76474666595459,4.739907264709473,0.3101101517677307,1.0,0.37028446793556213,0.09999999999999998,20000,1300.793643951416
1215000,0.004949672147631645,4.754635810852051,4.796071529388428,0.26609304547309875,1.0,0.15261906385421753,0.09999999999999998,20000,1306.9855227470398
1216000,0.006198195740580559,4.49165153503418,4.581182479858398,0.25934699177742004,1.0,0.19691148400306702,0.09999999999999998,20000,1312.8756568431854
1217000,0.01867484673857689,4.585778713226318,4.587533950805664,0.2967013120651245,1.0,0.43954628705978394,0.09999999999999998,20000,1318.638335943222
1218000,0.009440549649298191,4.784065246582031,4.78912878036499,0.29854801297187805,1.0,0.23706212639808655,0.09999999999999998,20000,1324.3215029239655
1219000,0.009894492104649544,4.889329433441162,4.881775379180908,0.28039535880088806,1.0,0.2559534013271332,0.09999999999999998,20000,1330.3331489562988
1220000,0.009298398159444332,4.910315990447998,5.084317207336426,0.3196008503437042,1.0,0.189048171043396,0.09999999999999998,20000,1336.4072709083557
1221000,0.025948472321033478,4.767095565795898,4.761650085449219,0.3213006556034088,1.0,0.41602832078933716,0.09999999999999998,20000,1342.5107429027557
1222000,0.012322594411671162,4.729616165161133,4.705101013183594,0.2849300503730774,1.0,0.2958981394767761,0.09999999999999998,20000,1348.7838439941406
1223000,0.004216723144054413,4.355997085571289,4.406545639038086,0.24949297308921814,1.0,0.10540089011192322,0.09999999999999998,20000,1354.8911998271942
1224000,0.004180938005447388,4.841142654418945,4.79135799407959,0.25349533557891846,1.0,0.13722124695777893,0.09999999999999998,20000,1360.8509049415588
1225000,0.009100469760596752,4.823583602905273,4.88820743560791,0.26810386776924133,1.0,0.26298201084136963,0.09999999999999998,20000,1366.989031791687
1226000,0.008594882674515247,4.538495063781738,4.562828063964844,0.2886916399002075,1.0,0.2188459187746048,0.09999999999999998,20000,1373.0771539211273
1227000,0.006801769603043795,4.707155227661133,4.731804847717285,0.22899805009365082,1.0,0.2733941078186035,0.09999999999999998,20000,1379.23353099823
1228000,0.007128352299332619,4.78310489654541,4.721676826477051,0.29107004404067993,1.0,0.18789400160312653,0.09999999999999998,20000,1385.7145409584045
1229000,0.014808662235736847,4.846157073974609,4.926831245422363,0.2876007854938507,1.0,0.3118613660335541,0.09999999999999998,20000,1391.4023249149323
1230000,0.005858201999217272,4.934821128845215,4.987613677978516,0.19820153713226318,1.0,0.23466888070106506,0.09999999999999998,20000,1397.1824119091034
1231000,0.0010951675940304995,4.911723613739014,4.781396865844727,0.296559602022171,1.0,0.0549420602619648,0.09999999999999998,20000,1402.9590997695923
1232000,0.010499725118279457,4.867265701293945,4.8314313888549805,0.326019287109375,1.0,0.24064424633979797,0.09999999999999998,20000,1409.425050020218
1233000,0.004723292775452137,4.945291519165039,5.081955909729004,0.2906327247619629,1.0,0.13368508219718933,0.09999999999999998,20000,1415.8058269023895
1234000,0.011142907664179802,4.722936630249023,4.784265995025635,0.3825819790363312,1.0,0.1902516782283783,0.09999999999999998,20000,1421.9230489730835
1235000,0.006705882027745247,5.273143768310547,5.24281120300293,0.3313145339488983,1.0,0.13535906374454498,0.09999999999999998,20000,1428.0438377857208
1236000,0.008482535369694233,4.904989242553711,4.830979347229004,0.26616811752319336,1.0,0.23255890607833862,0.09999999999999998,20000,1434.2167809009552
1237000,0.010362209752202034,4.636422157287598,4.645664691925049,0.24454227089881897,1.0,0.30788034200668335,0.09999999999999998,20000,1440.4296329021454
1238000,0.013125302270054817,5.110109806060791,5.186795234680176,0.33503878116607666,1.0,0.2331068515777588,0.09999999999999998,20000,1446.6524229049683
1239000,0.01837294176220894,4.614723205566406,4.547723770141602,0.35366198420524597,1.0,0.314569354057312,0.09999999999999998,20000,1452.7547359466553
1240000,0.009252229705452919,4.293323516845703,4.215128421783447,0.392275869846344,1.0,0.15471035242080688,0.09999999999999998,20000,1458.827402830124
1241000,0.019088860601186752,4.927059173583984,4.645812034606934,0.4308941662311554,1.0,0.2578182518482208,0.09999999999999998,20000,1465.0553619861603
1242000,0.02412162534892559,4.6701178550720215,4.357611656188965,0.5597275495529175,1.0,0.22514888644218445,0.09999999999999998,20000,1470.9486367702484
1243000,0.005274539347738028,4.654071807861328,4.570280075073242,0.2555249333381653,1.0,0.217560812830925,0.09999999999999998,20000,1476.8009190559387
1244000,0.01693384163081646,4.689085006713867,4.569604873657227,0.33595192432403564,1.0,0.31738048791885376,0.09999999999999998,20000,1482.9863290786743
1245000,0.009197105653584003,5.095137119293213,5.113485813140869,0.2679901719093323,1.0,0.25660645961761475,0.09999999999999998,20000,1489.216924905777
1246000,0.01143838930875063,5.087355613708496,5.098654747009277,0.39277106523513794,1.0,0.16556516289710999,0.09999999999999998,20000,1495.3581187725067
1247000,0.015051322057843208,5.040724754333496,4.928299903869629,0.2893678843975067,1.0,0.3787040710449219,0.09999999999999998,20000,1501.5789260864258
1248000,0.02613132633268833,4.816018104553223,4.719237327575684,0.3660849928855896,1.0,0.43337297439575195,0.09999999999999998,20000,1507.7504229545593
1249000,0.019122963771224022,4.818333625793457,4.829872131347656,0.38317447900772095,1.0,0.33705559372901917,0.09999999999999998,20000,1513.9228248596191
1250000,0.01586802490055561,4.311076641082764,4.402751922607422,0.34348443150520325,1.0,0.24944952130317688,0.09999999999999998,20000,1520.1303679943085
1251000,0.005688213277608156,4.618456840515137,4.686458587646484,0.35049259662628174,1.0,0.11320952326059341,0.09999999999999998,20000,1532.9908559322357
1252000,0.03548245504498482,4.606027603149414,4.695732116699219,0.33749857544898987,1.0,0.47856876254081726,0.09999999999999998,20000,1538.8376879692078
1253000,0.03914812579751015,5.119328498840332,5.0577168464660645,0.39985936880111694,1.0,0.4924154579639435,0.09999999999999998,20000,1544.89648103714
1254000,0.008063949644565582,4.263688087463379,4.260598659515381,0.22600625455379486,1.0,0.27089476585388184,0.09999999999999998,20000,1550.7743747234344
1255000,0.006740368902683258,4.699342727661133,4.628159523010254,0.28424739837646484,1.0,0.18733416497707367,0.09999999999999998,20000,1556.4233539104462
1256000,0.041004572063684464,4.560588836669922,4.429276943206787,0.3929795026779175,1.0,0.4773319661617279,0.09999999999999998,20000,1562.654193162918
1257000,0.007916528731584549,4.352827072143555,4.442399978637695,0.24140506982803345,1.0,0.2530507743358612,0.09999999999999998,20000,1568.8914458751678
1258000,0.02396521531045437,4.505677223205566,4.694889545440674,0.3974173069000244,1.0,0.3492928445339203,0.09999999999999998,20000,1575.0022251605988
1259000,0.003587169572710991,4.672871112823486,4.737887859344482,0.3148878812789917,1.0,0.0951547920703888,0.09999999999999998,20000,1580.9939630031586
1260000,0.006778879556804895,4.446084976196289,4.608211517333984,0.35240018367767334,1.0,0.13485699892044067,0.09999999999999998,20000,1587.2765018939972
1261000,0.004597412887960672,4.8053297996521,4.829547882080078,0.2867685556411743,1.0,0.15391147136688232,0.09999999999999998,20000,1593.3742048740387
1262000,0.008633801713585854,4.935188293457031,4.960973739624023,0.28636685013771057,1.0,0.21812593936920166,0.09999999999999998,20000,1599.6031939983368
1263000,0.010001135058701038,4.985512733459473,5.0567307472229,0.24310153722763062,1.0,0.3523463010787964,0.09999999999999998,20000,1605.7533729076385
1264000,0.013330954127013683,5.111081123352051,5.031292915344238,0.32312461733818054,1.0,0.25626394152641296,0.09999999999999998,20000,1611.9968371391296
1265000,0.013209277763962746,4.226568698883057,4.304353713989258,0.3636457920074463,1.0,0.2477724254131317,0.09999999999999998,20000,1618.2924630641937
1266000,0.0051029035821557045,4.033217430114746,4.067564964294434,0.2762511372566223,1.0,0.14111599326133728,0.09999999999999998,20000,1624.2568469047546
1267000,0.008009721525013447,4.447837829589844,4.546483039855957,0.3069653809070587,1.0,0.16868466138839722,0.09999999999999998,20000,1630.043839931488
1268000,0.015618023462593555,4.766446590423584,4.538568496704102,0.42028409242630005,1.0,0.22590184211730957,0.09999999999999998,20000,1635.6406078338623
1269000,0.015447120182216167,5.043948650360107,5.052468299865723,0.23919731378555298,1.0,0.4781969487667084,0.09999999999999998,20000,1641.9172310829163
1270000,0.019595425575971603,4.573066234588623,4.5490336418151855,0.42852672934532166,1.0,0.28016531467437744,0.09999999999999998,20000,1648.1871228218079
1271000,0.01646171137690544,4.93006706237793,5.022058486938477,0.32011696696281433,1.0,0.2940358519554138,0.09999999999999998,20000,1655.312537908554
1272000,0.020646382123231888,5.010619640350342,4.986161231994629,0.48075613379478455,1.0,0.20579248666763306,0.09999999999999998,20000,1661.6063647270203
1273000,0.014547637663781643,4.396699905395508,4.508358955383301,0.36469388008117676,1.0,0.25497475266456604,0.09999999999999998,20000,1667.7784178256989
1274000,0.008455762639641762,4.841823101043701,4.848931312561035,0.28816986083984375,1.0,0.2281656414270401,0.09999999999999998,20000,1674.1354627609253
1275000,0.011228400282561779,4.523836135864258,4.633659839630127,0.35217946767807007,1.0,0.18061977624893188,0.09999999999999998,20000,1680.3938930034637
1276000,0.01563936285674572,4.698121070861816,4.651342391967773,0.4532411992549896,1.0,0.24551919102668762,0.09999999999999998,20000,1686.6078100204468
1277000,0.012817280367016792,4.681899547576904,4.637700080871582,0.30222761631011963,1.0,0.33167943358421326,0.09999999999999998,20000,1692.9915759563446
1278000,0.013497556559741497,4.661179065704346,4.63969087600708,0.4023459255695343,1.0,0.23249806463718414,0.09999999999999998,20000,1699.2278299331665
1279000,0.014361951500177383,4.8100786209106445,4.874305248260498,0.3410712778568268,1.0,0.2982800602912903,0.09999999999999998,20000,1705.183706998825
1280000,0.01476337481290102,4.604783535003662,4.572795867919922,0.2895149886608124,1.0,0.2882230877876282,0.09999999999999998,20000,1710.9420700073242
1281000,0.009621120989322662,4.938614368438721,4.959805965423584,0.21913571655750275,1.0,0.3179430365562439,0.09999999999999998,20000,1716.7370059490204
1282000,0.02220228686928749,4.385673522949219,4.312399864196777,0.452875554561615,1.0,0.24493062496185303,0.09999999999999998,20000,1722.9034700393677
1283000,0.0183273795992136,4.451695442199707,4.574452877044678,0.4415419399738312,1.0,0.189046710729599,0.09999999999999998,20000,1728.9901938438416
1284000,0.00623768987134099,4.413348197937012,4.33724308013916,0.2516351342201233,1.0,0.21310751140117645,0.09999999999999998,20000,1735.238940000534
1285000,0.005496768280863762,4.8350067138671875,4.76908016204834,0.30466723442077637,1.0,0.14996826648712158,0.09999999999999998,20000,1741.683790922165
1286000,0.008614027872681618,4.098259925842285,4.0723724365234375,0.2206173986196518,1.0,0.35121482610702515,0.09999999999999998,20000,1747.884563922882
1287000,0.008591929450631142,5.067501068115234,5.025185585021973,0.31481194496154785,1.0,0.17176686227321625,0.09999999999999998,20000,1753.951985836029
1288000,0.01840859279036522,4.041321277618408,3.9131345748901367,0.31583648920059204,1.0,0.35451021790504456,0.09999999999999998,20000,1760.2100069522858
1289000,0.013321836479008198,4.1591997146606445,4.0994744300842285,0.37135934829711914,1.0,0.2699201703071594,0.09999999999999998,20000,1766.5141959190369
1290000,0.015288932248950005,4.663740634918213,4.704487323760986,0.29796379804611206,1.0,0.343336820602417,0.09999999999999998,20000,1772.6169199943542
1291000,0.0048668342642486095,4.360133171081543,4.448895454406738,0.28933751583099365,1.0,0.08610574901103973,0.09999999999999998,20000,1778.7479989528656
1292000,0.008980209939181805,4.820731163024902,4.694551944732666,0.2906333804130554,1.0,0.12353287637233734,0.09999999999999998,20000,1784.4852657318115
1293000,0.027680113911628723,4.722365379333496,4.567531585693359,0.3885452151298523,1.0,0.3481137454509735,0.09999999999999998,20000,1790.3519489765167
1294000,0.014711757190525532,4.746128559112549,4.837424278259277,0.3587116599082947,1.0,0.22109422087669373,0.09999999999999998,20000,1796.1368429660797
1295000,0.02651885338127613,4.756251335144043,4.681673049926758,0.3820108473300934,1.0,0.39531517028808594,0.09999999999999998,20000,1802.596242904663
1296000,0.02119770273566246,4.994616508483887,5.017348766326904,0.40799659490585327,1.0,0.2903579771518707,0.09999999999999998,20000,1809.01514005661
1297000,0.009491481818258762,4.7514495849609375,4.699777603149414,0.30224132537841797,1.0,0.22797656059265137,0.09999999999999998,20000,1815.5268778800964
1298000,0.007626684382557869,4.638830184936523,4.596819877624512,0.3568370044231415,1.0,0.15771040320396423,0.09999999999999998,20000,1821.8955450057983
1299000,0.003911521751433611,4.869935989379883,4.8810529708862305,0.31959787011146545,1.0,0.11549725383520126,0.09999999999999998,20000,1828.1114301681519
1300000,0.01295471005141735,4.971589088439941,4.944863319396973,0.35639727115631104,1.0,0.3142043650150299,0.09999999999999998,20000,1833.9635708332062
1301000,0.02204393967986107,4.421248435974121,4.632199764251709,0.512427031993866,1.0,0.20341292023658752,0.09999999999999998,20000,1846.8674368858337
1302000,0.013279106467962265,4.805477142333984,4.858977317810059,0.3452680706977844,1.0,0.21854284405708313,0.09999999999999998,20000,1852.654690027237
1303000,0.027963919565081596,4.436300277709961,4.427365779876709,0.3779762089252472,1.0,0.37870877981185913,0.09999999999999998,20000,1858.8639090061188
1304000,0.014362159185111523,4.571124076843262,4.453566551208496,0.3398248255252838,1.0,0.22997044026851654,0.09999999999999998,20000,1864.4297609329224
1305000,0.020061224699020386,4.897241592407227,4.944222450256348,0.33476126194000244,1.0,0.3654310703277588,0.09999999999999998,20000,1870.0116109848022
1306000,0.003944218158721924,4.26435661315918,4.311809062957764,0.34008118510246277,1.0,0.10149109363555908,0.09999999999999998,20000,1875.3952009677887
1307000,0.008996663615107536,5.102903366088867,5.286669731140137,0.3719462752342224,1.0,0.14974868297576904,0.09999999999999998,20000,1881.7215957641602
1308000,0.016001466661691666,4.1873273849487305,4.239691257476807,0.4244720935821533,1.0,0.2305573970079422,0.09999999999999998,20000,1887.6284987926483
1309000,0.015417657792568207,4.802666664123535,4.8805341720581055,0.3520438075065613,1.0,0.26436930894851685,0.09999999999999998,20000,1893.3553478717804
1310000,0.007933293469250202,5.035975933074951,4.9398627281188965,0.28305715322494507,1.0,0.19765552878379822,0.09999999999999998,20000,1899.3345029354095
1311000,0.00859029870480299,4.537402153015137,4.485616207122803,0.3635554015636444,1.0,0.18331634998321533,0.09999999999999998,20000,1905.623378753662
1312000,0.012576660141348839,4.911800861358643,4.925650596618652,0.2828211784362793,1.0,0.2698175609111786,0.09999999999999998,20000,1911.9068808555603
1313000,0.009035823866724968,4.688989639282227,4.733509063720703,0.2902940511703491,1.0,0.2153627574443817,0.09999999999999998,20000,1918.4072079658508
1314000,0.012073302641510963,4.987400054931641,4.896795749664307,0.21083110570907593,1.0,0.39932507276535034,0.09999999999999998,20000,1924.5878839492798
1315000,0.016272930428385735,4.680796146392822,4.729717254638672,0.35812127590179443,1.0,0.21884354948997498,0.09999999999999998,20000,1931.124039888382
1316000,0.01021153386682272,4.59832239151001,4.608169078826904,0.26873472332954407,1.0,0.31415125727653503,0.09999999999999998,20000,1937.1599190235138
1317000,0.028526432812213898,4.424328804016113,4.45913028717041,0.428458571434021,1.0,0.3633071184158325,0.09999999999999998,20000,1943.3778638839722
1318000,0.00980568490922451,4.516656398773193,4.547421932220459,0.3264739215373993,1.0,0.17317557334899902,0.09999999999999998,20000,1949.6174829006195
1319000,0.003846394829452038,4.7946271896362305,4.701847553253174,0.3489018976688385,1.0,0.10272420197725296,0.09999999999999998,20000,1955.7924001216888
1320000,0.007937094196677208,4.768176555633545,4.896341323852539,0.3617062568664551,1.0,0.15168941020965576,0.09999999999999998,20000,1962.0394809246063
1321000,0.014941013418138027,4.991057395935059,4.809998512268066,0.3115491271018982,1.0,0.3284124433994293,0.09999999999999998,20000,1967.9368669986725
1322000,0.018320808187127113,4.960636138916016,4.677861213684082,0.3686233162879944,1.0,0.3319108486175537,0.09999999999999998,20000,1973.8334708213806
1323000,0.022117523476481438,4.610140800476074,4.760634899139404,0.40665319561958313,1.0,0.27200427651405334,0.09999999999999998,20000,1979.647458076477
1324000,0.01900079846382141,4.489065170288086,4.489169120788574,0.4137241244316101,1.0,0.32329174876213074,0.09999999999999998,20000,1985.7694699764252
1325000,0.011080898344516754,5.42753267288208,5.370987415313721,0.26640790700912476,1.0,0.27503931522369385,0.09999999999999998,20000,1991.9402239322662
1326000,0.011452875100076199,4.756748199462891,4.658407688140869,0.35337117314338684,1.0,0.21954768896102905,0.09999999999999998,20000,1998.0935428142548
1327000,0.015223106369376183,4.975407600402832,4.934759140014648,0.30208057165145874,1.0,0.3495303988456726,0.09999999999999998,20000,2004.1830649375916
1328000,0.012674611061811447,4.788336277008057,4.6877923011779785,0.31682780385017395,1.0,0.27579501271247864,0.09999999999999998,20000,2010.3330709934235
1329000,0.016522396355867386,4.188103199005127,4.173405170440674,0.3782893419265747,1.0,0.27839159965515137,0.09999999999999998,20000,2016.6039500236511
1330000,0.01697603240609169,5.02702522277832,5.1598381996154785,0.34419316053390503,1.0,0.3269263803958893,0.09999999999999998,20000,2022.7256648540497
1331000,0.014143584296107292,4.806070327758789,4.7958984375,0.2618272304534912,1.0,0.32307252287864685,0.09999999999999998,20000,2029.0497980117798
1332000,0.01463327556848526,5.450405597686768,5.589712142944336,0.28062310814857483,1.0,0.3264909088611603,0.09999999999999998,20000,2035.3146090507507
1333000,0.03319969028234482,4.326376438140869,4.190604209899902,0.4322679936885834,1.0,0.34762710332870483,0.09999999999999998,20000,2041.4641408920288
1334000,0.01635856367647648,4.792471885681152,4.826439380645752,0.2981621325016022,1.0,0.3841015100479126,0.09999999999999998,20000,2047.3891968727112
1335000,0.013102457858622074,5.154618263244629,5.152243614196777,0.39952611923217773,1.0,0.210299551486969,0.09999999999999998,20000,2053.1838009357452
1336000,0.011178849264979362,4.872794151306152,4.857854843139648,0.33760589361190796,1.0,0.21388185024261475,0.09999999999999998,20000,2058.9303510189056
1337000,0.027880273759365082,4.36702823638916,4.280884742736816,0.3837810158729553,1.0,0.41916030645370483,0.09999999999999998,20000,2065.106547832489
1338000,0.011000297963619232,4.242156028747559,4.211424827575684,0.3260349631309509,1.0,0.2583799958229065,0.09999999999999998,20000,2071.1237030029297
1339000,0.0025008274242281914,4.853455543518066,4.884073734283447,0.3472565710544586,1.0,0.08011162281036377,0.09999999999999998,20000,2077.343204975128
1340000,0.027526453137397766,4.817199230194092,4.876730918884277,0.5040721893310547,1.0,0.2839261293411255,0.09999999999999998,20000,2083.8664889335632
1341000,0.009109447710216045,4.667372226715088,4.7744140625,0.36250174045562744,1.0,0.17669129371643066,0.09999999999999998,20000,2090.0079600811005
1342000,0.008156307972967625,4.132973670959473,4.302412986755371,0.4399731457233429,1.0,0.12061284482479095,0.09999999999999998,20000,2096.0333728790283
1343000,0.0163639634847641,4.42093563079834,4.429076194763184,0.3833400011062622,1.0,0.2840014696121216,0.09999999999999998,20000,2102.3121659755707
1344000,0.024147069081664085,5.151144027709961,5.01273250579834,0.45379704236984253,1.0,0.2890751361846924,0.09999999999999998,20000,2108.4548799991608
1345000,0.02443929761648178,4.917791366577148,5.003233909606934,0.4130348265171051,1.0,0.2726512551307678,0.09999999999999998,20000,2114.775087118149
1346000,0.011295631527900696,4.934744834899902,5.055600166320801,0.403900682926178,1.0,0.16703280806541443,0.09999999999999998,20000,2120.9586107730865
1347000,0.026302311569452286,4.2479658126831055,4.458976745605469,0.35637587308883667,1.0,0.41475290060043335,0.09999999999999998,20000,2126.8861968517303
1348000,0.017352283000946045,4.982038497924805,4.937335014343262,0.30631116032600403,1.0,0.37526392936706543,0.09999999999999998,20000,2132.8548650741577
1349000,0.006297164596617222,4.91215705871582,4.835190773010254,0.34081125259399414,1.0,0.15027227997779846,0.09999999999999998,20000,2138.9035267829895
1350000,0.015804432332515717,4.362841606140137,4.302581787109375,0.3893679976463318,1.0,0.23775961995124817,0.09999999999999998,20000,2145.3105878829956
1351000,0.027403267100453377,4.202886581420898,4.0957207679748535,0.4012102484703064,1.0,0.3238455653190613,0.09999999999999998,20000,2157.822455883026
1352000,0.03990697115659714,4.336152076721191,4.271265506744385,0.46284249424934387,1.0,0.3825933635234833,0.09999999999999998,20000,2163.8560030460358
1353000,0.010858912020921707,4.553286075592041,4.677504539489746,0.29801952838897705,1.0,0.259171724319458,0.09999999999999998,20000,2169.894115924835
1354000,0.003935007844120264,4.5638017654418945,4.578956127166748,0.2942779064178467,1.0,0.1140017881989479,0.09999999999999998,20000,2175.954726934433
1355000,0.0043948376551270485,5.0792951583862305,4.998649597167969,0.2115873396396637,1.0,0.15524885058403015,0.09999999999999998,20000,2182.293277978897
1356000,0.0015249706339091063,5.140527248382568,5.154966354370117,0.35565629601478577,1.0,0.0579635351896286,0.09999999999999998,20000,2188.6826207637787
1357000,0.00554514117538929,4.578584671020508,4.554347991943359,0.3028026223182678,1.0,0.14863321185112,0.09999999999999998,20000,2194.6196568012238
1358000,0.026277504861354828,4.419823169708252,4.448220252990723,0.37285247445106506,1.0,0.3475743532180786,0.09999999999999998,20000,2200.706056833267
1359000,0.008767598308622837,3.9119272232055664,4.011197090148926,0.38943713903427124,1.0,0.14699986577033997,0.09999999999999998,20000,2206.6297659873962
1360000,0.015709957107901573,4.472484111785889,4.448726654052734,0.2879183888435364,1.0,0.2974642217159271,0.09999999999999998,20000,2212.6129450798035
1361000,0.015483387745916843,4.949069976806641,4.942982196807861,0.28146353363990784,1.0,0.30214449763298035,0.09999999999999998,20000,2218.571700811386
1362000,0.020796820521354675,4.499929428100586,4.601675033569336,0.4074886441230774,1.0,0.2633216977119446,0.09999999999999998,20000,2224.9047338962555
1363000,0.00896751694381237,4.849059104919434,4.815465927124023,0.29857710003852844,1.0,0.2340358942747116,0.09999999999999998,20000,2230.979504108429
1364000,0.007625102996826172,4.435431480407715,4.453027725219727,0.3257908821105957,1.0,0.18309257924556732,0.09999999999999998,20000,2237.302086830139
1365000,0.018976662307977676,4.4123077392578125,4.223690986633301,0.4555937647819519,1.0,0.21743330359458923,0.09999999999999998,20000,2243.708482980728
1366000,0.009110681712627411,4.310539245605469,4.127721786499023,0.32846689224243164,1.0,0.1935715675354004,0.09999999999999998,20000,2249.64666891098
1367000,0.008309999480843544,4.071645736694336,3.977354049682617,0.2908170521259308,1.0,0.18489688634872437,0.09999999999999998,20000,2256.7732820510864
1368000,0.010099084116518497,4.314853191375732,4.48011589050293,0.3841575086116791,1.0,0.20468243956565857,0.09999999999999998,20000,2263.079530954361
1369000,0.011824593879282475,4.643580913543701,4.771670341491699,0.41825273633003235,1.0,0.15086093544960022,0.09999999999999998,20000,2268.7233147621155
1370000,0.01263003796339035,4.975179672241211,4.999305725097656,0.27937841415405273,1.0,0.3171803653240204,0.09999999999999998,20000,2274.127963066101
1371000,0.013549997471272945,5.015650272369385,5.197084426879883,0.3692244291305542,1.0,0.2310381978750229,0.09999999999999998,20000,2280.108738899231
1372000,0.02096390724182129,4.1726393699646,4.235568046569824,0.27656644582748413,1.0,0.48898845911026,0.09999999999999998,20000,2286.0960409641266
1373000,0.02850934863090515,4.106930255889893,4.045222282409668,0.36628755927085876,1.0,0.4750671088695526,0.09999999999999998,20000,2291.966612815857
1374000,0.009175198152661324,5.025754928588867,5.050384521484375,0.29972463846206665,1.0,0.2401522845029831,0.09999999999999998,20000,2298.020721912384
1375000,0.011600829660892487,4.916879177093506,4.895895957946777,0.29028111696243286,1.0,0.2527247667312622,0.09999999999999998,20000,2304.388244867325
1376000,0.010341913439333439,4.589095115661621,4.459689140319824,0.3051129877567291,1.0,0.2486337125301361,0.09999999999999998,20000,2310.5798859596252
1377000,0.012521052733063698,4.7196245193481445,4.850146293640137,0.27606523036956787,1.0,0.3191734850406647,0.09999999999999998,20000,2316.757154941559
1378000,0.010084786452353,4.748116493225098,4.639647006988525,0.3933587968349457,1.0,0.1679295152425766,0.09999999999999998,20000,2322.9904959201813
1379000,0.00645827129483223,4.364017486572266,4.287395000457764,0.31103697419166565,1.0,0.20456647872924805,0.09999999999999998,20000,2329.095708847046
1380000,0.013316030614078045,4.454952239990234,4.357593059539795,0.4351322054862976,1.0,0.19248376786708832,0.09999999999999998,20000,2335.278673171997
1381000,0.014399275183677673,4.6088361740112305,4.66340446472168,0.30661410093307495,1.0,0.31033843755722046,0.09999999999999998,20000,2341.5482931137085
1382000,0.017416533082723618,4.350797653198242,4.440519332885742,0.3805670440196991,1.0,0.28010696172714233,0.09999999999999998,20000,2347.675633907318
1383000,0.014601648785173893,4.340145111083984,4.3305206298828125,0.34455013275146484,1.0,0.25279974937438965,0.09999999999999998,20000,2353.805385828018
1384000,0.012756509706377983,4.925836086273193,4.896492958068848,0.27038517594337463,1.0,0.31980419158935547,0.09999999999999998,20000,2359.7788331508636
1385000,0.014308363199234009,4.602574825286865,4.718070983886719,0.5073981881141663,1.0,0.0761033445596695,0.09999999999999998,20000,2365.7480471134186
1386000,0.01145932637155056,4.879075050354004,4.736757278442383,0.45188066363334656,1.0,0.18043562769889832,0.09999999999999998,20000,2371.6290900707245
1387000,0.00589230190962553,4.954448223114014,4.921982288360596,0.3159791827201843,1.0,0.15393804013729095,0.09999999999999998,20000,2377.8957538604736
1388000,0.01927618868649006,4.221722602844238,4.347935199737549,0.411154568195343,1.0,0.2748076915740967,0.09999999999999998,20000,2384.2755827903748
1389000,0.017002202570438385,4.106418609619141,4.098737716674805,0.38515985012054443,1.0,0.3001757562160492,0.09999999999999998,20000,2390.3896470069885
1390000,0.010398714803159237,4.537399768829346,4.548037528991699,0.2578108608722687,1.0,0.2841140925884247,0.09999999999999998,20000,2396.591803073883
1391000,0.022043077275156975,4.668610572814941,4.855618000030518,0.46262139081954956,1.0,0.22338587045669556,0.09999999999999998,20000,2402.702688932419
1392000,0.012714949436485767,4.570371150970459,4.534764289855957,0.37667039036750793,1.0,0.18716274201869965,0.09999999999999998,20000,2408.961891889572
1393000,0.014690403826534748,4.480889797210693,4.487508296966553,0.36886394023895264,1.0,0.2790873050689697,0.09999999999999998,20000,2415.1153268814087
1394000,0.0160776786506176,4.514767646789551,4.6341047286987305,0.38078799843788147,1.0,0.2293025404214859,0.09999999999999998,20000,2421.479390859604
1395000,0.015183852054178715,4.441559791564941,4.582916259765625,0.3045848608016968,1.0,0.31149816513061523,0.09999999999999998,20000,2427.7004001140594
1396000,0.025978729128837585,4.503302574157715,4.69113302230835,0.4121904969215393,1.0,0.344718337059021,0.09999999999999998,20000,2433.9565649032593
1397000,0.010200994089245796,4.233420372009277,4.302825927734375,0.4367446303367615,1.0,0.16608726978302002,0.09999999999999998,20000,2439.7934787273407
1398000,0.02036987617611885,4.665036201477051,4.632987976074219,0.3154829442501068,1.0,0.3736162483692169,0.09999999999999998,20000,2445.6469628810883
1399000,0.017236875370144844,4.492561340332031,4.532723426818848,0.4041650593280792,1.0,0.28360438346862793,0.09999999999999998,20000,2452.024113893509
1400000,0.012121101841330528,4.543696880340576,4.529242515563965,0.375548392534256,1.0,0.22725991904735565,0.09999999999999998,20000,2460.014960050583
1401000,0.020032692700624466,4.569829940795898,4.621818542480469,0.40550291538238525,1.0,0.26526129245758057,0.09999999999999998,20000,2473.739695072174
1402000,0.009503176435828209,4.310738563537598,4.340663909912109,0.2984802722930908,1.0,0.2518988251686096,0.09999999999999998,20000,2479.278857946396
1403000,0.010438784025609493,4.617793560028076,4.620838642120361,0.2864854335784912,1.0,0.2680136561393738,0.09999999999999998,20000,2485.107929944992
1404000,0.009337387047708035,4.2258148193359375,4.237509727478027,0.262042373418808,1.0,0.24370571970939636,0.09999999999999998,20000,2491.1537849903107
1405000,0.011334963142871857,4.559754371643066,4.631470203399658,0.27389681339263916,1.0,0.293392151594162,0.09999999999999998,20000,2496.870684862137
1406000,0.0031583746895194054,3.8488879203796387,3.9019455909729004,0.2670820653438568,1.0,0.08914358913898468,0.09999999999999998,20000,2502.928890943527
1407000,0.01165417768061161,4.109375476837158,4.054572105407715,0.33214181661605835,1.0,0.2643633484840393,0.09999999999999998,20000,2509.0247299671173
1408000,0.02574743516743183,4.516271114349365,4.328632354736328,0.42325764894485474,1.0,0.40482231974601746,0.09999999999999998,20000,2514.9220309257507
1409000,0.020693687722086906,4.739874362945557,4.834310531616211,0.4370930790901184,1.0,0.265040785074234,0.09999999999999998,20000,2520.6981308460236
1410000,0.02042950689792633,4.306854248046875,4.181982517242432,0.3086242377758026,1.0,0.3870474696159363,0.09999999999999998,20000,2526.440136909485
1411000,0.01494833268225193,4.513935565948486,4.60277795791626,0.2641311287879944,1.0,0.36941421031951904,0.09999999999999998,20000,2532.3912329673767
1412000,0.019158877432346344,4.339262008666992,4.259927272796631,0.4346435070037842,1.0,0.2757691740989685,0.09999999999999998,20000,2538.792452096939
1413000,0.03109772875905037,4.244828224182129,4.141268253326416,0.4691677391529083,1.0,0.34393441677093506,0.09999999999999998,20000,2545.093521118164
1414000,0.0099947489798069,4.357118606567383,4.406643390655518,0.2962479591369629,1.0,0.2634408175945282,0.09999999999999998,20000,2551.3558530807495
1415000,0.011456554755568504,4.468294143676758,4.523194313049316,0.30855751037597656,1.0,0.2334149181842804,0.09999999999999998,20000,2557.221974849701
1416000,0.023606354370713234,4.465120315551758,4.41705322265625,0.3016667068004608,1.0,0.39417415857315063,0.09999999999999998,20000,2563.286630153656
1417000,0.009255046024918556,4.732499122619629,4.669686317443848,0.28329700231552124,1.0,0.3010415732860565,0.09999999999999998,20000,2569.6908440589905
1418000,0.007594236172735691,3.5863115787506104,3.4846248626708984,0.27982786297798157,1.0,0.23928338289260864,0.09999999999999998,20000,2575.7385630607605
1419000,0.014632700942456722,4.179967880249023,4.112977981567383,0.25513455271720886,1.0,0.3997424244880676,0.09999999999999998,20000,2581.7290868759155
1420000,0.01094459556043148,4.785555362701416,5.003211975097656,0.32256466150283813,1.0,0.20480486750602722,0.09999999999999998,20000,2588.0046529769897
1421000,0.02763460949063301,4.990868091583252,4.9541707038879395,0.31203895807266235,1.0,0.27882760763168335,0.09999999999999998,20000,2593.152698993683
1422000,0.0022989632561802864,4.461347579956055,4.297282695770264,0.3642199635505676,1.0,0.06586835533380508,0.09999999999999998,20000,2597.631119966507
1423000,0.011000840924680233,4.421521186828613,4.271440505981445,0.30484896898269653,1.0,0.23800186812877655,0.09999999999999998,20000,2602.1811230182648
1424000,0.011849859729409218,4.272072792053223,4.229060173034668,0.313205748796463,1.0,0.29302912950515747,0.09999999999999998,20000,2606.586343765259
1425000,0.026583364233374596,4.338723182678223,4.351974010467529,0.3848167955875397,1.0,0.35436558723449707,0.09999999999999998,20000,2611.606002807617
1426000,0.006988001987338066,4.725156784057617,4.675224781036377,0.3379524350166321,1.0,0.14421115815639496,0.09999999999999998,20000,2616.842682123184
1427000,0.01418291311711073,4.671842575073242,4.479520797729492,0.4489413797855377,1.0,0.18319949507713318,0.09999999999999998,20000,2622.2275450229645
1428000,0.003098925342783332,4.924930095672607,5.04245662689209,0.22010067105293274,1.0,0.16443997621536255,0.09999999999999998,20000,2627.53733587265
1429000,0.033249180763959885,4.41740083694458,4.269166946411133,0.43990111351013184,1.0,0.3718137741088867,0.09999999999999998,20000,2632.5979177951813
1430000,0.013058934360742569,4.708651542663574,4.747429370880127,0.35927635431289673,1.0,0.21860992908477783,0.09999999999999998,20000,2637.6885380744934
1431000,0.02143915556371212,4.649250030517578,4.710815906524658,0.33106398582458496,1.0,0.2684580087661743,0.09999999999999998,20000,2642.975559949875
1432000,0.02308955043554306,4.7840681076049805,4.763953685760498,0.3799036145210266,1.0,0.29948797821998596,0.09999999999999998,20000,2648.3512527942657
1433000,0.022259021177887917,4.750242233276367,4.561704635620117,0.45895662903785706,1.0,0.28161168098449707,0.09999999999999998,20000,2653.6245980262756
1434000,0.01863199472427368,4.711345195770264,4.847476005554199,0.36078739166259766,1.0,0.27209556102752686,0.09999999999999998,20000,2658.9461789131165
1435000,0.02330094762146473,4.381038188934326,4.4757466316223145,0.4532501697540283,1.0,0.32154905796051025,0.09999999999999998,20000,2664.1500420570374
1436000,0.01862919144332409,4.341164588928223,4.232562065124512,0.5276492238044739,1.0,0.20758485794067383,0.09999999999999998,20000,2668.9856889247894
1437000,0.013715779408812523,4.6662397384643555,4.728470325469971,0.4353783428668976,1.0,0.17307011783123016,0.09999999999999998,20000,2673.8864748477936
1438000,0.009192617610096931,4.602887153625488,4.460114479064941,0.35694435238838196,1.0,0.21822239458560944,0.09999999999999998,20000,2678.540566921234
1439000,0.023023532703518867,4.855536460876465,4.888550758361816,0.33995726704597473,1.0,0.34923219680786133,0.09999999999999998,20000,2682.9198451042175
1440000,0.02163609117269516,4.8482441902160645,4.827662944793701,0.45459413528442383,1.0,0.236240953207016,0.09999999999999998,20000,2687.4368059635162
1441000,0.01572064310312271,4.728193283081055,4.905923843383789,0.3522171974182129,1.0,0.2434159517288208,0.09999999999999998,20000,2692.7399468421936
1442000,0.013927276246249676,4.489725589752197,4.429913520812988,0.3627769947052002,1.0,0.2516089677810669,0.09999999999999998,20000,2697.8248801231384
1443000,0.0032507581636309624,4.313284397125244,4.387198448181152,0.3799319565296173,1.0,0.06244126707315445,0.09999999999999998,20000,2703.0732939243317
1444000,0.009529143571853638,4.8793487548828125,4.849688529968262,0.31558582186698914,1.0,0.18537507951259613,0.09999999999999998,20000,2708.352860927582
1445000,0.014863090589642525,4.707851409912109,4.713711738586426,0.39977437257766724,1.0,0.22180667519569397,0.09999999999999998,20000,2713.8979349136353
1446000,0.011007368564605713,5.0539140701293945,5.114099979400635,0.2709512710571289,1.0,0.2931613624095917,0.09999999999999998,20000,2719.2749469280243
1447000,0.017280859872698784,4.6863555908203125,4.706669807434082,0.34485915303230286,1.0,0.3419683575630188,0.09999999999999998,20000,2724.4495029449463
1448000,0.011588675901293755,4.561491012573242,4.4016289710998535,0.36025744676589966,1.0,0.21506522595882416,0.09999999999999998,20000,2729.929353952408
1449000,0.02094566449522972,4.309863090515137,4.298257350921631,0.3725157678127289,1.0,0.3261612057685852,0.09999999999999998,20000,2734.778774023056
1450000,0.024346202611923218,4.9169392585754395,4.980000972747803,0.3440325856208801,1.0,0.3769383728504181,0.09999999999999998,20000,2740.195434808731
1451000,0.014011532068252563,4.605989933013916,4.538739204406738,0.2602904736995697,1.0,0.35106027126312256,0.09999999999999998,20000,2750.2816109657288
1452000,0.0168481282889843,4.200098991394043,4.222218990325928,0.5054863691329956,1.0,0.1844446063041687,0.09999999999999998,20000,2754.687476873398
1453000,0.02511485479772091,4.72695255279541,4.640589714050293,0.40269550681114197,1.0,0.3343110978603363,0.09999999999999998,20000,2759.2644970417023
1454000,0.007507338188588619,4.635931491851807,4.632462501525879,0.25782230496406555,1.0,0.24030514061450958,0.09999999999999998,20000,2763.717631816864
1455000,0.019291965290904045,4.391238689422607,4.2957963943481445,0.5569953918457031,1.0,0.21207422018051147,0.09999999999999998,20000,2768.4794359207153
1456000,0.019684553146362305,4.497014045715332,4.453816890716553,0.45324116945266724,1.0,0.2899923324584961,0.09999999999999998,20000,2772.7526738643646
1457000,0.01097013894468546,5.219660758972168,5.273181915283203,0.3474505841732025,1.0,0.20275431871414185,0.09999999999999998,20000,2777.120327949524
1458000,0.009507839567959309,4.505152702331543,4.697988033294678,0.42344510555267334,1.0,0.1359763741493225,0.09999999999999998,20000,2782.8491818904877
1459000,0.01279860083013773,4.568937301635742,4.711065292358398,0.3159412145614624,1.0,0.34566009044647217,0.09999999999999998,20000,2788.3002800941467
1460000,0.010938607156276703,3.7762885093688965,3.707495927810669,0.3393682837486267,1.0,0.20419877767562866,0.09999999999999998,20000,2792.925199985504
1461000,0.018095187842845917,4.92762565612793,4.984311580657959,0.2706605792045593,1.0,0.4260270595550537,0.09999999999999998,20000,2798.4168980121613
1462000,0.019286656752228737,4.131356239318848,4.1832594871521,0.35593801736831665,1.0,0.36049649119377136,0.09999999999999998,20000,2803.1112060546875
1463000,0.019489487633109093,3.9852311611175537,4.069637298583984,0.3177974224090576,1.0,0.4022334814071655,0.09999999999999998,20000,2808.530366897583
1464000,0.013656126335263252,5.070619583129883,5.113944053649902,0.3183816075325012,1.0,0.26656201481819153,0.09999999999999998,20000,2813.7215280532837
1465000,0.010314051061868668,4.587865829467773,4.655792236328125,0.3316182792186737,1.0,0.21704579889774323,0.09999999999999998,20000,2818.65998506546
1466000,0.0033051830250769854,4.495798587799072,4.630966663360596,0.3544536530971527,1.0,0.07560442388057709,0.09999999999999998,20000,2824.327971935272
1467000,0.010709255933761597,4.714217185974121,4.630943298339844,0.22892054915428162,1.0,0.3759145438671112,0.09999999999999998,20000,2829.46093583107
1468000,0.006978662684559822,4.716214656829834,4.738130569458008,0.31160324811935425,1.0,0.1638844609260559,0.09999999999999998,20000,2833.92556476593
1469000,0.007841748185455799,4.667751312255859,4.664788246154785,0.25241830945014954,1.0,0.28141307830810547,0.09999999999999998,20000,2838.4502940177917
1470000,0.024343963712453842,4.2938032150268555,4.175172805786133,0.43815088272094727,1.0,0.2953861951828003,0.09999999999999998,20000,2842.8771250247955
1471000,0.012287069112062454,4.3623738288879395,4.188022136688232,0.4365377724170685,1.0,0.20301666855812073,0.09999999999999998,20000,2848.44397687912
1472000,0.008530369028449059,4.460617542266846,4.418815612792969,0.305700421333313,1.0,0.22986844182014465,0.09999999999999998,20000,2854.65230512619
1473000,0.0056432089768350124,4.426968574523926,4.469269275665283,0.23874107003211975,1.0,0.23969174921512604,0.09999999999999998,20000,2860.3227639198303
1474000,0.04670007899403572,4.653678894042969,4.485725402832031,0.6173667311668396,1.0,0.36285874247550964,0.09999999999999998,20000,2865.607703924179
1475000,0.02508046105504036,4.607459545135498,4.5197858810424805,0.39028462767601013,1.0,0.4198682904243469,0.09999999999999998,20000,2870.9825010299683
1476000,0.005632564425468445,4.255518913269043,4.165411949157715,0.2598920166492462,1.0,0.23379099369049072,0.09999999999999998,20000,2876.323100090027
1477000,0.015680812299251556,4.54645299911499,4.419070243835449,0.31523045897483826,1.0,0.35489046573638916,0.09999999999999998,20000,2881.6035499572754
1478000,0.020728740841150284,4.709973335266113,4.6890869140625,0.35237589478492737,1.0,0.372819185256958,0.09999999999999998,20000,2886.9386217594147
1479000,0.011816209182143211,5.046299934387207,4.939363479614258,0.4157780408859253,1.0,0.19962096214294434,0.09999999999999998,20000,2892.579581975937
1480000,0.017351070418953896,4.600595474243164,4.269418716430664,0.36482900381088257,1.0,0.3110857605934143,0.09999999999999998,20000,2897.940491914749
1481000,0.02625277079641819,4.901712894439697,5.014003753662109,0.39899957180023193,1.0,0.2997838258743286,0.09999999999999998,20000,2902.9067990779877
1482000,0.003616187022998929,5.019484519958496,4.9843316078186035,0.2050933688879013,1.0,0.17711284756660461,0.09999999999999998,20000,2907.984742164612
1483000,0.01250557042658329,4.501667022705078,4.508974075317383,0.2693555951118469,1.0,0.36167651414871216,0.09999999999999998,20000,2912.414449930191
1484000,0.016366975381970406,4.624306678771973,4.6288557052612305,0.34621119499206543,1.0,0.2597021460533142,0.09999999999999998,20000,2916.9042069911957
1485000,0.014352535828948021,5.146163463592529,5.155625343322754,0.3042754828929901,1.0,0.3153977394104004,0.09999999999999998,20000,2921.3741059303284
1486000,0.006481532007455826,5.289121150970459,5.33829402923584,0.25876906514167786,1.0,0.21819381415843964,0.09999999999999998,20000,2927.0025057792664
1487000,0.02003156766295433,4.635060787200928,4.694103240966797,0.4605206549167633,1.0,0.21576105058193207,0.09999999999999998,20000,2932.200998067856
1488000,0.020096994936466217,5.285077095031738,5.275321006774902,0.2910120487213135,1.0,0.43485116958618164,0.09999999999999998,20000,2938.1591868400574
1489000,0.012107479386031628,4.774104118347168,4.790878772735596,0.39132755994796753,1.0,0.24036943912506104,0.09999999999999998,20000,2945.5925710201263
1490000,0.012872720137238503,4.996432781219482,5.02635383605957,0.21383051574230194,1.0,0.39622825384140015,0.09999999999999998,20000,2952.247104883194
1491000,0.02058979868888855,4.354966163635254,4.529271125793457,0.29457882046699524,1.0,0.4042995870113373,0.09999999999999998,20000,2958.9721808433533
1492000,0.015516924671828747,5.296865940093994,5.304011344909668,0.35080763697624207,1.0,0.25821560621261597,0.09999999999999998,20000,2965.133989095688
1493000,0.014944467693567276,4.493035793304443,4.369632720947266,0.2959234416484833,1.0,0.3380032479763031,0.09999999999999998,20000,2971.382082939148
1494000,0.016545934602618217,5.006648063659668,4.9365034103393555,0.3521316647529602,1.0,0.31971365213394165,0.09999999999999998,20000,2977.517879962921
1495000,0.0029786848463118076,4.808955669403076,4.759215354919434,0.3140551745891571,1.0,0.08651473373174667,0.09999999999999998,20000,2983.444638967514
1496000,0.00925937108695507,4.588602066040039,4.730499267578125,0.3052007853984833,1.0,0.22452092170715332,0.09999999999999998,20000,2989.285420894623
1497000,0.01918012648820877,4.796078681945801,5.033785343170166,0.35433605313301086,1.0,0.32580965757369995,0.09999999999999998,20000,2995.0720999240875
1498000,0.011495567858219147,4.26130485534668,4.216876983642578,0.3016549348831177,1.0,0.2754306197166443,0.09999999999999998,20000,3001.488299846649
1499000,0.01557053904980421,4.844598293304443,4.7356085777282715,0.35557591915130615,1.0,0.2779143750667572,0.09999999999999998,20000,3007.676769018173
1500000,0.012342354282736778,5.0167765617370605,4.919363498687744,0.3949507772922516,1.0,0.23146234452724457,0.09999999999999998,20000,3013.818248987198
1501000,0.036017656326293945,5.074171543121338,5.182385444641113,0.39511430263519287,1.0,0.3316078782081604,0.09999999999999998,20000,3025.969085931778
1502000,0.019008180126547813,4.995736598968506,4.902659893035889,0.38968923687934875,1.0,0.2319132387638092,0.09999999999999998,20000,3032.1087148189545
1503000,0.01669495552778244,4.943301200866699,4.873178482055664,0.3540615737438202,1.0,0.31349456310272217,0.09999999999999998,20000,3038.160259962082
1504000,0.012920007109642029,4.882019996643066,4.938165187835693,0.34821581840515137,1.0,0.28929203748703003,0.09999999999999998,20000,3044.299057006836
1505000,0.011244535446166992,4.5495734214782715,4.487853527069092,0.2675114870071411,1.0,0.31923237442970276,0.09999999999999998,20000,3050.559532880783
1506000,0.020330514758825302,4.692752838134766,4.856783390045166,0.3427133560180664,1.0,0.35153907537460327,0.09999999999999998,20000,3056.783281803131
1507000,0.013111663982272148,4.8110032081604,4.708613395690918,0.350202739238739,1.0,0.25920918583869934,0.09999999999999998,20000,3062.743817806244
1508000,0.0023463780526071787,4.385417938232422,4.4021453857421875,0.21858881413936615,1.0,0.09174084663391113,0.09999999999999998,20000,3068.3893768787384
1509000,0.010003345087170601,4.839759349822998,4.783224105834961,0.2856709361076355,1.0,0.23517900705337524,0.09999999999999998,20000,3074.1573078632355
1510000,0.01844637654721737,4.761000633239746,4.593379497528076,0.4164486229419708,1.0,0.3451799750328064,0.09999999999999998,20000,3080.676232814789
1511000,0.01020162831991911,4.020623207092285,3.9552502632141113,0.3550899922847748,1.0,0.19401420652866364,0.09999999999999998,20000,3086.909385919571
1512000,0.01322830282151699,4.042721271514893,4.014868259429932,0.30527955293655396,1.0,0.2906654477119446,0.09999999999999998,20000,3093.092337846756
1513000,0.016204018145799637,4.481746673583984,4.406414031982422,0.39836084842681885,1.0,0.21242761611938477,0.09999999999999998,20000,3099.1939628124237
1514000,0.013673555105924606,4.628482818603516,4.767844200134277,0.39583224058151245,1.0,0.2141781747341156,0.09999999999999998,20000,3105.2413198947906
1515000,0.030382782220840454,5.0255022048950195,5.125566005706787,0.4202480912208557,1.0,0.3663986623287201,0.09999999999999998,20000,3111.569499015808
1516000,0.006294415332376957,5.186837196350098,5.166347980499268,0.32964885234832764,1.0,0.13590951263904572,0.09999999999999998,20000,3117.6516859531403
1517000,0.00993332639336586,4.932663917541504,4.973470211029053,0.29736900329589844,1.0,0.2241213023662567,0.09999999999999998,20000,3123.906518936157
1518000,0.010924676433205605,4.736916542053223,4.808075904846191,0.3074038028717041,1.0,0.3048030138015747,0.09999999999999998,20000,3130.04749417305
1519000,0.03188852220773697,4.874591827392578,4.9747796058654785,0.48320522904396057,1.0,0.3547024130821228,0.09999999999999998,20000,3136.119082927704
1520000,0.02124599739909172,4.488787651062012,4.353811264038086,0.4501623511314392,1.0,0.24838902056217194,0.09999999999999998,20000,3142.311518907547
1521000,0.03741232678294182,4.233530521392822,4.162747859954834,0.5241425037384033,1.0,0.3274420499801636,0.09999999999999998,20000,3148.265121936798
1522000,0.011704223230481148,3.8131144046783447,3.8569576740264893,0.4347742795944214,1.0,0.1707671582698822,0.09999999999999998,20000,3154.083534002304
1523000,0.008511234074831009,4.528631210327148,4.581326007843018,0.2987021803855896,1.0,0.21342112123966217,0.09999999999999998,20000,3160.259302854538
1524000,0.008500593714416027,4.871518135070801,4.995099067687988,0.27040329575538635,1.0,0.22782449424266815,0.09999999999999998,20000,3166.4247829914093
1525000,0.015539497137069702,4.629300594329834,4.627103328704834,0.30297207832336426,1.0,0.34105047583580017,0.09999999999999998,20000,3172.742483854294
1526000,0.0044532883912324905,4.346656322479248,4.346789360046387,0.2845245897769928,1.0,0.13165903091430664,0.09999999999999998,20000,3178.883808851242
1527000,0.0027542368043214083,4.298525810241699,4.3441243171691895,0.306499183177948,1.0,0.08942902088165283,0.09999999999999998,20000,3185.0917508602142
1528000,0.02587956376373768,4.468587875366211,4.430977821350098,0.42996227741241455,1.0,0.2888423204421997,0.09999999999999998,20000,3191.2712359428406
1529000,0.005088215693831444,4.620517253875732,4.615774154663086,0.3373478651046753,1.0,0.12372107803821564,0.09999999999999998,20000,3197.5346369743347
1530000,0.026686927303671837,4.653881072998047,4.597673416137695,0.32828569412231445,1.0,0.43495064973831177,0.09999999999999998,20000,3203.5992171764374
1531000,0.010554504580795765,5.3114423751831055,5.41429328918457,0.324895977973938,1.0,0.1870695799589157,0.09999999999999998,20000,3209.650494813919
1532000,0.006218563299626112,4.831643104553223,4.765597343444824,0.2516402006149292,1.0,0.162190243601799,0.09999999999999998,20000,3215.9621958732605
1533000,0.01511431485414505,4.776545524597168,4.895951271057129,0.3026549220085144,1.0,0.3410062789916992,0.09999999999999998,20000,3221.8980877399445
1534000,0.005674131214618683,4.686102867126465,4.638059139251709,0.24578960239887238,1.0,0.19840529561042786,0.09999999999999998,20000,3227.6360960006714
1535000,0.009526567533612251,4.853542327880859,4.805492401123047,0.26177406311035156,1.0,0.21777501702308655,0.09999999999999998,20000,3233.501305103302
1536000,0.012786817736923695,5.195953369140625,5.270052909851074,0.28719058632850647,1.0,0.30895620584487915,0.09999999999999998,20000,3240.006819963455
1537000,0.01663345657289028,4.6732048988342285,4.683109283447266,0.3372137248516083,1.0,0.33459311723709106,0.09999999999999998,20000,3246.166802883148
1538000,0.013900047168135643,4.4126996994018555,4.398313522338867,0.2204534113407135,1.0,0.4357205629348755,0.09999999999999998,20000,3252.219696044922
1539000,0.01834625005722046,4.527584075927734,4.358202934265137,0.3613293170928955,1.0,0.29533815383911133,0.09999999999999998,20000,3258.1171050071716
1540000,0.006406188476830721,4.522582530975342,4.445056915283203,0.32435864210128784,1.0,0.1444949209690094,0.09999999999999998,20000,3264.2249159812927
1541000,0.017184600234031677,5.063403606414795,4.917501926422119,0.29630208015441895,1.0,0.4272935092449188,0.09999999999999998,20000,3270.4766850471497
1542000,0.02047226019203663,5.191210746765137,5.098396301269531,0.28396284580230713,1.0,0.47426843643188477,0.09999999999999998,20000,3276.546686887741
1543000,0.016949471086263657,4.698393821716309,4.683038711547852,0.3201404809951782,1.0,0.3670133352279663,0.09999999999999998,20000,3282.6620757579803
1544000,0.008555825799703598,4.256173610687256,4.246522903442383,0.22678843140602112,1.0,0.3056289553642273,0.09999999999999998,20000,3288.7648088932037
1545000,0.00946357473731041,4.811009407043457,4.777678966522217,0.32473504543304443,1.0,0.17587918043136597,0.09999999999999998,20000,3294.909854888916
1546000,0.021382838487625122,4.389639854431152,4.510436058044434,0.32679593563079834,1.0,0.41070207953453064,0.09999999999999998,20000,3300.814532995224
1547000,0.011716475710272789,4.830142021179199,4.815013885498047,0.3198689818382263,1.0,0.25717297196388245,0.09999999999999998,20000,3306.7571938037872
1548000,0.01793532446026802,4.576502799987793,4.678007125854492,0.32366281747817993,1.0,0.3038371205329895,0.09999999999999998,20000,3312.6766798496246
1549000,0.010512483306229115,4.463186264038086,4.376377105712891,0.34807902574539185,1.0,0.2014341950416565,0.09999999999999998,20000,3318.8639857769012
1550000,0.0036683334037661552,5.2249603271484375,5.231162071228027,0.26289644837379456,1.0,0.17629459500312805,0.09999999999999998,20000,3325.106693983078
1551000,0.023559153079986572,4.634159088134766,4.689428329467773,0.36498743295669556,1.0,0.3297526240348816,0.09999999999999998,20000,3337.831037759781
1552000,0.009774705395102501,4.3975653648376465,4.463391304016113,0.28558436036109924,1.0,0.24921080470085144,0.09999999999999998,20000,3343.9020018577576
1553000,0.005991052370518446,4.837717056274414,4.636045455932617,0.3945932388305664,1.0,0.07620719075202942,0.09999999999999998,20000,3350.0214569568634
1554000,0.0166226364672184,4.694872856140137,4.69681453704834,0.29573410749435425,1.0,0.2934628129005432,0.09999999999999998,20000,3356.1649289131165
1555000,0.01199847087264061,4.782649517059326,4.88535737991333,0.34598273038864136,1.0,0.23842701315879822,0.09999999999999998,20000,3362.5244500637054
1556000,0.0051463572308421135,4.8579912185668945,4.96270751953125,0.21683460474014282,1.0,0.2406681627035141,0.09999999999999998,20000,3368.863035917282
1557000,0.009815397672355175,4.532561779022217,4.513282775878906,0.28164511919021606,1.0,0.2765178680419922,0.09999999999999998,20000,3374.7303438186646
1558000,0.0315852165222168,4.2393598556518555,4.402163982391357,0.40663623809814453,1.0,0.3737240135669708,0.09999999999999998,20000,3380.7104387283325
1559000,0.0032323370687663555,5.1887688636779785,5.200819969177246,0.2977954149246216,1.0,0.10595382750034332,0.09999999999999998,20000,3386.5470938682556
1560000,0.013335184194147587,4.763888359069824,4.753475189208984,0.2637175917625427,1.0,0.36342281103134155,0.09999999999999998,20000,3392.602035999298
1561000,0.01414959505200386,4.893101692199707,5.02553653717041,0.3425041139125824,1.0,0.24627675116062164,0.09999999999999998,20000,3398.9161698818207
1562000,0.017154330387711525,4.77692985534668,4.763576507568359,0.44792935252189636,1.0,0.20772236585617065,0.09999999999999998,20000,3405.0346949100494
1563000,0.008559893816709518,4.526675224304199,4.480286598205566,0.22230374813079834,1.0,0.350975900888443,0.09999999999999998,20000,3411.217553138733
1564000,0.0175393745303154,4.04054594039917,4.066158294677734,0.27196869254112244,1.0,0.4240483343601227,0.09999999999999998,20000,3417.488967895508
1565000,0.014352083206176758,4.889869689941406,4.912672996520996,0.38697290420532227,1.0,0.25553959608078003,0.09999999999999998,20000,3423.680082798004
1566000,0.013558521866798401,4.921662330627441,5.001569747924805,0.3027056157588959,1.0,0.31040143966674805,0.09999999999999998,20000,3429.974096059799
1567000,0.021878715604543686,4.4717183113098145,4.516447067260742,0.3545774817466736,1.0,0.39121273159980774,0.09999999999999998,20000,3436.2115409374237
1568000,0.011976581066846848,4.59669303894043,4.669734477996826,0.3466314673423767,1.0,0.2395239621400833,0.09999999999999998,20000,3442.3575069904327
1569000,0.02239278331398964,4.739731788635254,4.820703029632568,0.2929801344871521,1.0,0.4199516773223877,0.09999999999999998,20000,3448.384598016739
1570000,0.0143001489341259,5.271121978759766,5.3681111335754395,0.29676109552383423,1.0,0.2897082269191742,0.09999999999999998,20000,3454.950587749481
1571000,0.004610260017216206,4.883812427520752,4.8464460372924805,0.20291215181350708,1.0,0.17276543378829956,0.09999999999999998,20000,3460.7965710163116
1572000,0.01654312014579773,4.5585174560546875,4.431292533874512,0.2731887996196747,1.0,0.3724348545074463,0.09999999999999998,20000,3466.6576359272003
1573000,0.0066573843359947205,4.721854209899902,4.7875776290893555,0.2094278186559677,1.0,0.3197872042655945,0.09999999999999998,20000,3472.9801869392395
1574000,0.018290717154741287,4.869853496551514,4.84046745300293,0.29536670446395874,1.0,0.3823663294315338,0.09999999999999998,20000,3479.002718925476
1575000,0.0027270691934973,4.741623878479004,4.833491802215576,0.27472299337387085,1.0,0.11936362087726593,0.09999999999999998,20000,3485.1088008880615
1576000,0.005158048123121262,4.82694149017334,4.851955890655518,0.20482009649276733,1.0,0.2045283168554306,0.09999999999999998,20000,3491.365134000778
1577000,0.010506940074265003,5.125034809112549,5.20713996887207,0.25791823863983154,1.0,0.27004462480545044,0.09999999999999998,20000,3497.3805208206177
1578000,0.016407852992415428,4.4083967208862305,4.343598365783691,0.34089428186416626,1.0,0.29849734902381897,0.09999999999999998,20000,3503.4953248500824
1579000,0.01762321963906288,4.993290901184082,5.048618316650391,0.2703345715999603,1.0,0.4656528830528259,0.09999999999999998,20000,3509.7160818576813
1580000,0.019604288041591644,4.362921714782715,4.2643022537231445,0.3367273211479187,1.0,0.3136986494064331,0.09999999999999998,20000,3515.976876974106
1581000,0.013731351122260094,5.090852737426758,5.179129600524902,0.2656974196434021,1.0,0.20341205596923828,0.09999999999999998,20000,3522.3884449005127
1582000,0.0185649786144495,5.00130558013916,5.0545220375061035,0.2780444622039795,1.0,0.46821683645248413,0.09999999999999998,20000,3528.4327569007874
1583000,0.01284736767411232,4.315333843231201,4.2757792472839355,0.3356167674064636,1.0,0.20342184603214264,0.09999999999999998,20000,3534.591161966324
1584000,0.008113842457532883,4.734004974365234,4.784767150878906,0.2630516588687897,1.0,0.20627647638320923,0.09999999999999998,20000,3540.2806787490845
1585000,0.012373166158795357,4.381484031677246,4.29335880279541,0.4107917547225952,1.0,0.07932810485363007,0.09999999999999998,20000,3546.0278041362762
1586000,0.013679545372724533,4.671480655670166,4.585903167724609,0.2954866290092468,1.0,0.356876939535141,0.09999999999999998,20000,3553.057811975479
1587000,0.01921555958688259,4.330949306488037,4.256200790405273,0.3873399794101715,1.0,0.2890334725379944,0.09999999999999998,20000,3560.01282286644
1588000,0.006346214562654495,4.697388648986816,4.608452796936035,0.288039892911911,1.0,0.15346196293830872,0.09999999999999998,20000,3566.443985939026
1589000,0.00792226567864418,4.340819358825684,4.391172409057617,0.3730315566062927,1.0,0.15586219727993011,0.09999999999999998,20000,3572.789661884308
1590000,0.010602903552353382,4.381325721740723,4.345127105712891,0.4072395861148834,1.0,0.17768998444080353,0.09999999999999998,20000,3579.245985031128
1591000,0.012400327250361443,4.616363048553467,4.61283016204834,0.38055020570755005,1.0,0.25424671173095703,0.09999999999999998,20000,3585.4540379047394
1592000,0.03617895394563675,4.875563621520996,4.876186370849609,0.42436617612838745,1.0,0.4294961094856262,0.09999999999999998,20000,3592.3837008476257
1593000,0.011403234675526619,4.694350719451904,4.677935600280762,0.31836697459220886,1.0,0.23659542202949524,0.09999999999999998,20000,3597.7063279151917
1594000,0.017424967139959335,4.375946998596191,4.435594081878662,0.3040168583393097,1.0,0.3742486536502838,0.09999999999999998,20000,3603.13836312294
1595000,0.035601209849119186,4.9883928298950195,5.05018424987793,0.31680864095687866,1.0,0.5723073482513428,0.09999999999999998,20000,3608.8156027793884
1596000,0.007727581541985273,4.682877063751221,4.663602828979492,0.18955481052398682,1.0,0.35289910435676575,0.09999999999999998,20000,3614.186043739319
1597000,0.02904733270406723,5.003298759460449,4.816971778869629,0.3783849775791168,1.0,0.4037342071533203,0.09999999999999998,20000,3618.8206498622894
1598000,0.024094805121421814,4.646847724914551,4.785489082336426,0.3690687417984009,1.0,0.3978768587112427,0.09999999999999998,20000,3623.550503730774
1599000,0.02274191565811634,4.432277679443359,4.422910690307617,0.3782411813735962,1.0,0.32794374227523804,0.09999999999999998,20000,3628.2656388282776
1600000,0.03969641774892807,4.401979923248291,4.539826393127441,0.3730852007865906,1.0,0.526566743850708,0.09999999999999998,20000,3633.2435030937195
1601000,0.021783726289868355,5.3552985191345215,5.488129615783691,0.30590927600860596,1.0,0.3814958930015564,0.09999999999999998,20000,3646.9048371315002
1602000,0.02020217850804329,4.869416236877441,4.778923511505127,0.3191088140010834,1.0,0.4159809947013855,0.09999999999999998,20000,3652.131770133972
1603000,0.01751766912639141,4.579192161560059,4.518703460693359,0.3855213522911072,1.0,0.27044677734375,0.09999999999999998,20000,3656.9999227523804
1604000,0.010752322152256966,4.401887893676758,4.397087574005127,0.266653835773468,1.0,0.3092990517616272,0.09999999999999998,20000,3662.634735107422
1605000,0.003899828065186739,4.466202259063721,4.49591064453125,0.21463540196418762,1.0,0.16235724091529846,0.09999999999999998,20000,3669.5066089630127
1606000,0.012287268415093422,4.843231201171875,4.834709167480469,0.2869316339492798,1.0,0.2825845777988434,0.09999999999999998,20000,3675.2362837791443
1607000,0.01991553232073784,4.671627044677734,4.739751815795898,0.41666746139526367,1.0,0.2618260979652405,0.09999999999999998,20000,3680.793904066086
1608000,0.0144257303327322,4.172746658325195,4.165546417236328,0.3404231667518616,1.0,0.2974165081977844,0.09999999999999998,20000,3685.7573239803314
1609000,0.007460313383489847,4.690898418426514,4.775118827819824,0.3005952835083008,1.0,0.21404744684696198,0.09999999999999998,20000,3691.1277899742126
1610000,0.0071166809648275375,4.976570129394531,5.005560874938965,0.287659227848053,1.0,0.1688159704208374,0.09999999999999998,20000,3696.2413289546967
1611000,0.008392156101763248,4.895841121673584,4.826634407043457,0.3708600699901581,1.0,0.15675953030586243,0.09999999999999998,20000,3700.709938764572
1612000,0.023484110832214355,4.5791778564453125,4.601345062255859,0.2830543518066406,1.0,0.49422627687454224,0.09999999999999998,20000,3705.103515148163
1613000,0.015884283930063248,4.416747093200684,4.36836576461792,0.30141884088516235,1.0,0.34364405274391174,0.09999999999999998,20000,3709.455762863159
1614000,0.019351206719875336,4.601825714111328,4.612941265106201,0.33750009536743164,1.0,0.34628868103027344,0.09999999999999998,20000,3714.5949919223785
1615000,0.01618400402367115,4.796079158782959,4.6908063888549805,0.2646493911743164,1.0,0.44130629301071167,0.09999999999999998,20000,3719.899936914444
1616000,0.010767742991447449,4.937966346740723,4.859695911407471,0.32425960898399353,1.0,0.24140341579914093,0.09999999999999998,20000,3725.2112069129944
1617000,0.010380049236118793,4.9885783195495605,4.945867538452148,0.23176780343055725,1.0,0.3218233585357666,0.09999999999999998,20000,3730.284760951996
1618000,0.01541657280176878,5.179383277893066,5.203968524932861,0.3429719805717468,1.0,0.2516145706176758,0.09999999999999998,20000,3735.7072999477386
1619000,0.014861139468848705,5.556670188903809,5.523737907409668,0.30845487117767334,1.0,0.3017800450325012,0.09999999999999998,20000,3741.1787588596344
1620000,0.020715031772851944,4.54353141784668,4.436637878417969,0.3051852583885193,1.0,0.43617451190948486,0.09999999999999998,20000,3746.54705286026
1621000,0.007617567665874958,4.316378593444824,4.297779083251953,0.4043540358543396,1.0,0.14862748980522156,0.09999999999999998,20000,3751.793974876404
1622000,0.01767876371741295,4.670904636383057,4.55283260345459,0.33120739459991455,1.0,0.3270941376686096,0.09999999999999998,20000,3756.790321826935
1623000,0.011062334291636944,4.859963417053223,4.911767959594727,0.4840860664844513,1.0,0.112667016685009,0.09999999999999998,20000,3761.6560819149017
1624000,0.014510273933410645,5.259119987487793,5.234945297241211,0.3230980932712555,1.0,0.33463695645332336,0.09999999999999998,20000,3767.041489839554
1625000,0.007398654706776142,5.0067243576049805,4.9055280685424805,0.2742767930030823,1.0,0.22515800595283508,0.09999999999999998,20000,3772.9706699848175
1626000,0.01106986403465271,4.705479621887207,4.614017486572266,0.4318060874938965,1.0,0.17725490033626556,0.09999999999999998,20000,3779.0364310741425
1627000,0.01397850550711155,4.574914932250977,4.568387985229492,0.28432103991508484,1.0,0.33638525009155273,0.09999999999999998,20000,3784.9609200954437
1628000,0.007688713725656271,5.222268104553223,5.253955841064453,0.22678521275520325,1.0,0.2717858552932739,0.09999999999999998,20000,3790.817624092102
1629000,0.00793104525655508,4.29742431640625,4.359885215759277,0.29548192024230957,1.0,0.20975574851036072,0.09999999999999998,20000,3797.3699219226837
1630000,0.014963064342737198,4.419928073883057,4.457757949829102,0.25609689950942993,1.0,0.43016302585601807,0.09999999999999998,20000,3803.7031631469727
1631000,0.02403651736676693,4.503493309020996,4.43434476852417,0.3850518763065338,1.0,0.2930091321468353,0.09999999999999998,20000,3809.7919969558716
1632000,0.015018664300441742,3.6939163208007812,3.779658317565918,0.28816622495651245,1.0,0.2987307906150818,0.09999999999999998,20000,3815.8422927856445
1633000,0.011247771792113781,4.211381912231445,4.307622909545898,0.2900007963180542,1.0,0.3187987804412842,0.09999999999999998,20000,3821.977064847946
1634000,0.012962030246853828,4.622010231018066,4.6633100509643555,0.27440035343170166,1.0,0.24170824885368347,0.09999999999999998,20000,3828.2873249053955
1635000,0.005216794088482857,4.800673484802246,4.768215656280518,0.1419006586074829,1.0,0.3432527780532837,0.09999999999999998,20000,3834.243756055832
1636000,0.018946610391139984,4.968846321105957,4.9426679611206055,0.36199864745140076,1.0,0.2462705373764038,0.09999999999999998,20000,3840.3266060352325
1637000,0.01104276068508625,4.4075541496276855,4.345264911651611,0.27278682589530945,1.0,0.3024160861968994,0.09999999999999998,20000,3847.755238056183
1638000,0.010940802283585072,5.0629191398620605,5.19475793838501,0.3089601397514343,1.0,0.2804945111274719,0.09999999999999998,20000,3853.620398044586
1639000,0.016228951513767242,5.278362274169922,5.233575344085693,0.253670871257782,1.0,0.4428749084472656,0.09999999999999998,20000,3858.891378879547
1640000,0.015647346153855324,4.492464065551758,4.297905445098877,0.35228443145751953,1.0,0.29866155982017517,0.09999999999999998,20000,3864.434019088745
1641000,0.0119850505143404,5.076681137084961,4.901191711425781,0.3721683621406555,1.0,0.1811111569404602,0.09999999999999998,20000,3870.304060935974
1642000,0.012145291082561016,4.774442672729492,4.681356906890869,0.2998112142086029,1.0,0.29171478748321533,0.09999999999999998,20000,3875.8001239299774
1643000,0.015059830620884895,5.402693748474121,5.311236381530762,0.30720579624176025,1.0,0.35453322529792786,0.09999999999999998,20000,3881.3650081157684
1644000,0.028281735256314278,4.396719455718994,4.575156211853027,0.38260936737060547,1.0,0.35606327652931213,0.09999999999999998,20000,3886.6601998806
1645000,0.008708920329809189,4.361882209777832,4.464588165283203,0.20850376784801483,1.0,0.33251816034317017,0.09999999999999998,20000,3892.026211977005
1646000,0.012929161079227924,4.3961310386657715,4.481603622436523,0.24596501886844635,1.0,0.3507276773452759,0.09999999999999998,20000,3897.029783964157
1647000,0.033922985196113586,4.622390270233154,4.589536190032959,0.4428099989891052,1.0,0.3766932487487793,0.09999999999999998,20000,3902.351455926895
1648000,0.013059210032224655,5.205799102783203,5.319228172302246,0.301798552274704,1.0,0.27902859449386597,0.09999999999999998,20000,3907.892648935318
1649000,0.010116560384631157,4.859151840209961,4.982728481292725,0.3135477900505066,1.0,0.2664293348789215,0.09999999999999998,20000,3913.1719629764557
1650000,0.02092188224196434,5.074540615081787,5.224393844604492,0.325459361076355,1.0,0.42329123616218567,0.09999999999999998,20000,3918.3915259838104
1651000,0.008853829465806484,4.785006046295166,4.746214866638184,0.3265693187713623,1.0,0.14747890830039978,0.09999999999999998,20000,3931.641212940216
1652000,0.013585789129137993,4.456410884857178,4.433619499206543,0.2645191550254822,1.0,0.398003488779068,0.09999999999999998,20000,3936.264668941498
1653000,0.02767397090792656,4.519630432128906,4.3537092208862305,0.3641493320465088,1.0,0.389573872089386,0.09999999999999998,20000,3940.9230840206146
1654000,0.01155221275985241,5.243982315063477,5.266560077667236,0.24239248037338257,1.0,0.35059991478919983,0.09999999999999998,20000,3945.4179151058197
1655000,0.009427271783351898,4.543893814086914,4.573169708251953,0.38262125849723816,1.0,0.10251098871231079,0.09999999999999998,20000,3950.046541929245
1656000,0.012871499173343182,5.105334281921387,5.029350280761719,0.34426349401474,1.0,0.2253144383430481,0.09999999999999998,20000,3954.5187361240387
1657000,0.00994925294071436,4.826761722564697,5.046560287475586,0.45249143242836,1.0,0.1440832018852234,0.09999999999999998,20000,3959.0036730766296
1658000,0.008574078790843487,4.721476078033447,4.61067008972168,0.3221709728240967,1.0,0.18951958417892456,0.09999999999999998,20000,3963.460193872452
1659000,0.009702425450086594,4.594962120056152,4.716465473175049,0.3123411238193512,1.0,0.21799775958061218,0.09999999999999998,20000,3968.0066809654236
1660000,0.006741748191416264,4.7256388664245605,4.706268310546875,0.26687783002853394,1.0,0.17543579638004303,0.09999999999999998,20000,3972.5184149742126
1661000,0.010150227695703506,4.69158411026001,4.779789447784424,0.28884249925613403,1.0,0.2333289235830307,0.09999999999999998,20000,3977.7354390621185
1662000,0.019813308492302895,5.0536603927612305,5.272258758544922,0.33680665493011475,1.0,0.29897749423980713,0.09999999999999998,20000,3983.996873855591
1663000,0.014218579977750778,4.675921440124512,4.7893266677856445,0.37864041328430176,1.0,0.20695818960666656,0.09999999999999998,20000,3989.0715119838715
1664000,0.02666471153497696,4.56809663772583,4.539387226104736,0.3807658553123474,1.0,0.33028072118759155,0.09999999999999998,20000,3994.6395161151886
1665000,0.012038499116897583,4.9366583824157715,4.866463661193848,0.3257039785385132,1.0,0.25729984045028687,0.09999999999999998,20000,4000.9103059768677
1666000,0.0038622524589300156,4.802868843078613,4.843914031982422,0.282207727432251,1.0,0.14630678296089172,0.09999999999999998,20000,4006.6103949546814
1667000,0.011094747111201286,4.228166580200195,4.133586406707764,0.34352144598960876,1.0,0.23111793398857117,0.09999999999999998,20000,4011.3211908340454
1668000,0.010521747171878815,4.540375232696533,4.603893280029297,0.33465373516082764,1.0,0.25029629468917847,0.09999999999999998,20000,4016.663053035736
1669000,0.017813790589571,4.577181339263916,4.31516170501709,0.30244722962379456,1.0,0.3131416440010071,0.09999999999999998,20000,4022.713660955429
1670000,0.0037785677704960108,5.027927398681641,5.14223575592041,0.3118811547756195,1.0,0.10781875252723694,0.09999999999999998,20000,4028.740643978119
1671000,0.014411683194339275,4.0310845375061035,4.191767692565918,0.3358455002307892,1.0,0.30376264452934265,0.09999999999999998,20000,4035.4431359767914
1672000,0.011086119338870049,5.144290924072266,5.2568254470825195,0.23810046911239624,1.0,0.3723299503326416,0.09999999999999998,20000,4041.452283143997
1673000,0.007451188750565052,4.80281400680542,4.9411797523498535,0.33689433336257935,1.0,0.17055898904800415,0.09999999999999998,20000,4047.4060440063477
1674000,0.00825485773384571,4.644379138946533,4.75725793838501,0.2530234456062317,1.0,0.2705027759075165,0.09999999999999998,20000,4054.0243809223175
1675000,0.010559791699051857,4.5967206954956055,4.679808616638184,0.25831395387649536,1.0,0.33302998542785645,0.09999999999999998,20000,4060.4159228801727
1676000,0.021582530811429024,4.2033162117004395,4.2831501960754395,0.369254469871521,1.0,0.34784552454948425,0.09999999999999998,20000,4066.315307855606
1677000,0.032596081495285034,4.35333251953125,4.351099014282227,0.43446996808052063,1.0,0.36758920550346375,0.09999999999999998,20000,4071.8098061084747
1678000,0.012312267906963825,4.269343852996826,4.2107696533203125,0.30984967947006226,1.0,0.275279700756073,0.09999999999999998,20000,4078.149395942688
1679000,0.017798669636249542,4.303608417510986,4.3793792724609375,0.3478943109512329,1.0,0.34437018632888794,0.09999999999999998,20000,4083.747875928879
1680000,0.017987491562962532,4.174803733825684,4.154997825622559,0.4220329523086548,1.0,0.24144765734672546,0.09999999999999998,20000,4089.311415910721
1681000,0.005491596180945635,4.752849578857422,4.8894877433776855,0.3269554376602173,1.0,0.16011635959148407,0.09999999999999998,20000,4094.565574169159
1682000,0.005704563111066818,4.203238487243652,4.342616081237793,0.23960448801517487,1.0,0.23919564485549927,0.09999999999999998,20000,4101.101541042328
1683000,0.012376872822642326,5.136245250701904,5.029590129852295,0.3933163583278656,1.0,0.14402714371681213,0.09999999999999998,20000,4107.305608987808
1684000,0.007383332122117281,4.630804538726807,4.531353950500488,0.23341161012649536,1.0,0.2941622734069824,0.09999999999999998,20000,4114.002778053284
1685000,0.01922263391315937,4.2785749435424805,4.441985130310059,0.4024808406829834,1.0,0.28975898027420044,0.09999999999999998,20000,4120.668273925781
1686000,0.016075294464826584,5.058487415313721,5.036625385284424,0.30740952491760254,1.0,0.39288330078125,0.09999999999999998,20000,4126.942854166031
1687000,0.02320067584514618,4.760120868682861,4.776243209838867,0.3429427146911621,1.0,0.3747035264968872,0.09999999999999998,20000,4132.63987493515
1688000,0.007383841089904308,4.575305938720703,4.50624942779541,0.290791392326355,1.0,0.17092643678188324,0.09999999999999998,20000,4138.483834981918
1689000,0.01001117192208767,5.087697982788086,5.017561912536621,0.25253868103027344,1.0,0.32329875230789185,0.09999999999999998,20000,4145.579988956451
1690000,0.026024386286735535,4.752906799316406,4.774445056915283,0.334883451461792,1.0,0.46950075030326843,0.09999999999999998,20000,4151.298820018768
1691000,0.014044220559298992,4.91654109954834,4.9364728927612305,0.514003574848175,1.0,0.15711337327957153,0.09999999999999998,20000,4157.397211074829
1692000,0.007274795323610306,4.373843669891357,4.305014610290527,0.30390840768814087,1.0,0.18774831295013428,0.09999999999999998,20000,4162.848809957504
1693000,0.0042602126486599445,4.493379592895508,4.367544651031494,0.26436322927474976,1.0,0.1110522672533989,0.09999999999999998,20000,4168.484750032425
1694000,0.00426572235301137,4.5823822021484375,4.55158805847168,0.26097339391708374,1.0,0.1619926393032074,0.09999999999999998,20000,4174.670840024948
1695000,0.00938382651656866,4.921388626098633,4.952874660491943,0.34326934814453125,1.0,0.17192846536636353,0.09999999999999998,20000,4179.934386968613
1696000,0.015299230813980103,5.187767028808594,5.2558088302612305,0.3726857006549835,1.0,0.3098995089530945,0.09999999999999998,20000,4184.982709884644
1697000,0.009265253320336342,5.376123428344727,5.35548734664917,0.2713482975959778,1.0,0.2820606231689453,0.09999999999999998,20000,4190.144181013107
1698000,0.010076232254505157,4.933454513549805,4.858111381530762,0.35833802819252014,1.0,0.17240945994853973,0.09999999999999998,20000,4195.786686897278
1699000,0.016242969781160355,5.037763595581055,5.0273213386535645,0.3164125978946686,1.0,0.3399483561515808,0.09999999999999998,20000,4201.575396060944
1700000,0.009158030152320862,4.937700271606445,4.841400146484375,0.3134133517742157,1.0,0.21940332651138306,0.09999999999999998,20000,4207.564433813095
1701000,0.007144948001950979,4.555360794067383,4.672140121459961,0.36497148871421814,1.0,0.13066020607948303,0.09999999999999998,20000,4222.618278026581
1702000,0.0016274305526167154,4.946106910705566,4.973187446594238,0.29710620641708374,1.0,0.06749984622001648,0.09999999999999998,20000,4228.478539943695
1703000,0.01844608411192894,4.741981506347656,4.8370585441589355,0.28956833481788635,1.0,0.38097304105758667,0.09999999999999998,20000,4235.432881832123
1704000,0.0042768800631165504,4.66494607925415,4.534328460693359,0.30770620703697205,1.0,0.11617239564657211,0.09999999999999998,20000,4241.916281938553
1705000,0.028243646025657654,4.974950313568115,5.0826239585876465,0.3428393006324768,1.0,0.4815087616443634,0.09999999999999998,20000,4247.553370952606
1706000,0.0028713734354823828,4.723117828369141,4.688787460327148,0.3049864172935486,1.0,0.092932790517807,0.09999999999999998,20000,4252.652893781662
1707000,0.018278377130627632,5.129599571228027,5.208246231079102,0.3244696855545044,1.0,0.35136157274246216,0.09999999999999998,20000,4257.538673877716
1708000,0.018675420433282852,4.878436088562012,5.058788776397705,0.35630446672439575,1.0,0.2948436141014099,0.09999999999999998,20000,4261.967427015305
1709000,0.008400439284741879,4.453499794006348,4.524568557739258,0.21272805333137512,1.0,0.2887318730354309,0.09999999999999998,20000,4267.083446025848
1710000,0.024820366874337196,4.840532302856445,4.816388130187988,0.37902334332466125,1.0,0.38886526226997375,0.09999999999999998,20000,4272.887794971466
1711000,0.00474098464474082,4.680158615112305,4.71064567565918,0.28237107396125793,1.0,0.16407513618469238,0.09999999999999998,20000,4278.540531873703
1712000,0.01052047684788704,4.674522876739502,4.725155830383301,0.3280503451824188,1.0,0.20575840771198273,0.09999999999999998,20000,4283.994662761688
1713000,0.01094351802021265,4.81242561340332,4.753942489624023,0.32317298650741577,1.0,0.25798097252845764,0.09999999999999998,20000,4289.537719964981
1714000,0.010438704863190651,4.837400436401367,4.478393077850342,0.6038644313812256,1.0,0.1167227178812027,0.09999999999999998,20000,4295.042193174362
1715000,0.01646050065755844,4.315492153167725,4.446877956390381,0.47829753160476685,1.0,0.19762131571769714,0.09999999999999998,20000,4300.5507299900055
1716000,0.021565742790699005,5.010623931884766,5.072445869445801,0.3424249291419983,1.0,0.37851184606552124,0.09999999999999998,20000,4306.206696987152
1717000,0.006185285747051239,4.546423435211182,4.583797931671143,0.2517944574356079,1.0,0.21123090386390686,0.09999999999999998,20000,4313.113203763962
1718000,0.01479191891849041,4.344830513000488,4.334063529968262,0.29621827602386475,1.0,0.3372804522514343,0.09999999999999998,20000,4319.289239883423
1719000,0.011739993467926979,4.981647491455078,4.9463911056518555,0.2501104474067688,1.0,0.35824769735336304,0.09999999999999998,20000,4324.894347906113
1720000,0.021185001358389854,4.965328216552734,5.02075719833374,0.3795672655105591,1.0,0.3967388868331909,0.09999999999999998,20000,4329.9555151462555
1721000,0.02326207421720028,4.489919662475586,4.463100433349609,0.412325918674469,1.0,0.32521501183509827,0.09999999999999998,20000,4334.5287499427795
1722000,0.023091871291399002,4.996435165405273,5.088592052459717,0.31037625670433044,1.0,0.48781365156173706,0.09999999999999998,20000,4338.974144935608
1723000,0.020191311836242676,5.5191216468811035,5.381609916687012,0.5235650539398193,1.0,0.21574033796787262,0.09999999999999998,20000,4343.6270587444305
1724000,0.006784744560718536,4.761656284332275,4.8266706466674805,0.3867851197719574,1.0,0.1335352063179016,0.09999999999999998,20000,4349.464781999588
1725000,0.015253381803631783,4.773794651031494,4.805347442626953,0.30040568113327026,1.0,0.3435134291648865,0.09999999999999998,20000,4354.867948055267
1726000,0.006939271930605173,4.218170166015625,4.234525680541992,0.26408547163009644,1.0,0.2268645465373993,0.09999999999999998,20000,4360.271176815033
1727000,0.011889196932315826,4.94556999206543,4.971450328826904,0.39238178730010986,1.0,0.17131131887435913,0.09999999999999998,20000,4365.799389839172
1728000,0.012663066387176514,4.737931251525879,4.749039649963379,0.31659388542175293,1.0,0.25927793979644775,0.09999999999999998,20000,4371.436283111572
1729000,0.017219260334968567,4.76865291595459,4.684863090515137,0.4217774271965027,1.0,0.20565387606620789,0.09999999999999998,20000,4376.840158939362
1730000,0.01965012215077877,4.273977279663086,4.207054615020752,0.41284799575805664,1.0,0.28477272391319275,0.09999999999999998,20000,4382.44654583931
1731000,0.008151371031999588,5.070502758026123,5.1427836418151855,0.22287358343601227,1.0,0.1543777883052826,0.09999999999999998,20000,4387.726982116699
1732000,0.012597126886248589,4.693551063537598,4.763259410858154,0.2882597744464874,1.0,0.33421415090560913,0.09999999999999998,20000,4393.033775091171
1733000,0.01699308305978775,4.5999040603637695,4.621876239776611,0.30605700612068176,1.0,0.26723721623420715,0.09999999999999998,20000,4398.643036842346
1734000,0.0210176520049572,4.68277645111084,4.476163864135742,0.37520986795425415,1.0,0.3544856607913971,0.09999999999999998,20000,4404.162658929825
1735000,0.0058382367715239525,5.50814151763916,5.483593940734863,0.2682077884674072,1.0,0.16354700922966003,0.09999999999999998,20000,4408.8827838897705
1736000,0.02505853772163391,4.944913864135742,4.880505561828613,0.3758023977279663,1.0,0.36567556858062744,0.09999999999999998,20000,4413.188485145569
1737000,0.01643688976764679,5.04256534576416,5.112453460693359,0.2842107117176056,1.0,0.3453393578529358,0.09999999999999998,20000,4417.771698951721
1738000,0.013304512947797775,4.5842437744140625,4.398838520050049,0.3740155100822449,1.0,0.210326686501503,0.09999999999999998,20000,4422.453072071075
1739000,0.02300611138343811,5.200640678405762,5.280139446258545,0.3770999312400818,1.0,0.3316255211830139,0.09999999999999998,20000,4428.285342931747
1740000,0.01512533612549305,4.322666168212891,4.481936454772949,0.3016971945762634,1.0,0.3236544728279114,0.09999999999999998,20000,4433.545895814896
1741000,0.01943916454911232,5.032358646392822,5.2470855712890625,0.472974956035614,1.0,0.2274368852376938,0.09999999999999998,20000,4439.089201927185
1742000,0.009321663528680801,4.91230583190918,4.807319641113281,0.40698444843292236,1.0,0.16560323536396027,0.09999999999999998,20000,4444.629489183426
1743000,0.02456086501479149,5.01338005065918,5.044151306152344,0.36053428053855896,1.0,0.38196665048599243,0.09999999999999998,20000,4450.363234043121
1744000,0.009540067985653877,5.266845703125,5.328318119049072,0.3682667016983032,1.0,0.20151549577713013,0.09999999999999998,20000,4455.747577905655
1745000,0.00929025188088417,5.427341461181641,5.472413063049316,0.43049412965774536,1.0,0.14391633868217468,0.09999999999999998,20000,4461.266891002655
1746000,0.022068051621317863,4.2393083572387695,4.406698226928711,0.3454521596431732,1.0,0.3612365126609802,0.09999999999999998,20000,4466.627893924713
1747000,0.016248397529125214,4.391243934631348,4.3673834800720215,0.3290461301803589,1.0,0.2974638342857361,0.09999999999999998,20000,4472.072587966919
1748000,0.023316912353038788,5.352602958679199,5.402585029602051,0.3332712948322296,1.0,0.37106433510780334,0.09999999999999998,20000,4478.041878938675
1749000,0.021530756726861,5.103579521179199,5.007065773010254,0.3868546485900879,1.0,0.28027212619781494,0.09999999999999998,20000,4483.307041883469
1750000,0.009726877324283123,4.878317832946777,4.889584541320801,0.3268287181854248,1.0,0.21365094184875488,0.09999999999999998,20000,4488.090394973755
1751000,0.027044571936130524,4.733304977416992,4.887103080749512,0.42079994082450867,1.0,0.2837678790092468,0.09999999999999998,20000,4500.606556892395
1752000,0.013368317857384682,4.527395248413086,4.27122688293457,0.4091554880142212,1.0,0.19878944754600525,0.09999999999999998,20000,4506.424976110458
1753000,0.01223035342991352,4.703432559967041,4.647557258605957,0.3708837628364563,1.0,0.1784951090812683,0.09999999999999998,20000,4512.017066001892
1754000,0.030968748033046722,5.1222076416015625,5.124005317687988,0.3782651424407959,1.0,0.36220961809158325,0.09999999999999998,20000,4519.121626138687
1755000,0.008917146362364292,4.432259559631348,4.476105690002441,0.34624937176704407,1.0,0.17042312026023865,0.09999999999999998,20000,4525.951773881912
1756000,0.01606413908302784,4.8812456130981445,4.760501861572266,0.365326851606369,1.0,0.33764201402664185,0.09999999999999998,20000,4532.560799837112
1757000,0.013439090922474861,4.889924049377441,4.90067195892334,0.49567916989326477,1.0,0.17357635498046875,0.09999999999999998,20000,4538.9906668663025
1758000,0.010731823742389679,4.662796974182129,4.465549468994141,0.3825891613960266,1.0,0.21651752293109894,0.09999999999999998,20000,4544.405446767807
1759000,0.010455012321472168,5.119248390197754,5.181459903717041,0.3768530488014221,1.0,0.18972882628440857,0.09999999999999998,20000,4550.666987895966
1760000,0.017216689884662628,5.177011013031006,5.278209686279297,0.3200511038303375,1.0,0.3558972477912903,0.09999999999999998,20000,4556.48860001564
1761000,0.0066793207079172134,4.803293704986572,4.874680042266846,0.34092432260513306,1.0,0.14773738384246826,0.09999999999999998,20000,4562.125702857971
1762000,0.0094026243314147,4.764345645904541,4.813244819641113,0.3150097131729126,1.0,0.20164571702480316,0.09999999999999998,20000,4567.27844285965
1763000,0.01717841438949108,4.83402156829834,4.831751823425293,0.3902542293071747,1.0,0.17407770454883575,0.09999999999999998,20000,4572.146431922913
1764000,0.02153784967958927,4.411327362060547,4.479086875915527,0.3021763861179352,1.0,0.36529213190078735,0.09999999999999998,20000,4577.224438905716
1765000,0.009516997262835503,5.235148906707764,5.126652717590332,0.3677542209625244,1.0,0.18009747564792633,0.09999999999999998,20000,4583.561187982559
1766000,0.011610043235123158,4.462630271911621,4.484140872955322,0.4210811257362366,1.0,0.19214051961898804,0.09999999999999998,20000,4589.516457796097
1767000,0.011748015880584717,5.127371788024902,5.11218786239624,0.3387919068336487,1.0,0.26456230878829956,0.09999999999999998,20000,4595.14403295517
1768000,0.0062540266662836075,5.133795738220215,5.124615669250488,0.2596656084060669,1.0,0.19479568302631378,0.09999999999999998,20000,4601.039965867996
1769000,0.034991756081581116,4.428940773010254,4.573714256286621,0.396103173494339,1.0,0.5103718042373657,0.09999999999999998,20000,4606.497231006622
1770000,0.006879343651235104,4.55019474029541,4.5117902755737305,0.269197940826416,1.0,0.17696116864681244,0.09999999999999998,20000,4611.65829706192
1771000,0.008239991962909698,4.760869026184082,4.600823402404785,0.3124338686466217,1.0,0.1779627650976181,0.09999999999999998,20000,4617.146147012711
1772000,0.015313485637307167,5.262094497680664,5.135160446166992,0.38802170753479004,1.0,0.3163383901119232,0.09999999999999998,20000,4622.761305093765
1773000,0.009990423917770386,5.246376037597656,5.130111217498779,0.33817166090011597,1.0,0.20711013674736023,0.09999999999999998,20000,4628.519886016846
1774000,0.01935475692152977,4.676114082336426,4.733985900878906,0.3573451638221741,1.0,0.3365253210067749,0.09999999999999998,20000,4633.48587679863
1775000,0.012959152460098267,4.3212666511535645,4.342165946960449,0.42936891317367554,1.0,0.18804314732551575,0.09999999999999998,20000,4639.247461080551
1776000,0.01930362917482853,4.86539363861084,4.920804023742676,0.33153238892555237,1.0,0.32044950127601624,0.09999999999999998,20000,4644.345210075378
1777000,0.007770897354930639,4.995752334594727,5.156482219696045,0.28774070739746094,1.0,0.22035430371761322,0.09999999999999998,20000,4648.776581048965
1778000,0.012501874938607216,4.393871307373047,4.3773112297058105,0.4516068398952484,1.0,0.22126725316047668,0.09999999999999998,20000,4653.0345759391785
1779000,0.00795187707990408,4.693150043487549,4.633477687835693,0.3084990382194519,1.0,0.1853717714548111,0.09999999999999998,20000,4657.620839834213
1780000,0.02200772427022457,4.330252647399902,4.461583614349365,0.455293744802475,1.0,0.2504359185695648,0.09999999999999998,20000,4663.145458936691
1781000,0.018807532265782356,4.82056188583374,4.85100793838501,0.3647744953632355,1.0,0.295091837644577,0.09999999999999998,20000,4668.312741994858
1782000,0.007892714813351631,4.540470123291016,4.472419738769531,0.2620040476322174,1.0,0.2583730220794678,0.09999999999999998,20000,4673.709905862808
1783000,0.004055301193147898,4.982265949249268,4.9329633712768555,0.2059931457042694,1.0,0.168826162815094,0.09999999999999998,20000,4678.967602968216
1784000,0.005347761791199446,5.037629127502441,5.119002342224121,0.345251202583313,1.0,0.11546695232391357,0.09999999999999998,20000,4684.015430927277
1785000,0.012233598157763481,5.083246231079102,5.093785285949707,0.250990092754364,1.0,0.35310474038124084,0.09999999999999998,20000,4689.295331001282
1786000,0.02657056227326393,4.634479522705078,4.70524787902832,0.37832874059677124,1.0,0.3586883246898651,0.09999999999999998,20000,4694.707100152969
1787000,0.02090381644666195,4.654516220092773,4.65030574798584,0.3221772015094757,1.0,0.39095649123191833,0.09999999999999998,20000,4699.9731278419495
1788000,0.010581993497908115,5.264230251312256,5.2042388916015625,0.28059977293014526,1.0,0.2961394786834717,0.09999999999999998,20000,4705.339301109314
1789000,0.016582785174250603,4.24036979675293,4.080636978149414,0.2982872724533081,1.0,0.3537631630897522,0.09999999999999998,20000,4711.234956979752
1790000,0.01586798205971718,4.619030475616455,4.784670352935791,0.3668535351753235,1.0,0.24405989050865173,0.09999999999999998,20000,4717.008055925369
1791000,0.004949240945279598,5.3325958251953125,5.525082588195801,0.3236856758594513,1.0,0.09046133607625961,0.09999999999999998,20000,4721.706017971039
1792000,0.022497612982988358,5.006625175476074,4.902676105499268,0.32671236991882324,1.0,0.38500091433525085,0.09999999999999998,20000,4726.321640968323
1793000,0.00735046248883009,4.7785844802856445,4.822728157043457,0.25972747802734375,1.0,0.14005449414253235,0.09999999999999998,20000,4730.698134899139
1794000,0.014372419565916061,4.79098653793335,4.721124649047852,0.37004658579826355,1.0,0.28734251856803894,0.09999999999999998,20000,4735.078773021698
1795000,0.018938394263386726,4.811712265014648,4.904874324798584,0.3977040946483612,1.0,0.30156368017196655,0.09999999999999998,20000,4740.994300842285
1796000,0.008016394451260567,4.96632194519043,4.910005569458008,0.30162233114242554,1.0,0.20425260066986084,0.09999999999999998,20000,4746.325506925583
1797000,0.012572746723890305,4.513699531555176,4.3499226570129395,0.32589495182037354,1.0,0.2888958156108856,0.09999999999999998,20000,4751.3910048007965
1798000,0.010912937112152576,4.792792320251465,4.86721134185791,0.3773265480995178,1.0,0.2223435491323471,0.09999999999999998,20000,4757.045027971268
1799000,0.008796120062470436,5.27523136138916,5.270666122436523,0.2107122540473938,1.0,0.3882817029953003,0.09999999999999998,20000,4762.242189884186
1800000,0.012758427299559116,5.290265083312988,5.325425624847412,0.3551619350910187,1.0,0.26335084438323975,0.09999999999999998,20000,4767.883667945862
1801000,0.006250135600566864,5.058679580688477,5.017111778259277,0.22190892696380615,1.0,0.2248973548412323,0.09999999999999998,20000,4779.354376792908
1802000,0.02166198007762432,4.3664751052856445,4.30563497543335,0.4286743998527527,1.0,0.2815687954425812,0.09999999999999998,20000,4783.89493393898
1803000,0.009971896186470985,4.546858787536621,4.542806148529053,0.277162104845047,1.0,0.26094144582748413,0.09999999999999998,20000,4788.173666000366
1804000,0.02298775315284729,4.817032814025879,4.930415153503418,0.2974373698234558,1.0,0.455287903547287,0.09999999999999998,20000,4792.411718130112
1805000,0.01649511232972145,4.850653171539307,4.690062999725342,0.3332391679286957,1.0,0.31383299827575684,0.09999999999999998,20000,4796.619127988815
1806000,0.009232643060386181,4.798773288726807,4.801621437072754,0.21167877316474915,1.0,0.35726287961006165,0.09999999999999998,20000,4800.778734922409
1807000,0.0184452086687088,4.527301788330078,4.520694732666016,0.2633877396583557,1.0,0.48352137207984924,0.09999999999999998,20000,4804.964976072311
1808000,0.010541452094912529,4.892368316650391,4.80570650100708,0.29948556423187256,1.0,0.24517862498760223,0.09999999999999998,20000,4809.268808841705
1809000,0.01033084373921156,4.431148529052734,4.352583885192871,0.2626227140426636,1.0,0.32767432928085327,0.09999999999999998,20000,4813.520121097565
1810000,0.005179235711693764,5.020906448364258,5.068245887756348,0.29422998428344727,1.0,0.15330523252487183,0.09999999999999998,20000,4817.793212890625
1811000,0.010753603652119637,4.798058032989502,4.782164573669434,0.39770907163619995,1.0,0.20124390721321106,0.09999999999999998,20000,4822.020300865173
1812000,0.013302071020007133,4.841809272766113,4.945348739624023,0.3436526656150818,1.0,0.2389717698097229,0.09999999999999998,20000,4826.195302724838
1813000,0.01719622127711773,4.86074686050415,4.923891067504883,0.3010977506637573,1.0,0.3673870265483856,0.09999999999999998,20000,4830.4218327999115
1814000,0.01119627058506012,4.866900444030762,4.7211503982543945,0.26237767934799194,1.0,0.3478327691555023,0.09999999999999998,20000,4834.751604795456
1815000,0.02586812898516655,4.296596527099609,4.278048515319824,0.4326580762863159,1.0,0.3522460460662842,0.09999999999999998,20000,4839.018157958984
1816000,0.011843843385577202,4.464660167694092,4.5150346755981445,0.35799214243888855,1.0,0.25031447410583496,0.09999999999999998,20000,4843.182441949844
1817000,0.015875615179538727,4.584760665893555,4.766597270965576,0.3185743987560272,1.0,0.3000772297382355,0.09999999999999998,20000,4847.370186805725
1818000,0.015978658571839333,4.852741241455078,4.919127941131592,0.3820861279964447,1.0,0.2945140600204468,0.09999999999999998,20000,4851.765285015106
1819000,0.00467203464359045,4.94143009185791,4.989859580993652,0.3416464328765869,1.0,0.11531658470630646,0.09999999999999998,20000,4856.077159881592
1820000,0.013375382870435715,4.472184181213379,4.384749412536621,0.3037216365337372,1.0,0.31315749883651733,0.09999999999999998,20000,4861.098188877106
1821000,0.01303365733474493,4.740452766418457,4.758566856384277,0.31636711955070496,1.0,0.26758572459220886,0.09999999999999998,20000,4866.524822950363
1822000,0.008859734982252121,4.426409721374512,4.602850914001465,0.4371264576911926,1.0,0.15826308727264404,0.09999999999999998,20000,4871.637590885162
1823000,0.010752875357866287,4.935543060302734,4.933176040649414,0.5480901598930359,1.0,0.11290489882230759,0.09999999999999998,20000,4876.970062971115
1824000,0.011061199009418488,4.234284400939941,4.148059844970703,0.2917614281177521,1.0,0.28532400727272034,0.09999999999999998,20000,4882.421863794327
1825000,0.010975263081490993,5.057327747344971,5.103300094604492,0.2678615152835846,1.0,0.29235994815826416,0.09999999999999998,20000,4887.271872997284
1826000,0.008380395360291004,5.1265459060668945,5.189908027648926,0.23092655837535858,1.0,0.3282313942909241,0.09999999999999998,20000,4892.535056114197
1827000,0.009568102657794952,4.514673233032227,4.529323577880859,0.22399671375751495,1.0,0.3478170335292816,0.09999999999999998,20000,4897.898720026016
1828000,0.00956910103559494,4.576574325561523,4.584146499633789,0.2558351755142212,1.0,0.25174176692962646,0.09999999999999998,20000,4903.1696310043335
1829000,0.010404648259282112,5.001748085021973,4.889828681945801,0.2806413471698761,1.0,0.24187788367271423,0.09999999999999998,20000,4908.643161058426
1830000,0.0034163929522037506,4.884585857391357,4.902767658233643,0.21478521823883057,1.0,0.20060290396213531,0.09999999999999998,20000,4913.361053943634
1831000,0.010298246517777443,4.759245872497559,4.846529960632324,0.3445315957069397,1.0,0.14211110770702362,0.09999999999999998,20000,4918.485759973526
1832000,0.013220598921179771,4.971188545227051,4.873400688171387,0.42802074551582336,1.0,0.19137366116046906,0.09999999999999998,20000,4923.267524957657
1833000,0.019966552034020424,4.79434871673584,4.9182047843933105,0.3307948112487793,1.0,0.34068959951400757,0.09999999999999998,20000,4927.757159948349
1834000,0.01824561133980751,5.134919166564941,5.216465950012207,0.29889726638793945,1.0,0.41588252782821655,0.09999999999999998,20000,4932.2333381175995
1835000,0.011714767664670944,4.637364387512207,4.869819164276123,0.3380388617515564,1.0,0.2759517431259155,0.09999999999999998,20000,4936.569086790085
1836000,0.007563430350273848,4.491429328918457,4.568479537963867,0.33735212683677673,1.0,0.18337619304656982,0.09999999999999998,20000,4942.199127912521
1837000,0.005902744829654694,5.158459186553955,5.086124420166016,0.3623370826244354,1.0,0.11822834610939026,0.09999999999999998,20000,4947.465806007385
1838000,0.012966901063919067,4.482133865356445,4.50604772567749,0.39666375517845154,1.0,0.23498433828353882,0.09999999999999998,20000,4953.08614897728
1839000,0.007512400858104229,4.581043720245361,4.587216854095459,0.3431030511856079,1.0,0.15952783823013306,0.09999999999999998,20000,4958.397489070892
1840000,0.002890300936996937,5.166263103485107,5.040575981140137,0.27960050106048584,1.0,0.0673045739531517,0.09999999999999998,20000,4963.918430805206
1841000,0.016475824639201164,4.688755512237549,4.71791934967041,0.34949827194213867,1.0,0.27016985416412354,0.09999999999999998,20000,4969.05376291275
1842000,0.01865386962890625,4.876961708068848,4.848287582397461,0.31897222995758057,1.0,0.38253623247146606,0.09999999999999998,20000,4974.488659858704
1843000,0.010703539475798607,4.721325874328613,4.647585868835449,0.3083338141441345,1.0,0.21066047251224518,0.09999999999999998,20000,4979.441863775253
1844000,0.006706526502966881,4.660937309265137,4.5078558921813965,0.3592364192008972,1.0,0.1353686898946762,0.09999999999999998,20000,4984.77613902092
1845000,0.026051050052046776,4.967827796936035,5.024584770202637,0.37677156925201416,1.0,0.3833458423614502,0.09999999999999998,20000,4990.162138938904
1846000,0.012615509331226349,4.590959548950195,4.745969295501709,0.3661991357803345,1.0,0.23749074339866638,0.09999999999999998,20000,4995.605435848236
1847000,0.009489426389336586,5.292606830596924,5.241323471069336,0.3804359436035156,1.0,0.09757360816001892,0.09999999999999998,20000,5000.097666978836
1848000,0.016519460827112198,4.603931427001953,4.560744285583496,0.3236349821090698,1.0,0.2235824316740036,0.09999999999999998,20000,5004.737734794617
1849000,0.007817513309419155,5.254411697387695,5.223750114440918,0.34114187955856323,1.0,0.10097281634807587,0.09999999999999998,20000,5009.1458258628845
1850000,0.011983584612607956,5.363053798675537,5.268198013305664,0.2645745575428009,1.0,0.3236358165740967,0.09999999999999998,20000,5013.546055793762
1851000,0.0167874563485384,5.316864967346191,5.1865339279174805,0.2663247585296631,1.0,0.3542625904083252,0.09999999999999998,20000,5025.700213909149
1852000,0.017524098977446556,5.01007604598999,4.939544200897217,0.2904442548751831,1.0,0.3669498562812805,0.09999999999999998,20000,5030.079950094223
1853000,0.006217915564775467,5.0885162353515625,5.193336486816406,0.32661667466163635,1.0,0.17255562543869019,0.09999999999999998,20000,5035.977637052536
1854000,0.005775910336524248,4.91763973236084,4.890693664550781,0.24067243933677673,1.0,0.18919920921325684,0.09999999999999998,20000,5041.049585103989
1855000,0.0145838912576437,5.4743499755859375,5.621177673339844,0.29230228066444397,1.0,0.31223738193511963,0.09999999999999998,20000,5046.613852739334
1856000,0.006914766971021891,5.121547698974609,5.083977699279785,0.29898929595947266,1.0,0.17663943767547607,0.09999999999999998,20000,5051.893628835678
1857000,0.015385746024549007,4.8246989250183105,4.684053421020508,0.3873597979545593,1.0,0.2505927085876465,0.09999999999999998,20000,5056.883661031723
1858000,0.006643918342888355,5.113095283508301,5.140985488891602,0.2085060179233551,1.0,0.2602521479129791,0.09999999999999998,20000,5062.450601816177
1859000,0.024094903841614723,5.142064094543457,5.08791971206665,0.3808925151824951,1.0,0.3509582281112671,0.09999999999999998,20000,5067.803191900253
1860000,0.013440703973174095,4.322508335113525,4.219059467315674,0.33224397897720337,1.0,0.25343313813209534,0.09999999999999998,20000,5072.817510128021
1861000,0.006252008490264416,4.369318008422852,4.2809529304504395,0.30893373489379883,1.0,0.12665686011314392,0.09999999999999998,20000,5077.723703861237
1862000,0.02360016293823719,4.83676290512085,4.89888334274292,0.3690807819366455,1.0,0.3723369240760803,0.09999999999999998,20000,5082.362076044083
1863000,0.010853767395019531,5.3253583908081055,5.196978569030762,0.3179616332054138,1.0,0.2418844997882843,0.09999999999999998,20000,5087.022655963898
1864000,0.004165174439549446,5.06408166885376,5.16619873046875,0.3338518440723419,1.0,0.133460134267807,0.09999999999999998,20000,5091.482022762299
1865000,0.017943227663636208,4.998589038848877,4.921483039855957,0.36267176270484924,1.0,0.3037177622318268,0.09999999999999998,20000,5096.932988882065
1866000,0.0029310155659914017,4.907207489013672,4.922797203063965,0.2905414402484894,1.0,0.11253975331783295,0.09999999999999998,20000,5101.959313869476
1867000,0.0119472062215209,4.798307418823242,4.676861763000488,0.32144150137901306,1.0,0.2822636067867279,0.09999999999999998,20000,5107.3855748176575
1868000,0.015360052697360516,4.533968448638916,4.4793548583984375,0.39991533756256104,1.0,0.2550048530101776,0.09999999999999998,20000,5112.6981728076935
1869000,0.020417898893356323,4.895533561706543,4.941862106323242,0.3263855576515198,1.0,0.37287667393684387,0.09999999999999998,20000,5117.516431093216
1870000,0.01063519436866045,5.405283451080322,5.444071292877197,0.22745281457901,1.0,0.4751609265804291,0.09999999999999998,20000,5123.285892963409
1871000,0.017958834767341614,5.346271514892578,5.41395902633667,0.32770687341690063,1.0,0.33550822734832764,0.09999999999999998,20000,5128.314012765884
1872000,0.018285531550645828,4.707639694213867,4.8196258544921875,0.31418484449386597,1.0,0.36702871322631836,0.09999999999999998,20000,5133.432195901871
1873000,0.0287074726074934,4.844123363494873,4.952975749969482,0.4046618938446045,1.0,0.3919137120246887,0.09999999999999998,20000,5139.024665117264
1874000,0.014442549087107182,4.293713569641113,4.364227294921875,0.31430190801620483,1.0,0.27428317070007324,0.09999999999999998,20000,5146.105052947998
1875000,0.025391794741153717,5.152660369873047,5.140045642852783,0.37355849146842957,1.0,0.363061785697937,0.09999999999999998,20000,5152.30760383606
1876000,0.015019482001662254,4.490528106689453,4.396597385406494,0.2919265627861023,1.0,0.320028156042099,0.09999999999999998,20000,5157.350110769272
1877000,0.003853783942759037,5.233818531036377,5.274247169494629,0.3458298444747925,1.0,0.08949565887451172,0.09999999999999998,20000,5162.806334972382
1878000,0.020114852115511894,5.114328384399414,4.988760948181152,0.4841737747192383,1.0,0.2760413885116577,0.09999999999999998,20000,5167.954803943634
1879000,0.011842350475490093,5.219905853271484,5.273555755615234,0.2905498743057251,1.0,0.2534604072570801,0.09999999999999998,20000,5172.568921089172
1880000,0.012250807136297226,5.283205032348633,5.1733269691467285,0.38076677918434143,1.0,0.27529656887054443,0.09999999999999998,20000,5178.593313932419
1881000,0.007202154956758022,4.620361328125,4.625388145446777,0.41488826274871826,1.0,0.12735560536384583,0.09999999999999998,20000,5186.9104681015015
1882000,0.02829442173242569,4.715963840484619,4.542896270751953,0.4240509271621704,1.0,0.3631778359413147,0.09999999999999998,20000,5193.562520980835
1883000,0.02283327467739582,5.107187747955322,4.970671653747559,0.4312935471534729,1.0,0.28307992219924927,0.09999999999999998,20000,5200.4788999557495
1884000,0.01863257586956024,4.699212551116943,4.680603504180908,0.4199795722961426,1.0,0.24958255887031555,0.09999999999999998,20000,5206.372251987457
1885000,0.008841075003147125,4.907534599304199,4.834489822387695,0.3548884391784668,1.0,0.13521674275398254,0.09999999999999998,20000,5213.1882338523865
1886000,0.0186673142015934,5.124817371368408,5.161321640014648,0.37468183040618896,1.0,0.26450586318969727,0.09999999999999998,20000,5218.751909971237
1887000,0.018403708934783936,4.530110836029053,4.519524097442627,0.3034135103225708,1.0,0.3847172260284424,0.09999999999999998,20000,5224.804342985153
1888000,0.004004478920251131,4.486978054046631,4.4649834632873535,0.28254687786102295,1.0,0.12642672657966614,0.09999999999999998,20000,5230.256198883057
1889000,0.008719556964933872,4.559499740600586,4.496816158294678,0.23662911355495453,1.0,0.39986294507980347,0.09999999999999998,20000,5235.2277290821075
1890000,0.01695416308939457,5.009651184082031,4.970421314239502,0.25189727544784546,1.0,0.3795771598815918,0.09999999999999998,20000,5239.8050401210785
1891000,0.02077925205230713,5.069256782531738,5.0685625076293945,0.28291943669319153,1.0,0.38634246587753296,0.09999999999999998,20000,5244.418418884277
1892000,0.025890471413731575,4.926727771759033,5.127042770385742,0.3141759932041168,1.0,0.46000444889068604,0.09999999999999998,20000,5248.898381948471
1893000,0.03451767936348915,4.353760242462158,4.387781620025635,0.38544708490371704,1.0,0.5052413940429688,0.09999999999999998,20000,5254.60941696167
1894000,0.013510600663721561,4.460556983947754,4.5788750648498535,0.37601232528686523,1.0,0.19360411167144775,0.09999999999999998,20000,5262.188183069229
1895000,0.02525407075881958,4.142293930053711,4.06825590133667,0.45640239119529724,1.0,0.29371869564056396,0.09999999999999998,20000,5268.232284069061
1896000,0.01282187458127737,5.045494079589844,4.877605438232422,0.305830717086792,1.0,0.2746129035949707,0.09999999999999998,20000,5274.248264789581
1897000,0.006832467392086983,4.224429130554199,4.178271293640137,0.3227594494819641,1.0,0.17729595303535461,0.09999999999999998,20000,5280.709545850754
1898000,0.006083101034164429,4.454434394836426,4.508477210998535,0.28639164566993713,1.0,0.17844758927822113,0.09999999999999998,20000,5287.483573913574
1899000,0.008072069846093655,5.079477310180664,5.115187644958496,0.2747277617454529,1.0,0.22727304697036743,0.09999999999999998,20000,5293.617007017136
1900000,0.01173364743590355,4.900999069213867,4.980111598968506,0.3008809983730316,1.0,0.29847654700279236,0.09999999999999998,20000,5299.513107776642
1901000,0.00695263734087348,4.778659820556641,4.749934196472168,0.32448551058769226,1.0,0.15053987503051758,0.09999999999999998,20000,5314.477671861649
1902000,0.007286733016371727,4.819792747497559,4.748431205749512,0.37519925832748413,1.0,0.16168302297592163,0.09999999999999998,20000,5319.6597418785095
1903000,0.004492228850722313,4.826478958129883,4.79349946975708,0.2185399830341339,1.0,0.1729411631822586,0.09999999999999998,20000,5324.558199882507
1904000,0.011856252327561378,4.996391296386719,4.976988792419434,0.32676661014556885,1.0,0.27487069368362427,0.09999999999999998,20000,5329.872926950455
1905000,0.007766701281070709,4.820412635803223,4.745408058166504,0.33392006158828735,1.0,0.18437974154949188,0.09999999999999998,20000,5335.411677837372
1906000,0.007400731556117535,4.771827220916748,4.663400173187256,0.45815789699554443,1.0,0.12407050281763077,0.09999999999999998,20000,5341.802458047867
1907000,0.007051058113574982,4.9384565353393555,4.969277858734131,0.31491124629974365,1.0,0.18351683020591736,0.09999999999999998,20000,5348.199372053146
1908000,0.019636429846286774,5.150712013244629,5.044936180114746,0.28183111548423767,1.0,0.4775763154029846,0.09999999999999998,20000,5354.02579498291
1909000,0.02106807753443718,5.246578216552734,5.138385772705078,0.3699842095375061,1.0,0.3244253993034363,0.09999999999999998,20000,5359.832160949707
1910000,0.02704000100493431,5.504558086395264,5.522468090057373,0.4089164733886719,1.0,0.35517287254333496,0.09999999999999998,20000,5365.706889867783
1911000,0.02020341157913208,5.201618194580078,5.415349006652832,0.3812430500984192,1.0,0.2854953408241272,0.09999999999999998,20000,5371.321086883545
1912000,0.02196771278977394,4.829627513885498,4.771955490112305,0.39134877920150757,1.0,0.33022454380989075,0.09999999999999998,20000,5377.352118968964
1913000,0.011305314488708973,5.348466873168945,5.407386302947998,0.30729666352272034,1.0,0.24790723621845245,0.09999999999999998,20000,5383.046794891357
1914000,0.016059111803770065,5.223968029022217,5.089587211608887,0.4281662404537201,1.0,0.22567182779312134,0.09999999999999998,20000,5389.75772690773
1915000,0.010002367198467255,4.760978698730469,4.872514724731445,0.28356456756591797,1.0,0.27509796619415283,0.09999999999999998,20000,5395.536581039429
1916000,0.012311775237321854,4.751338958740234,4.647270679473877,0.3295963406562805,1.0,0.2554270029067993,0.09999999999999998,20000,5400.638389825821
1917000,0.016209900379180908,5.087371826171875,5.266846656799316,0.36312928795814514,1.0,0.2767585515975952,0.09999999999999998,20000,5405.385019779205
1918000,0.008994290605187416,4.66854190826416,4.578981399536133,0.30273401737213135,1.0,0.2137293815612793,0.09999999999999998,20000,5410.247340917587
1919000,0.008143032900989056,5.13153076171875,5.05003023147583,0.4000703990459442,1.0,0.1740444451570511,0.09999999999999998,20000,5415.214096069336
1920000,0.015254965052008629,4.675933361053467,4.768131256103516,0.3199653625488281,1.0,0.3412814140319824,0.09999999999999998,20000,5420.581398963928
1921000,0.035117652267217636,4.41036319732666,4.52580451965332,0.47314518690109253,1.0,0.36394935846328735,0.09999999999999998,20000,5426.821115732193
1922000,0.048097558319568634,5.138541221618652,5.479301452636719,0.49879422783851624,1.0,0.4344232380390167,0.09999999999999998,20000,5433.242154836655
1923000,0.02714519202709198,4.812458515167236,4.6996989250183105,0.3404037356376648,1.0,0.4418381154537201,0.09999999999999998,20000,5439.747988939285
1924000,0.008634928613901138,4.703015327453613,4.561378479003906,0.36353689432144165,1.0,0.19450053572654724,0.09999999999999998,20000,5445.64715385437
1925000,0.012041077949106693,4.804096221923828,4.9175214767456055,0.3063737750053406,1.0,0.15599870681762695,0.09999999999999998,20000,5452.293642997742
1926000,0.021557088941335678,4.936945915222168,4.870287895202637,0.404063880443573,1.0,0.3121020197868347,0.09999999999999998,20000,5458.700292110443
1927000,0.015298113226890564,4.420201778411865,4.506628513336182,0.3576866686344147,1.0,0.3081029951572418,0.09999999999999998,20000,5465.022274017334
1928000,0.003283396828919649,4.978360176086426,5.133338928222656,0.38908904790878296,1.0,0.07416822761297226,0.09999999999999998,20000,5471.377169847488
1929000,0.010204413905739784,5.072044849395752,5.022393226623535,0.4641028940677643,1.0,0.14115381240844727,0.09999999999999998,20000,5477.446003913879
1930000,0.005390706472098827,5.364448547363281,5.377053737640381,0.33703121542930603,1.0,0.1311931610107422,0.09999999999999998,20000,5483.562686920166
1931000,0.013650057837367058,5.107351303100586,5.139469146728516,0.3310953974723816,1.0,0.2370690256357193,0.09999999999999998,20000,5489.862415075302
1932000,0.02562415413558483,4.843147277832031,4.750448226928711,0.4086548686027527,1.0,0.36558353900909424,0.09999999999999998,20000,5495.972677946091
1933000,0.009306535124778748,4.929821491241455,4.829242706298828,0.3847596049308777,1.0,0.16642770171165466,0.09999999999999998,20000,5502.2114107608795
1934000,0.009432557970285416,4.884381294250488,4.910590171813965,0.2516777217388153,1.0,0.2969045042991638,0.09999999999999998,20000,5508.241230964661
1935000,0.01702139712870121,4.826303482055664,4.732529640197754,0.46227145195007324,1.0,0.2675694227218628,0.09999999999999998,20000,5514.249829053879
1936000,0.006799893453717232,4.371906757354736,4.280771255493164,0.2708393335342407,1.0,0.21787889301776886,0.09999999999999998,20000,5520.459087133408
1937000,0.009939391165971756,4.897672653198242,4.957122325897217,0.2736130654811859,1.0,0.2835204601287842,0.09999999999999998,20000,5526.632257938385
1938000,0.006278187967836857,5.038187026977539,5.00053596496582,0.28041476011276245,1.0,0.19102925062179565,0.09999999999999998,20000,5532.664266824722
1939000,0.014451981522142887,5.032642841339111,5.070008277893066,0.3243933618068695,1.0,0.3072357177734375,0.09999999999999998,20000,5538.482882022858
1940000,0.015348991379141808,4.707817554473877,4.6162800788879395,0.27067816257476807,1.0,0.3540104627609253,0.09999999999999998,20000,5544.664381980896
1941000,0.010094162076711655,4.424837589263916,4.612491130828857,0.33821433782577515,1.0,0.1702241599559784,0.09999999999999998,20000,5550.995574951172
1942000,0.011600297875702381,5.3185882568359375,5.356740951538086,0.2697846293449402,1.0,0.250463604927063,0.09999999999999998,20000,5557.093931913376
1943000,0.01109243556857109,3.901808261871338,3.875458240509033,0.30589625239372253,1.0,0.2275770902633667,0.09999999999999998,20000,5563.149393081665
1944000,0.006777691654860973,4.818382263183594,4.637405872344971,0.32091373205184937,1.0,0.19610407948493958,0.09999999999999998,20000,5569.305155038834
1945000,0.016188932582736015,4.955466270446777,4.904211044311523,0.3153924345970154,1.0,0.3645407557487488,0.09999999999999998,20000,5575.283819913864
1946000,0.008803305216133595,4.6796770095825195,4.621294975280762,0.2673157751560211,1.0,0.2510005831718445,0.09999999999999998,20000,5581.949347019196
1947000,0.012450709007680416,3.944547176361084,4.005560874938965,0.32539111375808716,1.0,0.24763008952140808,0.09999999999999998,20000,5587.319822072983
1948000,0.005394341889768839,5.202872276306152,5.229726791381836,0.28243082761764526,1.0,0.17249444127082825,0.09999999999999998,20000,5592.935315847397
1949000,0.0037669676821678877,4.804305076599121,4.893331527709961,0.33455991744995117,1.0,0.08943645656108856,0.09999999999999998,20000,5598.755877017975
1950000,0.006299564614892006,5.230936527252197,5.268660545349121,0.27175647020339966,1.0,0.1748061180114746,0.09999999999999998,20000,5604.352614164352
1951000,0.008640672080218792,4.70448112487793,4.658777236938477,0.23971307277679443,1.0,0.28524067997932434,0.09999999999999998,20000,5618.568507909775
1952000,0.028575945645570755,4.165135383605957,4.370168685913086,0.40525269508361816,1.0,0.417420357465744,0.09999999999999998,20000,5624.025727987289
1953000,0.005283119156956673,4.592865943908691,4.588135719299316,0.20268699526786804,1.0,0.25992995500564575,0.09999999999999998,20000,5628.989734888077
1954000,0.012514832429587841,5.08551025390625,5.134519577026367,0.34542959928512573,1.0,0.18613803386688232,0.09999999999999998,20000,5634.089275121689
1955000,0.006533480249345303,4.531601428985596,4.53775691986084,0.28665104508399963,1.0,0.20525917410850525,0.09999999999999998,20000,5640.1057188510895
1956000,0.017111968249082565,4.562681198120117,4.499232769012451,0.3757556676864624,1.0,0.31631502509117126,0.09999999999999998,20000,5645.4036247730255
1957000,0.0033774501644074917,4.175188064575195,4.107730388641357,0.2971492111682892,1.0,0.09733778238296509,0.09999999999999998,20000,5651.0156898498535
1958000,0.02331596240401268,4.549485206604004,4.517001628875732,0.3089948296546936,1.0,0.4276556968688965,0.09999999999999998,20000,5656.183611869812
1959000,0.015576418489217758,5.220756530761719,5.350198745727539,0.28237709403038025,1.0,0.37369653582572937,0.09999999999999998,20000,5661.803977966309
1960000,0.009412432089447975,4.388416767120361,4.404541492462158,0.2887936234474182,1.0,0.261179655790329,0.09999999999999998,20000,5667.318975925446
1961000,0.004836199339479208,4.968989372253418,5.028339385986328,0.2993484437465668,1.0,0.08903960883617401,0.09999999999999998,20000,5672.327564001083
1962000,0.006453317124396563,4.718051910400391,4.6848602294921875,0.25646278262138367,1.0,0.18463586270809174,0.09999999999999998,20000,5678.110161066055
1963000,0.020493287593126297,5.114473342895508,5.133698463439941,0.25615236163139343,1.0,0.48738035559654236,0.09999999999999998,20000,5683.9414529800415
1964000,0.019443009048700333,4.68299674987793,4.742181777954102,0.27586454153060913,1.0,0.4659713804721832,0.09999999999999998,20000,5689.889104127884
1965000,0.015039639547467232,5.244335174560547,5.3137102127075195,0.37379300594329834,1.0,0.23648859560489655,0.09999999999999998,20000,5695.319355010986
1966000,0.010408797301352024,5.022390365600586,4.938223838806152,0.2627156972885132,1.0,0.36240285634994507,0.09999999999999998,20000,5701.105414867401
1967000,0.012438060715794563,4.85878849029541,4.9543304443359375,0.3595014810562134,1.0,0.25133150815963745,0.09999999999999998,20000,5706.743872880936
1968000,0.0068716080859303474,5.104752063751221,5.1569437980651855,0.33162498474121094,1.0,0.1731027215719223,0.09999999999999998,20000,5712.554085016251
1969000,0.010765543207526207,4.718981742858887,4.713062286376953,0.29025670886039734,1.0,0.2867233157157898,0.09999999999999998,20000,5718.676646709442
1970000,0.014151752926409245,5.506183624267578,5.42425537109375,0.2789587378501892,1.0,0.3374697268009186,0.09999999999999998,20000,5724.1426038742065
1971000,0.018002774566411972,4.897512912750244,4.814107894897461,0.3780444264411926,1.0,0.2570649981498718,0.09999999999999998,20000,5729.860347747803
1972000,0.012406484223902225,4.615621566772461,4.6803507804870605,0.3170390725135803,1.0,0.2434680163860321,0.09999999999999998,20000,5735.200571775436
1973000,0.014402263797819614,4.876944065093994,4.938834190368652,0.29553020000457764,1.0,0.3452101945877075,0.09999999999999998,20000,5741.307508945465
1974000,0.012117628939449787,5.189826011657715,5.077389717102051,0.3325803279876709,1.0,0.25585997104644775,0.09999999999999998,20000,5747.351260185242
1975000,0.010498265735805035,4.46929931640625,4.418776035308838,0.32976415753364563,1.0,0.21115857362747192,0.09999999999999998,20000,5753.146733045578
1976000,0.026949193328619003,5.43205451965332,5.467401504516602,0.3309829533100128,1.0,0.479552686214447,0.09999999999999998,20000,5758.814349889755
1977000,0.008469082415103912,5.559645652770996,5.63872766494751,0.2765953838825226,1.0,0.22660022974014282,0.09999999999999998,20000,5764.860597848892
1978000,0.021422022953629494,4.530453205108643,4.60544490814209,0.3528364300727844,1.0,0.33304277062416077,0.09999999999999998,20000,5770.682415962219
1979000,0.006343108601868153,4.454215049743652,4.651156902313232,0.31261658668518066,1.0,0.16009117662906647,0.09999999999999998,20000,5777.338083028793
1980000,0.01182754896581173,4.919013500213623,5.016960620880127,0.2801859378814697,1.0,0.2552531957626343,0.09999999999999998,20000,5784.106804847717
1981000,0.015022113919258118,4.771632671356201,4.912019729614258,0.34581300616264343,1.0,0.20580095052719116,0.09999999999999998,20000,5790.841823816299
1982000,0.019817670807242393,4.6197991371154785,4.678787708282471,0.3825494945049286,1.0,0.24273280799388885,0.09999999999999998,20000,5796.1593997478485
1983000,0.028296533972024918,5.33010196685791,5.454833507537842,0.3584745526313782,1.0,0.40988868474960327,0.09999999999999998,20000,5803.236224889755
1984000,0.016961704939603806,5.306211471557617,5.358187675476074,0.32971635460853577,1.0,0.3310054838657379,0.09999999999999998,20000,5809.547033071518
1985000,0.004839903675019741,4.509096145629883,4.515072822570801,0.2510296404361725,1.0,0.15835320949554443,0.09999999999999998,20000,5814.836230754852
1986000,0.007144932169467211,5.121188640594482,5.119435787200928,0.25495463609695435,1.0,0.22596944868564606,0.09999999999999998,20000,5822.57075715065
1987000,0.019897140562534332,5.374497413635254,5.441032886505127,0.4008619785308838,1.0,0.31739646196365356,0.09999999999999998,20000,5830.125453948975
1988000,0.012835627421736717,5.4440131187438965,5.4433135986328125,0.32482168078422546,1.0,0.2543299198150635,0.09999999999999998,20000,5836.319236040115
1989000,0.00591071043163538,5.073888778686523,5.0955657958984375,0.2270355224609375,1.0,0.2126581221818924,0.09999999999999998,20000,5842.65423989296
1990000,0.024404749274253845,4.841124534606934,4.813499450683594,0.4211047887802124,1.0,0.317205011844635,0.09999999999999998,20000,5849.148818969727
1991000,0.01609398052096367,4.472336769104004,4.187018394470215,0.4291166365146637,1.0,0.22078350186347961,0.09999999999999998,20000,5856.005017995834
1992000,0.003801295068114996,4.648876190185547,4.608481407165527,0.4588586688041687,1.0,0.0700526237487793,0.09999999999999998,20000,5863.021213769913
1993000,0.0165919978171587,4.859869003295898,4.867476463317871,0.40183892846107483,1.0,0.24611227214336395,0.09999999999999998,20000,5868.585598945618
1994000,0.004080510698258877,4.710750579833984,4.759177207946777,0.2623922824859619,1.0,0.1284896284341812,0.09999999999999998,20000,5875.190943956375
1995000,0.016741203144192696,5.286876201629639,5.260342597961426,0.29095715284347534,1.0,0.4033520817756653,0.09999999999999998,20000,5882.011848926544
1996000,0.019798988476395607,4.8130364418029785,4.934990882873535,0.3360069990158081,1.0,0.3457271456718445,0.09999999999999998,20000,5887.744663953781
1997000,0.012530941516160965,5.080280303955078,5.11269998550415,0.41054657101631165,1.0,0.17034998536109924,0.09999999999999998,20000,5893.890920877457
1998000,0.013980880379676819,5.020223617553711,4.970245361328125,0.2652992010116577,1.0,0.36514613032341003,0.09999999999999998,20000,5899.680329799652
1999000,0.008068984374403954,4.891943454742432,4.886573791503906,0.3239922523498535,1.0,0.17559489607810974,0.09999999999999998,20000,5905.681545972824
2000000,0.00232245703227818,4.639956474304199,4.600413799285889,0.2665230631828308,1.0,0.09304623305797577,0.09999999999999998,20000,5911.606748819351
