episodio,paso_global,recompensa_real,pasos,epsilon,terminated,truncated
0,1000149,80.0,149,0.09999999999999998,True,False
1,1000492,420.0,343,0.09999999999999998,True,False
2,1000889,445.0,397,0.09999999999999998,True,False
3,1001460,335.0,571,0.09999999999999998,True,False
4,1001776,265.0,316,0.09999999999999998,True,False
5,1002412,500.0,636,0.09999999999999998,True,False
6,1002760,215.0,348,0.09999999999999998,True,False
7,1003243,325.0,483,0.09999999999999998,True,False
8,1003716,380.0,473,0.09999999999999998,True,False
9,1004174,295.0,458,0.09999999999999998,True,False
10,1004751,580.0,577,0.09999999999999998,True,False
11,1005093,445.0,342,0.09999999999999998,True,False
12,1005686,410.0,593,0.09999999999999998,True,False
13,1005835,65.0,149,0.09999999999999998,True,False
14,1006173,255.0,338,0.09999999999999998,True,False
15,1006569,275.0,396,0.09999999999999998,True,False
16,1006910,260.0,341,0.09999999999999998,True,False
17,1007109,120.0,199,0.09999999999999998,True,False
18,1007445,430.0,336,0.09999999999999998,True,False
19,1007802,270.0,357,0.09999999999999998,True,False
20,1008148,240.0,346,0.09999999999999998,True,False
21,1008507,225.0,359,0.09999999999999998,True,False
22,1008905,320.0,398,0.09999999999999998,True,False
23,1009389,535.0,484,0.09999999999999998,True,False
24,1009761,275.0,372,0.09999999999999998,True,False
25,1009955,125.0,194,0.09999999999999998,True,False
26,1010369,265.0,414,0.09999999999999998,True,False
27,1010730,275.0,361,0.09999999999999998,True,False
28,1011133,315.0,403,0.09999999999999998,True,False
29,1011515,250.0,382,0.09999999999999998,True,False
30,1011792,195.0,277,0.09999999999999998,True,False
31,1011937,105.0,145,0.09999999999999998,True,False
32,1012410,280.0,473,0.09999999999999998,True,False
33,1012905,325.0,495,0.09999999999999998,True,False
34,1013071,80.0,166,0.09999999999999998,True,False
35,1013563,385.0,492,0.09999999999999998,True,False
36,1013773,110.0,210,0.09999999999999998,True,False
37,1014666,925.0,893,0.09999999999999998,True,False
38,1014981,250.0,315,0.09999999999999998,True,False
39,1015570,375.0,589,0.09999999999999998,True,False
40,1015893,260.0,323,0.09999999999999998,True,False
41,1016175,135.0,282,0.09999999999999998,True,False
42,1016493,230.0,318,0.09999999999999998,True,False
43,1016680,95.0,187,0.09999999999999998,True,False
44,1016952,175.0,272,0.09999999999999998,True,False
45,1017357,245.0,405,0.09999999999999998,True,False
46,1017731,210.0,374,0.09999999999999998,True,False
47,1018090,225.0,359,0.09999999999999998,True,False
48,1018452,220.0,362,0.09999999999999998,True,False
49,1019191,460.0,739,0.09999999999999998,True,False
50,1019555,235.0,364,0.09999999999999998,True,False
51,1019867,245.0,312,0.09999999999999998,True,False
52,1020089,125.0,222,0.09999999999999998,True,False
53,1020394,190.0,305,0.09999999999999998,True,False
54,1021031,345.0,637,0.09999999999999998,True,False
55,1021319,220.0,288,0.09999999999999998,True,False
56,1021947,455.0,628,0.09999999999999998,True,False
57,1022219,155.0,272,0.09999999999999998,True,False
58,1022551,155.0,332,0.09999999999999998,True,False
59,1022730,90.0,179,0.09999999999999998,True,False
60,1023029,165.0,299,0.09999999999999998,True,False
61,1023228,150.0,199,0.09999999999999998,True,False
62,1023637,320.0,409,0.09999999999999998,True,False
63,1023854,65.0,217,0.09999999999999998,True,False
64,1024572,545.0,718,0.09999999999999998,True,False
65,1025106,510.0,534,0.09999999999999998,True,False
66,1025545,240.0,439,0.09999999999999998,True,False
67,1025976,335.0,431,0.09999999999999998,True,False
68,1026189,155.0,213,0.09999999999999998,True,False
69,1026354,130.0,165,0.09999999999999998,True,False
70,1026751,340.0,397,0.09999999999999998,True,False
71,1027089,245.0,338,0.09999999999999998,True,False
72,1027387,220.0,298,0.09999999999999998,True,False
73,1027596,180.0,209,0.09999999999999998,True,False
74,1028188,420.0,592,0.09999999999999998,True,False
75,1028741,365.0,553,0.09999999999999998,True,False
76,1029021,235.0,280,0.09999999999999998,True,False
77,1029350,260.0,329,0.09999999999999998,True,False
78,1030191,455.0,841,0.09999999999999998,True,False
79,1030524,280.0,333,0.09999999999999998,True,False
80,1030823,200.0,299,0.09999999999999998,True,False
81,1031199,215.0,376,0.09999999999999998,True,False
82,1031346,30.0,147,0.09999999999999998,True,False
83,1031677,330.0,331,0.09999999999999998,True,False
84,1031967,235.0,290,0.09999999999999998,True,False
85,1032419,325.0,452,0.09999999999999998,True,False
86,1032548,50.0,129,0.09999999999999998,True,False
87,1032823,215.0,275,0.09999999999999998,True,False
88,1033106,190.0,283,0.09999999999999998,True,False
89,1033394,220.0,288,0.09999999999999998,True,False
90,1033942,260.0,548,0.09999999999999998,True,False
91,1034159,125.0,217,0.09999999999999998,True,False
92,1034495,255.0,336,0.09999999999999998,True,False
93,1034948,240.0,453,0.09999999999999998,True,False
94,1035413,475.0,465,0.09999999999999998,True,False
95,1035719,145.0,306,0.09999999999999998,True,False
96,1036140,300.0,421,0.09999999999999998,True,False
97,1036437,190.0,297,0.09999999999999998,True,False
98,1037014,255.0,577,0.09999999999999998,True,False
99,1037427,310.0,413,0.09999999999999998,True,False
100,1037680,175.0,253,0.09999999999999998,True,False
101,1038225,665.0,545,0.09999999999999998,True,False
102,1038632,225.0,407,0.09999999999999998,True,False
103,1039293,410.0,661,0.09999999999999998,True,False
104,1039754,355.0,461,0.09999999999999998,True,False
105,1040385,410.0,631,0.09999999999999998,True,False
106,1040545,125.0,160,0.09999999999999998,True,False
107,1040968,435.0,423,0.09999999999999998,True,False
108,1041280,250.0,312,0.09999999999999998,True,False
109,1041582,205.0,302,0.09999999999999998,True,False
110,1041825,145.0,243,0.09999999999999998,True,False
111,1042231,340.0,406,0.09999999999999998,True,False
112,1042573,210.0,342,0.09999999999999998,True,False
113,1042718,50.0,145,0.09999999999999998,True,False
114,1043054,270.0,336,0.09999999999999998,True,False
115,1043368,265.0,314,0.09999999999999998,True,False
116,1043684,200.0,316,0.09999999999999998,True,False
117,1043959,230.0,275,0.09999999999999998,True,False
118,1044250,275.0,291,0.09999999999999998,True,False
119,1044871,425.0,621,0.09999999999999998,True,False
120,1045229,205.0,358,0.09999999999999998,True,False
121,1045376,75.0,147,0.09999999999999998,True,False
122,1045745,185.0,369,0.09999999999999998,True,False
123,1046162,275.0,417,0.09999999999999998,True,False
124,1046671,335.0,509,0.09999999999999998,True,False
125,1047256,385.0,585,0.09999999999999998,True,False
126,1047459,80.0,203,0.09999999999999998,True,False
127,1048055,490.0,596,0.09999999999999998,True,False
128,1048664,405.0,609,0.09999999999999998,True,False
129,1048865,125.0,201,0.09999999999999998,True,False
130,1049428,360.0,563,0.09999999999999998,True,False
131,1049707,150.0,279,0.09999999999999998,True,False
132,1050390,245.0,683,0.09999999999999998,True,False
133,1050570,130.0,180,0.09999999999999998,True,False
134,1051326,545.0,756,0.09999999999999998,True,False
135,1051785,350.0,459,0.09999999999999998,True,False
136,1052001,90.0,216,0.09999999999999998,True,False
137,1052161,90.0,160,0.09999999999999998,True,False
138,1052957,530.0,796,0.09999999999999998,True,False
139,1053370,340.0,413,0.09999999999999998,True,False
140,1053824,295.0,454,0.09999999999999998,True,False
141,1054283,520.0,459,0.09999999999999998,True,False
142,1054778,380.0,495,0.09999999999999998,True,False
143,1055165,235.0,387,0.09999999999999998,True,False
144,1055500,215.0,335,0.09999999999999998,True,False
145,1055627,75.0,127,0.09999999999999998,True,False
146,1056124,390.0,497,0.09999999999999998,True,False
147,1056499,235.0,375,0.09999999999999998,True,False
148,1057208,560.0,709,0.09999999999999998,True,False
149,1057538,275.0,330,0.09999999999999998,True,False
150,1057889,245.0,351,0.09999999999999998,True,False
151,1058416,335.0,527,0.09999999999999998,True,False
152,1058854,385.0,438,0.09999999999999998,True,False
153,1059628,570.0,774,0.09999999999999998,True,False
154,1060122,250.0,494,0.09999999999999998,True,False
155,1060618,320.0,496,0.09999999999999998,True,False
156,1061195,405.0,577,0.09999999999999998,True,False
157,1061390,125.0,195,0.09999999999999998,True,False
158,1061683,240.0,293,0.09999999999999998,True,False
159,1062171,375.0,488,0.09999999999999998,True,False
160,1062434,155.0,263,0.09999999999999998,True,False
161,1062780,150.0,346,0.09999999999999998,True,False
162,1063127,235.0,347,0.09999999999999998,True,False
163,1063319,125.0,192,0.09999999999999998,True,False
164,1063644,245.0,325,0.09999999999999998,True,False
165,1063800,95.0,156,0.09999999999999998,True,False
166,1064196,320.0,396,0.09999999999999998,True,False
167,1064720,370.0,524,0.09999999999999998,True,False
168,1065035,265.0,315,0.09999999999999998,True,False
169,1065549,315.0,514,0.09999999999999998,True,False
170,1066131,315.0,582,0.09999999999999998,True,False
171,1066511,185.0,380,0.09999999999999998,True,False
172,1066848,205.0,337,0.09999999999999998,True,False
173,1067370,350.0,522,0.09999999999999998,True,False
174,1067688,185.0,318,0.09999999999999998,True,False
175,1068133,275.0,445,0.09999999999999998,True,False
176,1068549,305.0,416,0.09999999999999998,True,False
177,1069123,345.0,574,0.09999999999999998,True,False
178,1069479,250.0,356,0.09999999999999998,True,False
179,1069964,280.0,485,0.09999999999999998,True,False
180,1070344,260.0,380,0.09999999999999998,True,False
181,1070670,245.0,326,0.09999999999999998,True,False
182,1071155,320.0,485,0.09999999999999998,True,False
183,1071484,185.0,329,0.09999999999999998,True,False
184,1071652,100.0,168,0.09999999999999998,True,False
185,1071959,200.0,307,0.09999999999999998,True,False
186,1073204,795.0,1245,0.09999999999999998,True,False
187,1073597,220.0,393,0.09999999999999998,True,False
188,1074032,355.0,435,0.09999999999999998,True,False
189,1074456,285.0,424,0.09999999999999998,True,False
190,1074903,370.0,447,0.09999999999999998,True,False
191,1075213,255.0,310,0.09999999999999998,True,False
192,1075523,285.0,310,0.09999999999999998,True,False
193,1075795,155.0,272,0.09999999999999998,True,False
194,1076336,325.0,541,0.09999999999999998,True,False
195,1076478,90.0,142,0.09999999999999998,True,False
196,1077241,540.0,763,0.09999999999999998,True,False
197,1077406,100.0,165,0.09999999999999998,True,False
198,1077628,100.0,222,0.09999999999999998,True,False
199,1078131,305.0,503,0.09999999999999998,True,False
200,1078302,80.0,171,0.09999999999999998,True,False
201,1078799,380.0,497,0.09999999999999998,True,False
202,1079079,200.0,280,0.09999999999999998,True,False
203,1079836,515.0,757,0.09999999999999998,True,False
204,1080236,320.0,400,0.09999999999999998,True,False
205,1080666,385.0,430,0.09999999999999998,True,False
206,1081026,325.0,360,0.09999999999999998,True,False
207,1081572,460.0,546,0.09999999999999998,True,False
208,1081943,250.0,371,0.09999999999999998,True,False
209,1082508,530.0,565,0.09999999999999998,True,False
210,1082953,325.0,445,0.09999999999999998,True,False
211,1083276,230.0,323,0.09999999999999998,True,False
212,1083600,225.0,324,0.09999999999999998,True,False
213,1083923,285.0,323,0.09999999999999998,True,False
214,1084122,85.0,199,0.09999999999999998,True,False
215,1084692,405.0,570,0.09999999999999998,True,False
216,1084999,195.0,307,0.09999999999999998,True,False
217,1085266,215.0,267,0.09999999999999998,True,False
218,1085580,210.0,314,0.09999999999999998,True,False
219,1086258,475.0,678,0.09999999999999998,True,False
220,1086763,420.0,505,0.09999999999999998,True,False
221,1087437,370.0,674,0.09999999999999998,True,False
222,1087984,350.0,547,0.09999999999999998,True,False
223,1088284,200.0,300,0.09999999999999998,True,False
224,1088627,200.0,343,0.09999999999999998,True,False
225,1089114,590.0,487,0.09999999999999998,True,False
226,1089302,160.0,188,0.09999999999999998,True,False
227,1089713,250.0,411,0.09999999999999998,True,False
228,1090278,525.0,565,0.09999999999999998,True,False
229,1090875,435.0,597,0.09999999999999998,True,False
230,1091323,340.0,448,0.09999999999999998,True,False
231,1091645,220.0,322,0.09999999999999998,True,False
232,1091941,255.0,296,0.09999999999999998,True,False
233,1092435,350.0,494,0.09999999999999998,True,False
234,1092726,180.0,291,0.09999999999999998,True,False
235,1093105,235.0,379,0.09999999999999998,True,False
236,1093404,175.0,299,0.09999999999999998,True,False
237,1093868,265.0,464,0.09999999999999998,True,False
238,1094170,205.0,302,0.09999999999999998,True,False
239,1094712,360.0,542,0.09999999999999998,True,False
240,1095106,265.0,394,0.09999999999999998,True,False
241,1095446,240.0,340,0.09999999999999998,True,False
242,1096157,620.0,711,0.09999999999999998,True,False
243,1096467,175.0,310,0.09999999999999998,True,False
244,1097144,355.0,677,0.09999999999999998,True,False
245,1097327,155.0,183,0.09999999999999998,True,False
246,1097714,445.0,387,0.09999999999999998,True,False
247,1098064,275.0,350,0.09999999999999998,True,False
248,1098209,65.0,145,0.09999999999999998,True,False
249,1098696,320.0,487,0.09999999999999998,True,False
250,1099123,245.0,427,0.09999999999999998,True,False
251,1099600,340.0,477,0.09999999999999998,True,False
252,1099876,215.0,276,0.09999999999999998,True,False
253,1100210,245.0,334,0.09999999999999998,True,False
254,1100784,600.0,574,0.09999999999999998,True,False
255,1101285,380.0,501,0.09999999999999998,True,False
256,1101536,175.0,251,0.09999999999999998,True,False
257,1101880,225.0,344,0.09999999999999998,True,False
258,1102213,225.0,333,0.09999999999999998,True,False
259,1102426,125.0,213,0.09999999999999998,True,False
260,1102873,245.0,447,0.09999999999999998,True,False
261,1103018,45.0,145,0.09999999999999998,True,False
262,1103410,230.0,392,0.09999999999999998,True,False
263,1103854,345.0,444,0.09999999999999998,True,False
264,1104308,270.0,454,0.09999999999999998,True,False
265,1104857,330.0,549,0.09999999999999998,True,False
266,1105160,255.0,303,0.09999999999999998,True,False
267,1105610,310.0,450,0.09999999999999998,True,False
268,1105808,150.0,198,0.09999999999999998,True,False
269,1106457,500.0,649,0.09999999999999998,True,False
270,1106773,180.0,316,0.09999999999999998,True,False
271,1107222,215.0,449,0.09999999999999998,True,False
272,1107593,310.0,371,0.09999999999999998,True,False
273,1108205,320.0,612,0.09999999999999998,True,False
274,1108522,135.0,317,0.09999999999999998,True,False
275,1109253,385.0,731,0.09999999999999998,True,False
276,1109675,165.0,422,0.09999999999999998,True,False
277,1109889,110.0,214,0.09999999999999998,True,False
278,1110078,135.0,189,0.09999999999999998,True,False
279,1110727,340.0,649,0.09999999999999998,True,False
280,1111026,175.0,299,0.09999999999999998,True,False
281,1111405,185.0,379,0.09999999999999998,True,False
282,1111812,270.0,407,0.09999999999999998,True,False
283,1112501,465.0,689,0.09999999999999998,True,False
284,1113100,290.0,599,0.09999999999999998,True,False
285,1113733,375.0,633,0.09999999999999998,True,False
286,1114275,235.0,542,0.09999999999999998,True,False
287,1114820,295.0,545,0.09999999999999998,True,False
288,1115166,245.0,346,0.09999999999999998,True,False
289,1115821,295.0,655,0.09999999999999998,True,False
290,1116353,350.0,532,0.09999999999999998,True,False
291,1116512,35.0,159,0.09999999999999998,True,False
292,1116854,265.0,342,0.09999999999999998,True,False
293,1117256,440.0,402,0.09999999999999998,True,False
294,1117554,230.0,298,0.09999999999999998,True,False
295,1118079,480.0,525,0.09999999999999998,True,False
296,1118531,315.0,452,0.09999999999999998,True,False
297,1118995,435.0,464,0.09999999999999998,True,False
298,1119361,285.0,366,0.09999999999999998,True,False
299,1119928,345.0,567,0.09999999999999998,True,False
300,1120266,280.0,338,0.09999999999999998,True,False
301,1120795,390.0,529,0.09999999999999998,True,False
302,1121096,150.0,301,0.09999999999999998,True,False
303,1121369,140.0,273,0.09999999999999998,True,False
304,1121665,150.0,296,0.09999999999999998,True,False
305,1122177,415.0,512,0.09999999999999998,True,False
306,1122491,230.0,314,0.09999999999999998,True,False
307,1123069,410.0,578,0.09999999999999998,True,False
308,1123570,320.0,501,0.09999999999999998,True,False
309,1123909,215.0,339,0.09999999999999998,True,False
310,1124328,265.0,419,0.09999999999999998,True,False
311,1124530,125.0,202,0.09999999999999998,True,False
312,1124822,210.0,292,0.09999999999999998,True,False
313,1125140,395.0,318,0.09999999999999998,True,False
314,1125417,240.0,277,0.09999999999999998,True,False
315,1125834,275.0,417,0.09999999999999998,True,False
316,1126216,190.0,382,0.09999999999999998,True,False
317,1126691,515.0,475,0.09999999999999998,True,False
318,1126887,180.0,196,0.09999999999999998,True,False
319,1127164,160.0,277,0.09999999999999998,True,False
320,1127562,255.0,398,0.09999999999999998,True,False
321,1127930,270.0,368,0.09999999999999998,True,False
322,1128088,85.0,158,0.09999999999999998,True,False
323,1128565,530.0,477,0.09999999999999998,True,False
324,1128915,240.0,350,0.09999999999999998,True,False
325,1129306,310.0,391,0.09999999999999998,True,False
326,1129490,120.0,184,0.09999999999999998,True,False
327,1129992,285.0,502,0.09999999999999998,True,False
328,1130553,380.0,561,0.09999999999999998,True,False
329,1130765,100.0,212,0.09999999999999998,True,False
330,1131185,315.0,420,0.09999999999999998,True,False
331,1131369,100.0,184,0.09999999999999998,True,False
332,1131552,45.0,183,0.09999999999999998,True,False
333,1131859,245.0,307,0.09999999999999998,True,False
334,1132195,205.0,336,0.09999999999999998,True,False
335,1132640,225.0,445,0.09999999999999998,True,False
336,1133011,405.0,371,0.09999999999999998,True,False
337,1133381,380.0,370,0.09999999999999998,True,False
338,1133681,215.0,300,0.09999999999999998,True,False
339,1134236,505.0,555,0.09999999999999998,True,False
340,1134776,590.0,540,0.09999999999999998,True,False
341,1135179,265.0,403,0.09999999999999998,True,False
342,1135785,310.0,606,0.09999999999999998,True,False
343,1136208,325.0,423,0.09999999999999998,True,False
344,1136475,155.0,267,0.09999999999999998,True,False
345,1136866,390.0,391,0.09999999999999998,True,False
346,1137635,570.0,769,0.09999999999999998,True,False
347,1137976,220.0,341,0.09999999999999998,True,False
348,1138465,390.0,489,0.09999999999999998,True,False
349,1138926,305.0,461,0.09999999999999998,True,False
350,1139431,290.0,505,0.09999999999999998,True,False
351,1139757,260.0,326,0.09999999999999998,True,False
352,1140117,200.0,360,0.09999999999999998,True,False
353,1140559,320.0,442,0.09999999999999998,True,False
354,1141040,305.0,481,0.09999999999999998,True,False
355,1141779,415.0,739,0.09999999999999998,True,False
356,1142025,150.0,246,0.09999999999999998,True,False
357,1142229,100.0,204,0.09999999999999998,True,False
358,1142469,95.0,240,0.09999999999999998,True,False
359,1142654,70.0,185,0.09999999999999998,True,False
360,1142827,125.0,173,0.09999999999999998,True,False
361,1143188,440.0,361,0.09999999999999998,True,False
362,1143639,310.0,451,0.09999999999999998,True,False
363,1144142,435.0,503,0.09999999999999998,True,False
364,1144425,180.0,283,0.09999999999999998,True,False
365,1144712,195.0,287,0.09999999999999998,True,False
366,1144857,50.0,145,0.09999999999999998,True,False
367,1145224,140.0,367,0.09999999999999998,True,False
368,1145691,515.0,467,0.09999999999999998,True,False
369,1146291,430.0,600,0.09999999999999998,True,False
370,1146480,20.0,189,0.09999999999999998,True,False
371,1146923,255.0,443,0.09999999999999998,True,False
372,1147283,235.0,360,0.09999999999999998,True,False
373,1147641,245.0,358,0.09999999999999998,True,False
374,1147905,200.0,264,0.09999999999999998,True,False
375,1148589,435.0,684,0.09999999999999998,True,False
376,1148799,150.0,210,0.09999999999999998,True,False
377,1148957,75.0,158,0.09999999999999998,True,False
378,1149164,150.0,207,0.09999999999999998,True,False
379,1149381,180.0,217,0.09999999999999998,True,False
380,1149767,220.0,386,0.09999999999999998,True,False
381,1149962,105.0,195,0.09999999999999998,True,False
382,1150658,430.0,696,0.09999999999999998,True,False
383,1151488,485.0,830,0.09999999999999998,True,False
384,1151575,15.0,87,0.09999999999999998,True,False
385,1151726,60.0,151,0.09999999999999998,True,False
386,1151943,150.0,217,0.09999999999999998,True,False
387,1152623,360.0,680,0.09999999999999998,True,False
388,1152789,90.0,166,0.09999999999999998,True,False
389,1152974,150.0,185,0.09999999999999998,True,False
390,1153400,195.0,426,0.09999999999999998,True,False
391,1153510,15.0,110,0.09999999999999998,True,False
392,1153897,135.0,387,0.09999999999999998,True,False
393,1154416,340.0,519,0.09999999999999998,True,False
394,1154683,210.0,267,0.09999999999999998,True,False
395,1155230,330.0,547,0.09999999999999998,True,False
396,1155407,75.0,177,0.09999999999999998,True,False
397,1155832,330.0,425,0.09999999999999998,True,False
398,1156216,255.0,384,0.09999999999999998,True,False
399,1156504,260.0,288,0.09999999999999998,True,False
400,1157441,555.0,937,0.09999999999999998,True,False
401,1157946,295.0,505,0.09999999999999998,True,False
402,1158402,310.0,456,0.09999999999999998,True,False
403,1158578,135.0,176,0.09999999999999998,True,False
404,1158768,125.0,190,0.09999999999999998,True,False
405,1159412,340.0,644,0.09999999999999998,True,False
406,1159720,210.0,308,0.09999999999999998,True,False
407,1159924,125.0,204,0.09999999999999998,True,False
408,1160290,130.0,366,0.09999999999999998,True,False
409,1160562,110.0,272,0.09999999999999998,True,False
410,1160716,60.0,154,0.09999999999999998,True,False
411,1161092,200.0,376,0.09999999999999998,True,False
412,1161392,135.0,300,0.09999999999999998,True,False
413,1161831,275.0,439,0.09999999999999998,True,False
414,1162288,350.0,457,0.09999999999999998,True,False
415,1162725,270.0,437,0.09999999999999998,True,False
416,1163047,185.0,322,0.09999999999999998,True,False
417,1163377,235.0,330,0.09999999999999998,True,False
418,1163914,380.0,537,0.09999999999999998,True,False
419,1164426,370.0,512,0.09999999999999998,True,False
420,1164737,290.0,311,0.09999999999999998,True,False
421,1165079,240.0,342,0.09999999999999998,True,False
422,1165547,240.0,468,0.09999999999999998,True,False
423,1165748,125.0,201,0.09999999999999998,True,False
424,1166139,215.0,391,0.09999999999999998,True,False
425,1166287,105.0,148,0.09999999999999998,True,False
426,1166496,150.0,209,0.09999999999999998,True,False
427,1166897,335.0,401,0.09999999999999998,True,False
428,1167223,230.0,326,0.09999999999999998,True,False
429,1167679,480.0,456,0.09999999999999998,True,False
430,1168439,675.0,760,0.09999999999999998,True,False
431,1168652,180.0,213,0.09999999999999998,True,False
432,1169237,215.0,585,0.09999999999999998,True,False
433,1169891,515.0,654,0.09999999999999998,True,False
434,1170164,225.0,273,0.09999999999999998,True,False
435,1170538,385.0,374,0.09999999999999998,True,False
436,1171259,475.0,721,0.09999999999999998,True,False
437,1171625,280.0,366,0.09999999999999998,True,False
438,1171916,205.0,291,0.09999999999999998,True,False
439,1172385,330.0,469,0.09999999999999998,True,False
440,1172664,210.0,279,0.09999999999999998,True,False
441,1173101,260.0,437,0.09999999999999998,True,False
442,1173439,200.0,338,0.09999999999999998,True,False
443,1173901,375.0,462,0.09999999999999998,True,False
444,1174398,625.0,497,0.09999999999999998,True,False
445,1174702,205.0,304,0.09999999999999998,True,False
446,1174978,135.0,276,0.09999999999999998,True,False
447,1175634,510.0,656,0.09999999999999998,True,False
448,1175876,130.0,242,0.09999999999999998,True,False
449,1176148,205.0,272,0.09999999999999998,True,False
450,1176800,305.0,652,0.09999999999999998,True,False
451,1177138,400.0,338,0.09999999999999998,True,False
452,1177734,350.0,596,0.09999999999999998,True,False
453,1178024,210.0,290,0.09999999999999998,True,False
454,1178413,490.0,389,0.09999999999999998,True,False
455,1178629,155.0,216,0.09999999999999998,True,False
456,1178904,135.0,275,0.09999999999999998,True,False
457,1179355,250.0,451,0.09999999999999998,True,False
458,1179866,590.0,511,0.09999999999999998,True,False
459,1180454,545.0,588,0.09999999999999998,True,False
460,1180718,210.0,264,0.09999999999999998,True,False
461,1180926,105.0,208,0.09999999999999998,True,False
462,1181135,125.0,209,0.09999999999999998,True,False
463,1181469,225.0,334,0.09999999999999998,True,False
464,1181771,255.0,302,0.09999999999999998,True,False
465,1182058,170.0,287,0.09999999999999998,True,False
466,1182900,1000.0,842,0.09999999999999998,True,False
467,1183170,240.0,270,0.09999999999999998,True,False
468,1183440,195.0,270,0.09999999999999998,True,False
469,1183987,420.0,547,0.09999999999999998,True,False
470,1184290,235.0,303,0.09999999999999998,True,False
471,1184493,180.0,203,0.09999999999999998,True,False
472,1185065,355.0,572,0.09999999999999998,True,False
473,1185374,200.0,309,0.09999999999999998,True,False
474,1185981,465.0,607,0.09999999999999998,True,False
475,1186553,335.0,572,0.09999999999999998,True,False
476,1186912,255.0,359,0.09999999999999998,True,False
477,1187354,265.0,442,0.09999999999999998,True,False
478,1187756,475.0,402,0.09999999999999998,True,False
479,1188183,320.0,427,0.09999999999999998,True,False
480,1189032,530.0,849,0.09999999999999998,True,False
481,1189350,265.0,318,0.09999999999999998,True,False
482,1189730,280.0,380,0.09999999999999998,True,False
483,1189926,125.0,196,0.09999999999999998,True,False
484,1190328,250.0,402,0.09999999999999998,True,False
485,1190785,235.0,457,0.09999999999999998,True,False
486,1190995,180.0,210,0.09999999999999998,True,False
487,1191485,265.0,490,0.09999999999999998,True,False
488,1192053,535.0,568,0.09999999999999998,True,False
489,1192243,75.0,190,0.09999999999999998,True,False
490,1192667,335.0,424,0.09999999999999998,True,False
491,1193006,240.0,339,0.09999999999999998,True,False
492,1193376,205.0,370,0.09999999999999998,True,False
493,1193810,280.0,434,0.09999999999999998,True,False
494,1194412,450.0,602,0.09999999999999998,True,False
495,1194752,245.0,340,0.09999999999999998,True,False
496,1195072,250.0,320,0.09999999999999998,True,False
497,1195527,320.0,455,0.09999999999999998,True,False
498,1195913,235.0,386,0.09999999999999998,True,False
499,1196690,485.0,777,0.09999999999999998,True,False
500,1196945,115.0,255,0.09999999999999998,True,False
501,1197614,420.0,669,0.09999999999999998,True,False
502,1197936,255.0,322,0.09999999999999998,True,False
503,1198202,200.0,266,0.09999999999999998,True,False
504,1198997,805.0,795,0.09999999999999998,True,False
505,1199317,225.0,320,0.09999999999999998,True,False
506,1199602,170.0,285,0.09999999999999998,True,False
507,1199858,160.0,256,0.09999999999999998,True,False
508,1200498,470.0,640,0.09999999999999998,True,False
509,1201067,390.0,569,0.09999999999999998,True,False
510,1201619,245.0,552,0.09999999999999998,True,False
511,1201950,215.0,331,0.09999999999999998,True,False
512,1202336,480.0,386,0.09999999999999998,True,False
513,1202656,180.0,320,0.09999999999999998,True,False
514,1202804,55.0,148,0.09999999999999998,True,False
515,1203302,360.0,498,0.09999999999999998,True,False
516,1203591,210.0,289,0.09999999999999998,True,False
517,1203755,110.0,164,0.09999999999999998,True,False
518,1204128,300.0,373,0.09999999999999998,True,False
519,1204462,285.0,334,0.09999999999999998,True,False
520,1204844,290.0,382,0.09999999999999998,True,False
521,1205577,395.0,733,0.09999999999999998,True,False
522,1206167,425.0,590,0.09999999999999998,True,False
523,1206668,270.0,501,0.09999999999999998,True,False
524,1207207,510.0,539,0.09999999999999998,True,False
525,1207528,220.0,321,0.09999999999999998,True,False
526,1207935,345.0,407,0.09999999999999998,True,False
527,1208219,225.0,284,0.09999999999999998,True,False
528,1208617,280.0,398,0.09999999999999998,True,False
529,1208963,260.0,346,0.09999999999999998,True,False
530,1209374,205.0,411,0.09999999999999998,True,False
531,1209517,65.0,143,0.09999999999999998,True,False
532,1209873,260.0,356,0.09999999999999998,True,False
533,1210203,270.0,330,0.09999999999999998,True,False
534,1210402,125.0,199,0.09999999999999998,True,False
535,1210688,200.0,286,0.09999999999999998,True,False
536,1210852,105.0,164,0.09999999999999998,True,False
537,1211296,335.0,444,0.09999999999999998,True,False
538,1211571,205.0,275,0.09999999999999998,True,False
539,1211984,310.0,413,0.09999999999999998,True,False
540,1212572,440.0,588,0.09999999999999998,True,False
541,1213132,590.0,560,0.09999999999999998,True,False
542,1213488,300.0,356,0.09999999999999998,True,False
543,1213641,65.0,153,0.09999999999999998,True,False
544,1214411,430.0,770,0.09999999999999998,True,False
545,1214717,235.0,306,0.09999999999999998,True,False
546,1215005,230.0,288,0.09999999999999998,True,False
547,1215300,200.0,295,0.09999999999999998,True,False
548,1215603,235.0,303,0.09999999999999998,True,False
549,1216228,445.0,625,0.09999999999999998,True,False
550,1216534,180.0,306,0.09999999999999998,True,False
551,1217085,520.0,551,0.09999999999999998,True,False
552,1217579,500.0,494,0.09999999999999998,True,False
553,1218057,185.0,478,0.09999999999999998,True,False
554,1218465,285.0,408,0.09999999999999998,True,False
555,1218772,225.0,307,0.09999999999999998,True,False
556,1219175,245.0,403,0.09999999999999998,True,False
557,1219634,245.0,459,0.09999999999999998,True,False
558,1220087,515.0,453,0.09999999999999998,True,False
559,1220693,370.0,606,0.09999999999999998,True,False
560,1221177,335.0,484,0.09999999999999998,True,False
561,1221324,45.0,147,0.09999999999999998,True,False
562,1221882,375.0,558,0.09999999999999998,True,False
563,1222317,520.0,435,0.09999999999999998,True,False
564,1222528,210.0,211,0.09999999999999998,True,False
565,1222948,220.0,420,0.09999999999999998,True,False
566,1223380,330.0,432,0.09999999999999998,True,False
567,1223865,420.0,485,0.09999999999999998,True,False
568,1224110,110.0,245,0.09999999999999998,True,False
569,1224475,305.0,365,0.09999999999999998,True,False
570,1224896,240.0,421,0.09999999999999998,True,False
571,1225281,215.0,385,0.09999999999999998,True,False
572,1225460,125.0,179,0.09999999999999998,True,False
573,1225625,80.0,165,0.09999999999999998,True,False
574,1226300,470.0,675,0.09999999999999998,True,False
575,1226601,230.0,301,0.09999999999999998,True,False
576,1226934,330.0,333,0.09999999999999998,True,False
577,1227256,270.0,322,0.09999999999999998,True,False
578,1227703,270.0,447,0.09999999999999998,True,False
579,1228087,250.0,384,0.09999999999999998,True,False
580,1228642,260.0,555,0.09999999999999998,True,False
581,1229141,305.0,499,0.09999999999999998,True,False
582,1229510,170.0,369,0.09999999999999998,True,False
583,1229955,225.0,445,0.09999999999999998,True,False
584,1230113,0.0,158,0.09999999999999998,True,False
585,1230448,245.0,335,0.09999999999999998,True,False
586,1230627,130.0,179,0.09999999999999998,True,False
587,1230901,230.0,274,0.09999999999999998,True,False
588,1231135,185.0,234,0.09999999999999998,True,False
589,1231612,350.0,477,0.09999999999999998,True,False
590,1232219,470.0,607,0.09999999999999998,True,False
591,1232516,215.0,297,0.09999999999999998,True,False
592,1232817,125.0,301,0.09999999999999998,True,False
593,1233120,260.0,303,0.09999999999999998,True,False
594,1233424,205.0,304,0.09999999999999998,True,False
595,1233715,190.0,291,0.09999999999999998,True,False
596,1234016,235.0,301,0.09999999999999998,True,False
597,1234489,400.0,473,0.09999999999999998,True,False
598,1234841,245.0,352,0.09999999999999998,True,False
599,1235319,485.0,478,0.09999999999999998,True,False
600,1235914,410.0,595,0.09999999999999998,True,False
601,1236128,160.0,214,0.09999999999999998,True,False
602,1236538,435.0,410,0.09999999999999998,True,False
603,1237043,330.0,505,0.09999999999999998,True,False
604,1237546,395.0,503,0.09999999999999998,True,False
605,1237721,95.0,175,0.09999999999999998,True,False
606,1238041,155.0,320,0.09999999999999998,True,False
607,1238492,340.0,451,0.09999999999999998,True,False
608,1238670,130.0,178,0.09999999999999998,True,False
609,1238933,195.0,263,0.09999999999999998,True,False
610,1239244,205.0,311,0.09999999999999998,True,False
611,1239414,65.0,170,0.09999999999999998,True,False
612,1239734,225.0,320,0.09999999999999998,True,False
613,1240055,245.0,321,0.09999999999999998,True,False
614,1240394,260.0,339,0.09999999999999998,True,False
615,1240612,150.0,218,0.09999999999999998,True,False
616,1241128,315.0,516,0.09999999999999998,True,False
617,1241442,170.0,314,0.09999999999999998,True,False
618,1241825,225.0,383,0.09999999999999998,True,False
619,1242453,490.0,628,0.09999999999999998,True,False
620,1242758,440.0,305,0.09999999999999998,True,False
621,1243424,465.0,666,0.09999999999999998,True,False
622,1243824,295.0,400,0.09999999999999998,True,False
623,1244323,405.0,499,0.09999999999999998,True,False
624,1244620,190.0,297,0.09999999999999998,True,False
625,1245150,295.0,530,0.09999999999999998,True,False
626,1245464,245.0,314,0.09999999999999998,True,False
627,1245847,290.0,383,0.09999999999999998,True,False
628,1246224,175.0,377,0.09999999999999998,True,False
629,1246711,375.0,487,0.09999999999999998,True,False
630,1246984,240.0,273,0.09999999999999998,True,False
631,1247683,515.0,699,0.09999999999999998,True,False
632,1248029,310.0,346,0.09999999999999998,True,False
633,1248549,325.0,520,0.09999999999999998,True,False
634,1248921,225.0,372,0.09999999999999998,True,False
635,1249137,180.0,216,0.09999999999999998,True,False
636,1249532,245.0,395,0.09999999999999998,True,False
637,1249859,460.0,327,0.09999999999999998,True,False
638,1250444,345.0,585,0.09999999999999998,True,False
639,1251088,505.0,644,0.09999999999999998,True,False
640,1251496,345.0,408,0.09999999999999998,True,False
641,1251868,475.0,372,0.09999999999999998,True,False
642,1252016,90.0,148,0.09999999999999998,True,False
643,1252327,165.0,311,0.09999999999999998,True,False
644,1252935,420.0,608,0.09999999999999998,True,False
645,1253427,375.0,492,0.09999999999999998,True,False
646,1253581,80.0,154,0.09999999999999998,True,False
647,1253853,175.0,272,0.09999999999999998,True,False
648,1254219,275.0,366,0.09999999999999998,True,False
649,1254734,340.0,515,0.09999999999999998,True,False
650,1255288,460.0,554,0.09999999999999998,True,False
651,1255602,205.0,314,0.09999999999999998,True,False
652,1256034,355.0,432,0.09999999999999998,True,False
653,1256390,220.0,356,0.09999999999999998,True,False
654,1256871,315.0,481,0.09999999999999998,True,False
655,1257206,170.0,335,0.09999999999999998,True,False
656,1257499,235.0,293,0.09999999999999998,True,False
657,1258224,570.0,725,0.09999999999999998,True,False
658,1258531,250.0,307,0.09999999999999998,True,False
659,1258896,270.0,365,0.09999999999999998,True,False
660,1259219,255.0,323,0.09999999999999998,True,False
661,1259429,125.0,210,0.09999999999999998,True,False
662,1260137,675.0,708,0.09999999999999998,True,False
663,1260361,150.0,224,0.09999999999999998,True,False
664,1260811,220.0,450,0.09999999999999998,True,False
665,1261028,155.0,217,0.09999999999999998,True,False
666,1261472,500.0,444,0.09999999999999998,True,False
667,1261753,190.0,281,0.09999999999999998,True,False
668,1262418,415.0,665,0.09999999999999998,True,False
669,1262779,285.0,361,0.09999999999999998,True,False
670,1263193,330.0,414,0.09999999999999998,True,False
671,1263495,250.0,302,0.09999999999999998,True,False
672,1263817,295.0,322,0.09999999999999998,True,False
673,1264106,230.0,289,0.09999999999999998,True,False
674,1264592,315.0,486,0.09999999999999998,True,False
675,1264899,235.0,307,0.09999999999999998,True,False
676,1265279,225.0,380,0.09999999999999998,True,False
677,1265826,345.0,547,0.09999999999999998,True,False
678,1266119,150.0,293,0.09999999999999998,True,False
679,1266443,260.0,324,0.09999999999999998,True,False
680,1267003,365.0,560,0.09999999999999998,True,False
681,1267321,270.0,318,0.09999999999999998,True,False
682,1267699,290.0,378,0.09999999999999998,True,False
683,1268083,275.0,384,0.09999999999999998,True,False
684,1268350,215.0,267,0.09999999999999998,True,False
685,1268624,200.0,274,0.09999999999999998,True,False
686,1268892,135.0,268,0.09999999999999998,True,False
687,1269063,100.0,171,0.09999999999999998,True,False
688,1269272,150.0,209,0.09999999999999998,True,False
689,1269869,440.0,597,0.09999999999999998,True,False
690,1270482,380.0,613,0.09999999999999998,True,False
691,1270878,260.0,396,0.09999999999999998,True,False
692,1271166,230.0,288,0.09999999999999998,True,False
693,1271453,180.0,287,0.09999999999999998,True,False
694,1271743,255.0,290,0.09999999999999998,True,False
695,1271914,70.0,171,0.09999999999999998,True,False
696,1272096,80.0,182,0.09999999999999998,True,False
697,1272703,335.0,607,0.09999999999999998,True,False
698,1272994,260.0,291,0.09999999999999998,True,False
699,1273255,165.0,261,0.09999999999999998,True,False
700,1273742,315.0,487,0.09999999999999998,True,False
701,1274039,180.0,297,0.09999999999999998,True,False
702,1274206,80.0,167,0.09999999999999998,True,False
703,1274525,200.0,319,0.09999999999999998,True,False
704,1274822,160.0,297,0.09999999999999998,True,False
705,1275609,355.0,787,0.09999999999999998,True,False
706,1275753,65.0,144,0.09999999999999998,True,False
707,1275883,15.0,130,0.09999999999999998,True,False
708,1276181,180.0,298,0.09999999999999998,True,False
709,1276488,180.0,307,0.09999999999999998,True,False
710,1277042,585.0,554,0.09999999999999998,True,False
711,1277217,135.0,175,0.09999999999999998,True,False
712,1277887,420.0,670,0.09999999999999998,True,False
713,1278152,215.0,265,0.09999999999999998,True,False
714,1278358,150.0,206,0.09999999999999998,True,False
715,1278747,255.0,389,0.09999999999999998,True,False
716,1279144,265.0,397,0.09999999999999998,True,False
717,1279484,240.0,340,0.09999999999999998,True,False
718,1279979,350.0,495,0.09999999999999998,True,False
719,1280464,360.0,485,0.09999999999999998,True,False
720,1280853,190.0,389,0.09999999999999998,True,False
721,1281313,295.0,460,0.09999999999999998,True,False
722,1282007,690.0,694,0.09999999999999998,True,False
723,1282211,110.0,204,0.09999999999999998,True,False
724,1282403,150.0,192,0.09999999999999998,True,False
725,1282751,245.0,348,0.09999999999999998,True,False
726,1283184,255.0,433,0.09999999999999998,True,False
727,1283551,330.0,367,0.09999999999999998,True,False
728,1283834,230.0,283,0.09999999999999998,True,False
729,1284244,275.0,410,0.09999999999999998,True,False
730,1284591,280.0,347,0.09999999999999998,True,False
731,1284879,210.0,288,0.09999999999999998,True,False
732,1285249,275.0,370,0.09999999999999998,True,False
733,1285742,340.0,493,0.09999999999999998,True,False
734,1286021,230.0,279,0.09999999999999998,True,False
735,1286389,280.0,368,0.09999999999999998,True,False
736,1286710,260.0,321,0.09999999999999998,True,False
737,1287039,295.0,329,0.09999999999999998,True,False
738,1287362,225.0,323,0.09999999999999998,True,False
739,1288227,540.0,865,0.09999999999999998,True,False
740,1288609,305.0,382,0.09999999999999998,True,False
741,1288753,110.0,144,0.09999999999999998,True,False
742,1288941,150.0,188,0.09999999999999998,True,False
743,1289649,605.0,708,0.09999999999999998,True,False
744,1289856,125.0,207,0.09999999999999998,True,False
745,1290323,370.0,467,0.09999999999999998,True,False
746,1290589,185.0,266,0.09999999999999998,True,False
747,1290799,105.0,210,0.09999999999999998,True,False
748,1291084,235.0,285,0.09999999999999998,True,False
749,1291587,360.0,503,0.09999999999999998,True,False
750,1291950,305.0,363,0.09999999999999998,True,False
751,1292357,255.0,407,0.09999999999999998,True,False
752,1292539,80.0,182,0.09999999999999998,True,False
753,1292900,260.0,361,0.09999999999999998,True,False
754,1293049,50.0,149,0.09999999999999998,True,False
755,1293315,160.0,266,0.09999999999999998,True,False
756,1293607,215.0,292,0.09999999999999998,True,False
757,1294096,375.0,489,0.09999999999999998,True,False
758,1294517,315.0,421,0.09999999999999998,True,False
759,1294691,65.0,174,0.09999999999999998,True,False
760,1295270,370.0,579,0.09999999999999998,True,False
761,1295605,285.0,335,0.09999999999999998,True,False
762,1296109,600.0,504,0.09999999999999998,True,False
763,1296445,245.0,336,0.09999999999999998,True,False
764,1296836,385.0,391,0.09999999999999998,True,False
765,1297145,210.0,309,0.09999999999999998,True,False
766,1297467,235.0,322,0.09999999999999998,True,False
767,1298045,410.0,578,0.09999999999999998,True,False
768,1298364,270.0,319,0.09999999999999998,True,False
769,1298763,200.0,399,0.09999999999999998,True,False
770,1299188,260.0,425,0.09999999999999998,True,False
771,1299505,280.0,317,0.09999999999999998,True,False
772,1299881,230.0,376,0.09999999999999998,True,False
773,1300477,355.0,596,0.09999999999999998,True,False
774,1300801,275.0,324,0.09999999999999998,True,False
775,1301130,240.0,329,0.09999999999999998,True,False
776,1301476,230.0,346,0.09999999999999998,True,False
777,1301803,285.0,327,0.09999999999999998,True,False
778,1302245,340.0,442,0.09999999999999998,True,False
779,1302667,215.0,422,0.09999999999999998,True,False
780,1303069,230.0,402,0.09999999999999998,True,False
781,1303514,260.0,445,0.09999999999999998,True,False
782,1303894,255.0,380,0.09999999999999998,True,False
783,1304286,265.0,392,0.09999999999999998,True,False
784,1304581,230.0,295,0.09999999999999998,True,False
785,1305068,305.0,487,0.09999999999999998,True,False
786,1305342,185.0,274,0.09999999999999998,True,False
787,1305545,150.0,203,0.09999999999999998,True,False
788,1305825,160.0,280,0.09999999999999998,True,False
789,1306315,460.0,490,0.09999999999999998,True,False
790,1307113,685.0,798,0.09999999999999998,True,False
791,1307780,330.0,667,0.09999999999999998,True,False
792,1307964,125.0,184,0.09999999999999998,True,False
793,1308426,240.0,462,0.09999999999999998,True,False
794,1308749,280.0,323,0.09999999999999998,True,False
795,1309091,250.0,342,0.09999999999999998,True,False
796,1309308,105.0,217,0.09999999999999998,True,False
797,1309712,285.0,404,0.09999999999999998,True,False
798,1310331,315.0,619,0.09999999999999998,True,False
799,1310633,245.0,302,0.09999999999999998,True,False
800,1310792,90.0,159,0.09999999999999998,True,False
801,1311006,105.0,214,0.09999999999999998,True,False
802,1311414,325.0,408,0.09999999999999998,True,False
803,1311793,250.0,379,0.09999999999999998,True,False
804,1312197,355.0,404,0.09999999999999998,True,False
805,1312760,325.0,563,0.09999999999999998,True,False
806,1313031,205.0,271,0.09999999999999998,True,False
807,1313384,225.0,353,0.09999999999999998,True,False
808,1313667,220.0,283,0.09999999999999998,True,False
809,1314117,250.0,450,0.09999999999999998,True,False
810,1314498,210.0,381,0.09999999999999998,True,False
811,1314730,145.0,232,0.09999999999999998,True,False
812,1315397,395.0,667,0.09999999999999998,True,False
813,1315749,235.0,352,0.09999999999999998,True,False
814,1316108,425.0,359,0.09999999999999998,True,False
815,1316340,130.0,232,0.09999999999999998,True,False
816,1316889,405.0,549,0.09999999999999998,True,False
817,1317337,270.0,448,0.09999999999999998,True,False
818,1317601,210.0,264,0.09999999999999998,True,False
819,1318065,350.0,464,0.09999999999999998,True,False
820,1318273,150.0,208,0.09999999999999998,True,False
821,1318564,220.0,291,0.09999999999999998,True,False
822,1318996,250.0,432,0.09999999999999998,True,False
823,1319333,190.0,337,0.09999999999999998,True,False
824,1319851,335.0,518,0.09999999999999998,True,False
825,1320050,130.0,199,0.09999999999999998,True,False
826,1320502,220.0,452,0.09999999999999998,True,False
827,1320798,230.0,296,0.09999999999999998,True,False
828,1321000,70.0,202,0.09999999999999998,True,False
829,1321441,260.0,441,0.09999999999999998,True,False
830,1321722,180.0,281,0.09999999999999998,True,False
831,1322117,220.0,395,0.09999999999999998,True,False
832,1322573,270.0,456,0.09999999999999998,True,False
833,1322734,60.0,161,0.09999999999999998,True,False
834,1323385,360.0,651,0.09999999999999998,True,False
835,1323704,270.0,319,0.09999999999999998,True,False
836,1323970,90.0,266,0.09999999999999998,True,False
837,1324450,350.0,480,0.09999999999999998,True,False
838,1324761,235.0,311,0.09999999999999998,True,False
839,1325149,240.0,388,0.09999999999999998,True,False
840,1325517,285.0,368,0.09999999999999998,True,False
841,1325698,105.0,181,0.09999999999999998,True,False
842,1325981,205.0,283,0.09999999999999998,True,False
843,1326650,315.0,669,0.09999999999999998,True,False
844,1326892,170.0,242,0.09999999999999998,True,False
845,1327390,250.0,498,0.09999999999999998,True,False
846,1327712,245.0,322,0.09999999999999998,True,False
847,1328099,435.0,387,0.09999999999999998,True,False
848,1328471,240.0,372,0.09999999999999998,True,False
849,1328883,260.0,412,0.09999999999999998,True,False
850,1329964,575.0,1081,0.09999999999999998,True,False
851,1330135,130.0,171,0.09999999999999998,True,False
852,1330620,285.0,485,0.09999999999999998,True,False
853,1330947,260.0,327,0.09999999999999998,True,False
854,1331223,160.0,276,0.09999999999999998,True,False
855,1331668,310.0,445,0.09999999999999998,True,False
856,1332013,260.0,345,0.09999999999999998,True,False
857,1332424,305.0,411,0.09999999999999998,True,False
858,1332807,190.0,383,0.09999999999999998,True,False
859,1333153,265.0,346,0.09999999999999998,True,False
860,1333347,135.0,194,0.09999999999999998,True,False
861,1333692,275.0,345,0.09999999999999998,True,False
862,1334019,275.0,327,0.09999999999999998,True,False
863,1334320,230.0,301,0.09999999999999998,True,False
864,1334663,235.0,343,0.09999999999999998,True,False
865,1335094,365.0,431,0.09999999999999998,True,False
866,1335498,540.0,404,0.09999999999999998,True,False
867,1335848,220.0,350,0.09999999999999998,True,False
868,1336149,255.0,301,0.09999999999999998,True,False
869,1336356,125.0,207,0.09999999999999998,True,False
870,1336716,220.0,360,0.09999999999999998,True,False
871,1337410,470.0,694,0.09999999999999998,True,False
872,1337999,395.0,589,0.09999999999999998,True,False
873,1338534,390.0,535,0.09999999999999998,True,False
874,1338996,260.0,462,0.09999999999999998,True,False
875,1339351,305.0,355,0.09999999999999998,True,False
876,1339550,150.0,199,0.09999999999999998,True,False
877,1339745,150.0,195,0.09999999999999998,True,False
878,1340167,300.0,422,0.09999999999999998,True,False
879,1340764,410.0,597,0.09999999999999998,True,False
880,1341282,575.0,518,0.09999999999999998,True,False
881,1341460,125.0,178,0.09999999999999998,True,False
882,1341628,125.0,168,0.09999999999999998,True,False
883,1341803,135.0,175,0.09999999999999998,True,False
884,1342087,235.0,284,0.09999999999999998,True,False
885,1342407,255.0,320,0.09999999999999998,True,False
886,1342607,105.0,200,0.09999999999999998,True,False
887,1342742,105.0,135,0.09999999999999998,True,False
888,1343312,420.0,570,0.09999999999999998,True,False
889,1343473,90.0,161,0.09999999999999998,True,False
890,1343678,155.0,205,0.09999999999999998,True,False
891,1344207,395.0,529,0.09999999999999998,True,False
892,1344603,305.0,396,0.09999999999999998,True,False
893,1345255,410.0,652,0.09999999999999998,True,False
894,1345530,200.0,275,0.09999999999999998,True,False
895,1345824,135.0,294,0.09999999999999998,True,False
896,1346198,210.0,374,0.09999999999999998,True,False
897,1346389,180.0,191,0.09999999999999998,True,False
898,1346715,230.0,326,0.09999999999999998,True,False
899,1347246,385.0,531,0.09999999999999998,True,False
900,1347745,565.0,499,0.09999999999999998,True,False
901,1348117,225.0,372,0.09999999999999998,True,False
902,1348584,375.0,467,0.09999999999999998,True,False
903,1348765,165.0,181,0.09999999999999998,True,False
904,1348906,80.0,141,0.09999999999999998,True,False
905,1349359,245.0,453,0.09999999999999998,True,False
906,1349989,445.0,630,0.09999999999999998,True,False
907,1350520,425.0,531,0.09999999999999998,True,False
908,1350931,325.0,411,0.09999999999999998,True,False
909,1351200,230.0,269,0.09999999999999998,True,False
910,1351505,285.0,305,0.09999999999999998,True,False
911,1352193,650.0,688,0.09999999999999998,True,False
912,1352759,425.0,566,0.09999999999999998,True,False
913,1353193,540.0,434,0.09999999999999998,True,False
914,1353795,675.0,602,0.09999999999999998,True,False
915,1354111,260.0,316,0.09999999999999998,True,False
916,1354388,215.0,277,0.09999999999999998,True,False
917,1354887,495.0,499,0.09999999999999998,True,False
918,1355313,305.0,426,0.09999999999999998,True,False
919,1355646,255.0,333,0.09999999999999998,True,False
920,1356450,515.0,804,0.09999999999999998,True,False
921,1356538,5.0,88,0.09999999999999998,True,False
922,1357025,335.0,487,0.09999999999999998,True,False
923,1357523,410.0,498,0.09999999999999998,True,False
924,1357929,250.0,406,0.09999999999999998,True,False
925,1358093,95.0,164,0.09999999999999998,True,False
926,1358592,405.0,499,0.09999999999999998,True,False
927,1359047,380.0,455,0.09999999999999998,True,False
928,1359365,205.0,318,0.09999999999999998,True,False
929,1359764,285.0,399,0.09999999999999998,True,False
930,1360051,135.0,287,0.09999999999999998,True,False
931,1360234,115.0,183,0.09999999999999998,True,False
932,1360557,205.0,323,0.09999999999999998,True,False
933,1360926,290.0,369,0.09999999999999998,True,False
934,1361389,240.0,463,0.09999999999999998,True,False
935,1361840,325.0,451,0.09999999999999998,True,False
936,1362464,435.0,624,0.09999999999999998,True,False
937,1362949,535.0,485,0.09999999999999998,True,False
938,1363365,270.0,416,0.09999999999999998,True,False
939,1363691,250.0,326,0.09999999999999998,True,False
940,1364009,265.0,318,0.09999999999999998,True,False
941,1364365,305.0,356,0.09999999999999998,True,False
942,1364825,420.0,460,0.09999999999999998,True,False
943,1365296,375.0,471,0.09999999999999998,True,False
944,1365750,335.0,454,0.09999999999999998,True,False
945,1366080,220.0,330,0.09999999999999998,True,False
946,1366239,105.0,159,0.09999999999999998,True,False
947,1367044,515.0,805,0.09999999999999998,True,False
948,1367504,245.0,460,0.09999999999999998,True,False
949,1367836,245.0,332,0.09999999999999998,True,False
950,1368277,515.0,441,0.09999999999999998,True,False
951,1368560,175.0,283,0.09999999999999998,True,False
952,1368859,150.0,299,0.09999999999999998,True,False
953,1369008,55.0,149,0.09999999999999998,True,False
954,1369549,470.0,541,0.09999999999999998,True,False
955,1369848,255.0,299,0.09999999999999998,True,False
956,1370041,180.0,193,0.09999999999999998,True,False
957,1370410,200.0,369,0.09999999999999998,True,False
958,1370949,315.0,539,0.09999999999999998,True,False
959,1371714,470.0,765,0.09999999999999998,True,False
960,1372001,215.0,287,0.09999999999999998,True,False
961,1372327,200.0,326,0.09999999999999998,True,False
962,1372909,285.0,582,0.09999999999999998,True,False
963,1373103,105.0,194,0.09999999999999998,True,False
964,1373702,430.0,599,0.09999999999999998,True,False
965,1374160,285.0,458,0.09999999999999998,True,False
966,1374428,145.0,268,0.09999999999999998,True,False
967,1374722,200.0,294,0.09999999999999998,True,False
968,1375041,235.0,319,0.09999999999999998,True,False
969,1375534,530.0,493,0.09999999999999998,True,False
970,1376082,375.0,548,0.09999999999999998,True,False
971,1376230,55.0,148,0.09999999999999998,True,False
972,1376654,170.0,424,0.09999999999999998,True,False
973,1377121,390.0,467,0.09999999999999998,True,False
974,1377256,35.0,135,0.09999999999999998,True,False
975,1377738,255.0,482,0.09999999999999998,True,False
976,1377946,125.0,208,0.09999999999999998,True,False
977,1378128,130.0,182,0.09999999999999998,True,False
978,1378423,190.0,295,0.09999999999999998,True,False
979,1378706,230.0,283,0.09999999999999998,True,False
980,1379402,465.0,696,0.09999999999999998,True,False
981,1379763,330.0,361,0.09999999999999998,True,False
982,1380277,605.0,514,0.09999999999999998,True,False
983,1380469,130.0,192,0.09999999999999998,True,False
984,1381019,290.0,550,0.09999999999999998,True,False
985,1381948,525.0,929,0.09999999999999998,True,False
986,1382225,150.0,277,0.09999999999999998,True,False
987,1382589,185.0,364,0.09999999999999998,True,False
988,1382938,390.0,349,0.09999999999999998,True,False
989,1383273,120.0,335,0.09999999999999998,True,False
990,1383811,415.0,538,0.09999999999999998,True,False
991,1384087,240.0,276,0.09999999999999998,True,False
992,1384459,175.0,372,0.09999999999999998,True,False
993,1384916,340.0,457,0.09999999999999998,True,False
994,1385414,345.0,498,0.09999999999999998,True,False
995,1385721,155.0,307,0.09999999999999998,True,False
996,1386027,125.0,306,0.09999999999999998,True,False
997,1386201,125.0,174,0.09999999999999998,True,False
998,1386809,345.0,608,0.09999999999999998,True,False
999,1387301,320.0,492,0.09999999999999998,True,False
1000,1387983,415.0,682,0.09999999999999998,True,False
1001,1388295,220.0,312,0.09999999999999998,True,False
1002,1388712,265.0,417,0.09999999999999998,True,False
1003,1389007,240.0,295,0.09999999999999998,True,False
1004,1389181,100.0,174,0.09999999999999998,True,False
1005,1389527,255.0,346,0.09999999999999998,True,False
1006,1389670,55.0,143,0.09999999999999998,True,False
1007,1389971,235.0,301,0.09999999999999998,True,False
1008,1390262,200.0,291,0.09999999999999998,True,False
1009,1390727,285.0,465,0.09999999999999998,True,False
1010,1391171,335.0,444,0.09999999999999998,True,False
1011,1391975,715.0,804,0.09999999999999998,True,False
1012,1392539,440.0,564,0.09999999999999998,True,False
1013,1393026,280.0,487,0.09999999999999998,True,False
1014,1393195,80.0,169,0.09999999999999998,True,False
1015,1393744,300.0,549,0.09999999999999998,True,False
1016,1394461,455.0,717,0.09999999999999998,True,False
1017,1394754,230.0,293,0.09999999999999998,True,False
1018,1394929,80.0,175,0.09999999999999998,True,False
1019,1395196,160.0,267,0.09999999999999998,True,False
1020,1395481,175.0,285,0.09999999999999998,True,False
1021,1395814,280.0,333,0.09999999999999998,True,False
1022,1396228,265.0,414,0.09999999999999998,True,False
1023,1396941,370.0,713,0.09999999999999998,True,False
1024,1397394,340.0,453,0.09999999999999998,True,False
1025,1397488,10.0,94,0.09999999999999998,True,False
1026,1397597,30.0,109,0.09999999999999998,True,False
1027,1398351,525.0,754,0.09999999999999998,True,False
1028,1398759,360.0,408,0.09999999999999998,True,False
1029,1399059,170.0,300,0.09999999999999998,True,False
1030,1399647,390.0,588,0.09999999999999998,True,False
1031,1399935,185.0,288,0.09999999999999998,True,False
1032,1400449,265.0,514,0.09999999999999998,True,False
1033,1400606,105.0,157,0.09999999999999998,True,False
1034,1400895,95.0,289,0.09999999999999998,True,False
1035,1401592,515.0,697,0.09999999999999998,True,False
1036,1402083,530.0,491,0.09999999999999998,True,False
1037,1402616,505.0,533,0.09999999999999998,True,False
1038,1403034,300.0,418,0.09999999999999998,True,False
1039,1403928,715.0,894,0.09999999999999998,True,False
1040,1404108,120.0,180,0.09999999999999998,True,False
1041,1404578,310.0,470,0.09999999999999998,True,False
1042,1404938,195.0,360,0.09999999999999998,True,False
1043,1405255,200.0,317,0.09999999999999998,True,False
1044,1405527,200.0,272,0.09999999999999998,True,False
1045,1405860,360.0,333,0.09999999999999998,True,False
1046,1406059,155.0,199,0.09999999999999998,True,False
1047,1406538,340.0,479,0.09999999999999998,True,False
1048,1407127,430.0,589,0.09999999999999998,True,False
1049,1407666,405.0,539,0.09999999999999998,True,False
1050,1407974,145.0,308,0.09999999999999998,True,False
1051,1408388,310.0,414,0.09999999999999998,True,False
1052,1408588,120.0,200,0.09999999999999998,True,False
1053,1409011,275.0,423,0.09999999999999998,True,False
1054,1409463,480.0,452,0.09999999999999998,True,False
1055,1409773,165.0,310,0.09999999999999998,True,False
1056,1410371,425.0,598,0.09999999999999998,True,False
1057,1410777,225.0,406,0.09999999999999998,True,False
1058,1411011,140.0,234,0.09999999999999998,True,False
1059,1411214,135.0,203,0.09999999999999998,True,False
1060,1411583,200.0,369,0.09999999999999998,True,False
1061,1411749,155.0,166,0.09999999999999998,True,False
1062,1412310,435.0,561,0.09999999999999998,True,False
1063,1412465,50.0,155,0.09999999999999998,True,False
1064,1412920,255.0,455,0.09999999999999998,True,False
1065,1413084,105.0,164,0.09999999999999998,True,False
1066,1413455,225.0,371,0.09999999999999998,True,False
1067,1413990,305.0,535,0.09999999999999998,True,False
1068,1414586,465.0,596,0.09999999999999998,True,False
1069,1415006,200.0,420,0.09999999999999998,True,False
1070,1415293,190.0,287,0.09999999999999998,True,False
1071,1415774,325.0,481,0.09999999999999998,True,False
1072,1416077,205.0,303,0.09999999999999998,True,False
1073,1416280,125.0,203,0.09999999999999998,True,False
1074,1416890,345.0,610,0.09999999999999998,True,False
1075,1417797,610.0,907,0.09999999999999998,True,False
1076,1418068,235.0,271,0.09999999999999998,True,False
1077,1418561,250.0,493,0.09999999999999998,True,False
1078,1418831,240.0,270,0.09999999999999998,True,False
1079,1419102,230.0,271,0.09999999999999998,True,False
1080,1419242,30.0,140,0.09999999999999998,True,False
1081,1419530,125.0,288,0.09999999999999998,True,False
1082,1419898,185.0,368,0.09999999999999998,True,False
1083,1420075,125.0,177,0.09999999999999998,True,False
1084,1420274,125.0,199,0.09999999999999998,True,False
1085,1420541,180.0,267,0.09999999999999998,True,False
1086,1420724,80.0,183,0.09999999999999998,True,False
1087,1420908,80.0,184,0.09999999999999998,True,False
1088,1421105,155.0,197,0.09999999999999998,True,False
1089,1421299,105.0,194,0.09999999999999998,True,False
1090,1421733,360.0,434,0.09999999999999998,True,False
1091,1421868,80.0,135,0.09999999999999998,True,False
1092,1422182,185.0,314,0.09999999999999998,True,False
1093,1422340,70.0,158,0.09999999999999998,True,False
1094,1422471,50.0,131,0.09999999999999998,True,False
1095,1422901,250.0,430,0.09999999999999998,True,False
1096,1423274,500.0,373,0.09999999999999998,True,False
1097,1423762,265.0,488,0.09999999999999998,True,False
1098,1424167,440.0,405,0.09999999999999998,True,False
1099,1424456,205.0,289,0.09999999999999998,True,False
1100,1424809,445.0,353,0.09999999999999998,True,False
1101,1424961,90.0,152,0.09999999999999998,True,False
1102,1425427,185.0,466,0.09999999999999998,True,False
1103,1425794,415.0,367,0.09999999999999998,True,False
1104,1426284,340.0,490,0.09999999999999998,True,False
1105,1426487,125.0,203,0.09999999999999998,True,False
1106,1426644,110.0,157,0.09999999999999998,True,False
1107,1426977,275.0,333,0.09999999999999998,True,False
1108,1427177,110.0,200,0.09999999999999998,True,False
1109,1427458,225.0,281,0.09999999999999998,True,False
1110,1428176,660.0,718,0.09999999999999998,True,False
1111,1428675,355.0,499,0.09999999999999998,True,False
1112,1428864,155.0,189,0.09999999999999998,True,False
1113,1429066,135.0,202,0.09999999999999998,True,False
1114,1429371,110.0,305,0.09999999999999998,True,False
1115,1429880,350.0,509,0.09999999999999998,True,False
1116,1430483,335.0,603,0.09999999999999998,True,False
1117,1430844,265.0,361,0.09999999999999998,True,False
1118,1431185,250.0,341,0.09999999999999998,True,False
1119,1431533,305.0,348,0.09999999999999998,True,False
1120,1431921,330.0,388,0.09999999999999998,True,False
1121,1432259,235.0,338,0.09999999999999998,True,False
1122,1432527,185.0,268,0.09999999999999998,True,False
1123,1432690,110.0,163,0.09999999999999998,True,False
1124,1433507,600.0,817,0.09999999999999998,True,False
1125,1433661,105.0,154,0.09999999999999998,True,False
1126,1434169,285.0,508,0.09999999999999998,True,False
1127,1434534,250.0,365,0.09999999999999998,True,False
1128,1434964,280.0,430,0.09999999999999998,True,False
1129,1435153,80.0,189,0.09999999999999998,True,False
1130,1435557,410.0,404,0.09999999999999998,True,False
1131,1436144,350.0,587,0.09999999999999998,True,False
1132,1436573,200.0,429,0.09999999999999998,True,False
1133,1436846,210.0,273,0.09999999999999998,True,False
1134,1437231,190.0,385,0.09999999999999998,True,False
1135,1437580,305.0,349,0.09999999999999998,True,False
1136,1437931,275.0,351,0.09999999999999998,True,False
1137,1438240,265.0,309,0.09999999999999998,True,False
1138,1438867,525.0,627,0.09999999999999998,True,False
1139,1439176,190.0,309,0.09999999999999998,True,False
1140,1439620,220.0,444,0.09999999999999998,True,False
1141,1439894,180.0,274,0.09999999999999998,True,False
1142,1440297,290.0,403,0.09999999999999998,True,False
1143,1440577,215.0,280,0.09999999999999998,True,False
1144,1441111,350.0,534,0.09999999999999998,True,False
1145,1441637,325.0,526,0.09999999999999998,True,False
1146,1441813,60.0,176,0.09999999999999998,True,False
1147,1442118,150.0,305,0.09999999999999998,True,False
1148,1442497,280.0,379,0.09999999999999998,True,False
1149,1442994,360.0,497,0.09999999999999998,True,False
1150,1443294,220.0,300,0.09999999999999998,True,False
1151,1443477,155.0,183,0.09999999999999998,True,False
1152,1444077,415.0,600,0.09999999999999998,True,False
1153,1444288,125.0,211,0.09999999999999998,True,False
1154,1444454,100.0,166,0.09999999999999998,True,False
1155,1444636,130.0,182,0.09999999999999998,True,False
1156,1444842,100.0,206,0.09999999999999998,True,False
1157,1445291,250.0,449,0.09999999999999998,True,False
1158,1445453,125.0,162,0.09999999999999998,True,False
1159,1445900,300.0,447,0.09999999999999998,True,False
1160,1446097,105.0,197,0.09999999999999998,True,False
1161,1446662,385.0,565,0.09999999999999998,True,False
1162,1447115,295.0,453,0.09999999999999998,True,False
1163,1447252,105.0,137,0.09999999999999998,True,False
1164,1447590,215.0,338,0.09999999999999998,True,False
1165,1447981,270.0,391,0.09999999999999998,True,False
1166,1448279,200.0,298,0.09999999999999998,True,False
1167,1448715,345.0,436,0.09999999999999998,True,False
1168,1449011,150.0,296,0.09999999999999998,True,False
1169,1449441,240.0,430,0.09999999999999998,True,False
1170,1449621,125.0,180,0.09999999999999998,True,False
1171,1450050,500.0,429,0.09999999999999998,True,False
1172,1450356,185.0,306,0.09999999999999998,True,False
1173,1450671,225.0,315,0.09999999999999998,True,False
1174,1450814,75.0,143,0.09999999999999998,True,False
1175,1450959,105.0,145,0.09999999999999998,True,False
1176,1451799,495.0,840,0.09999999999999998,True,False
1177,1451975,150.0,176,0.09999999999999998,True,False
1178,1452284,140.0,309,0.09999999999999998,True,False
1179,1452413,75.0,129,0.09999999999999998,True,False
1180,1452756,430.0,343,0.09999999999999998,True,False
1181,1452929,125.0,173,0.09999999999999998,True,False
1182,1453309,380.0,380,0.09999999999999998,True,False
1183,1453597,125.0,288,0.09999999999999998,True,False
1184,1453786,100.0,189,0.09999999999999998,True,False
1185,1454168,190.0,382,0.09999999999999998,True,False
1186,1454347,125.0,179,0.09999999999999998,True,False
1187,1454826,350.0,479,0.09999999999999998,True,False
1188,1454927,15.0,101,0.09999999999999998,True,False
1189,1455308,180.0,381,0.09999999999999998,True,False
1190,1455809,580.0,501,0.09999999999999998,True,False
1191,1455944,75.0,135,0.09999999999999998,True,False
1192,1456210,205.0,266,0.09999999999999998,True,False
1193,1456297,5.0,87,0.09999999999999998,True,False
1194,1456840,365.0,543,0.09999999999999998,True,False
1195,1457666,705.0,826,0.09999999999999998,True,False
1196,1458014,300.0,348,0.09999999999999998,True,False
1197,1458660,405.0,646,0.09999999999999998,True,False
1198,1458910,225.0,250,0.09999999999999998,True,False
1199,1459682,600.0,772,0.09999999999999998,True,False
1200,1459957,230.0,275,0.09999999999999998,True,False
1201,1460089,30.0,132,0.09999999999999998,True,False
1202,1460328,130.0,239,0.09999999999999998,True,False
1203,1461236,470.0,908,0.09999999999999998,True,False
1204,1461395,65.0,159,0.09999999999999998,True,False
1205,1462012,445.0,617,0.09999999999999998,True,False
1206,1462584,380.0,572,0.09999999999999998,True,False
1207,1463088,190.0,504,0.09999999999999998,True,False
1208,1463358,230.0,270,0.09999999999999998,True,False
1209,1463515,60.0,157,0.09999999999999998,True,False
1210,1464190,410.0,675,0.09999999999999998,True,False
1211,1464457,100.0,267,0.09999999999999998,True,False
1212,1465094,545.0,637,0.09999999999999998,True,False
1213,1465641,435.0,547,0.09999999999999998,True,False
1214,1465916,200.0,275,0.09999999999999998,True,False
1215,1466406,405.0,490,0.09999999999999998,True,False
1216,1466609,135.0,203,0.09999999999999998,True,False
1217,1466944,240.0,335,0.09999999999999998,True,False
1218,1467397,330.0,453,0.09999999999999998,True,False
1219,1467614,85.0,217,0.09999999999999998,True,False
1220,1467742,60.0,128,0.09999999999999998,True,False
1221,1467880,30.0,138,0.09999999999999998,True,False
1222,1468493,405.0,613,0.09999999999999998,True,False
1223,1468600,30.0,107,0.09999999999999998,True,False
1224,1469138,275.0,538,0.09999999999999998,True,False
1225,1469443,150.0,305,0.09999999999999998,True,False
1226,1469561,45.0,118,0.09999999999999998,True,False
1227,1470058,210.0,497,0.09999999999999998,True,False
1228,1470171,15.0,113,0.09999999999999998,True,False
1229,1470496,240.0,325,0.09999999999999998,True,False
1230,1470809,275.0,313,0.09999999999999998,True,False
1231,1471208,355.0,399,0.09999999999999998,True,False
1232,1471635,370.0,427,0.09999999999999998,True,False
1233,1471772,75.0,137,0.09999999999999998,True,False
1234,1472301,345.0,529,0.09999999999999998,True,False
1235,1472618,245.0,317,0.09999999999999998,True,False
1236,1472826,150.0,208,0.09999999999999998,True,False
1237,1473287,220.0,461,0.09999999999999998,True,False
1238,1473622,280.0,335,0.09999999999999998,True,False
1239,1474373,395.0,751,0.09999999999999998,True,False
1240,1474673,225.0,300,0.09999999999999998,True,False
1241,1475120,200.0,447,0.09999999999999998,True,False
1242,1475416,220.0,296,0.09999999999999998,True,False
1243,1475820,345.0,404,0.09999999999999998,True,False
1244,1476166,245.0,346,0.09999999999999998,True,False
1245,1476491,245.0,325,0.09999999999999998,True,False
1246,1476751,165.0,260,0.09999999999999998,True,False
1247,1477072,220.0,321,0.09999999999999998,True,False
1248,1477273,30.0,201,0.09999999999999998,True,False
1249,1477500,125.0,227,0.09999999999999998,True,False
1250,1477785,180.0,285,0.09999999999999998,True,False
1251,1478117,250.0,332,0.09999999999999998,True,False
1252,1478268,60.0,151,0.09999999999999998,True,False
1253,1478623,310.0,355,0.09999999999999998,True,False
1254,1478972,200.0,349,0.09999999999999998,True,False
1255,1479425,225.0,453,0.09999999999999998,True,False
1256,1479883,495.0,458,0.09999999999999998,True,False
1257,1480297,255.0,414,0.09999999999999998,True,False
1258,1480680,405.0,383,0.09999999999999998,True,False
1259,1481374,550.0,694,0.09999999999999998,True,False
1260,1481647,150.0,273,0.09999999999999998,True,False
1261,1482062,295.0,415,0.09999999999999998,True,False
1262,1482234,90.0,172,0.09999999999999998,True,False
1263,1482385,35.0,151,0.09999999999999998,True,False
1264,1482739,230.0,354,0.09999999999999998,True,False
1265,1483096,245.0,357,0.09999999999999998,True,False
1266,1483545,230.0,449,0.09999999999999998,True,False
1267,1483880,230.0,335,0.09999999999999998,True,False
1268,1484077,125.0,197,0.09999999999999998,True,False
1269,1484640,340.0,563,0.09999999999999998,True,False
1270,1484863,140.0,223,0.09999999999999998,True,False
1271,1485358,395.0,495,0.09999999999999998,True,False
1272,1485764,235.0,406,0.09999999999999998,True,False
1273,1485850,15.0,86,0.09999999999999998,True,False
1274,1486202,445.0,352,0.09999999999999998,True,False
1275,1486500,270.0,298,0.09999999999999998,True,False
1276,1486703,80.0,203,0.09999999999999998,True,False
1277,1487198,355.0,495,0.09999999999999998,True,False
1278,1487343,20.0,145,0.09999999999999998,True,False
1279,1487651,235.0,308,0.09999999999999998,True,False
1280,1487931,155.0,280,0.09999999999999998,True,False
1281,1488329,490.0,398,0.09999999999999998,True,False
1282,1488649,180.0,320,0.09999999999999998,True,False
1283,1489102,255.0,453,0.09999999999999998,True,False
1284,1489496,275.0,394,0.09999999999999998,True,False
1285,1489783,205.0,287,0.09999999999999998,True,False
1286,1490401,380.0,618,0.09999999999999998,True,False
1287,1490698,110.0,297,0.09999999999999998,True,False
1288,1491098,185.0,400,0.09999999999999998,True,False
1289,1491447,240.0,349,0.09999999999999998,True,False
1290,1492256,445.0,809,0.09999999999999998,True,False
1291,1492557,215.0,301,0.09999999999999998,True,False
1292,1492907,215.0,350,0.09999999999999998,True,False
1293,1493237,270.0,330,0.09999999999999998,True,False
1294,1493558,220.0,321,0.09999999999999998,True,False
1295,1493968,325.0,410,0.09999999999999998,True,False
1296,1494695,450.0,727,0.09999999999999998,True,False
1297,1495034,205.0,339,0.09999999999999998,True,False
1298,1495734,520.0,700,0.09999999999999998,True,False
1299,1496025,215.0,291,0.09999999999999998,True,False
1300,1496676,325.0,651,0.09999999999999998,True,False
1301,1496954,215.0,278,0.09999999999999998,True,False
1302,1497493,315.0,539,0.09999999999999998,True,False
1303,1497807,235.0,314,0.09999999999999998,True,False
1304,1498193,275.0,386,0.09999999999999998,True,False
1305,1498365,30.0,172,0.09999999999999998,True,False
1306,1498530,110.0,165,0.09999999999999998,True,False
1307,1498761,80.0,231,0.09999999999999998,True,False
1308,1499155,275.0,394,0.09999999999999998,True,False
1309,1499455,120.0,300,0.09999999999999998,True,False
1310,1499791,235.0,336,0.09999999999999998,True,False
1311,1500097,245.0,306,0.09999999999999998,True,False
1312,1500396,190.0,299,0.09999999999999998,True,False
1313,1500591,80.0,195,0.09999999999999998,True,False
1314,1501006,185.0,415,0.09999999999999998,True,False
1315,1501726,450.0,720,0.09999999999999998,True,False
1316,1502374,365.0,648,0.09999999999999998,True,False
1317,1502655,135.0,281,0.09999999999999998,True,False
1318,1503086,270.0,431,0.09999999999999998,True,False
1319,1503369,185.0,283,0.09999999999999998,True,False
1320,1503668,115.0,299,0.09999999999999998,True,False
1321,1504118,320.0,450,0.09999999999999998,True,False
1322,1504965,390.0,847,0.09999999999999998,True,False
1323,1505393,295.0,428,0.09999999999999998,True,False
1324,1506079,565.0,686,0.09999999999999998,True,False
1325,1506428,405.0,349,0.09999999999999998,True,False
1326,1506751,200.0,323,0.09999999999999998,True,False
1327,1507352,330.0,601,0.09999999999999998,True,False
1328,1507556,105.0,204,0.09999999999999998,True,False
1329,1507957,480.0,401,0.09999999999999998,True,False
1330,1508264,170.0,307,0.09999999999999998,True,False
1331,1508635,185.0,371,0.09999999999999998,True,False
1332,1509163,290.0,528,0.09999999999999998,True,False
1333,1509577,240.0,414,0.09999999999999998,True,False
1334,1509844,155.0,267,0.09999999999999998,True,False
1335,1510144,155.0,300,0.09999999999999998,True,False
1336,1510712,295.0,568,0.09999999999999998,True,False
1337,1511317,340.0,605,0.09999999999999998,True,False
1338,1511636,180.0,319,0.09999999999999998,True,False
1339,1512199,315.0,563,0.09999999999999998,True,False
1340,1512615,295.0,416,0.09999999999999998,True,False
1341,1512903,165.0,288,0.09999999999999998,True,False
1342,1513135,125.0,232,0.09999999999999998,True,False
1343,1513383,65.0,248,0.09999999999999998,True,False
1344,1514239,570.0,856,0.09999999999999998,True,False
1345,1514582,210.0,343,0.09999999999999998,True,False
1346,1514933,260.0,351,0.09999999999999998,True,False
1347,1515347,250.0,414,0.09999999999999998,True,False
1348,1515711,205.0,364,0.09999999999999998,True,False
1349,1516050,185.0,339,0.09999999999999998,True,False
1350,1516445,335.0,395,0.09999999999999998,True,False
1351,1516783,235.0,338,0.09999999999999998,True,False
1352,1517061,210.0,278,0.09999999999999998,True,False
1353,1517687,390.0,626,0.09999999999999998,True,False
1354,1517950,130.0,263,0.09999999999999998,True,False
1355,1518413,270.0,463,0.09999999999999998,True,False
1356,1518597,155.0,184,0.09999999999999998,True,False
1357,1518769,105.0,172,0.09999999999999998,True,False
1358,1519222,320.0,453,0.09999999999999998,True,False
1359,1519843,410.0,621,0.09999999999999998,True,False
1360,1520173,210.0,330,0.09999999999999998,True,False
1361,1520378,65.0,205,0.09999999999999998,True,False
1362,1520618,65.0,240,0.09999999999999998,True,False
1363,1521601,530.0,983,0.09999999999999998,True,False
1364,1521917,240.0,316,0.09999999999999998,True,False
1365,1522111,90.0,194,0.09999999999999998,True,False
1366,1522383,195.0,272,0.09999999999999998,True,False
1367,1522832,280.0,449,0.09999999999999998,True,False
1368,1523227,395.0,395,0.09999999999999998,True,False
1369,1523527,155.0,300,0.09999999999999998,True,False
1370,1523862,255.0,335,0.09999999999999998,True,False
1371,1524036,100.0,174,0.09999999999999998,True,False
1372,1524304,155.0,268,0.09999999999999998,True,False
1373,1524659,180.0,355,0.09999999999999998,True,False
1374,1524876,125.0,217,0.09999999999999998,True,False
1375,1525063,125.0,187,0.09999999999999998,True,False
1376,1525385,185.0,322,0.09999999999999998,True,False
1377,1526016,230.0,631,0.09999999999999998,True,False
1378,1526166,125.0,150,0.09999999999999998,True,False
1379,1526483,165.0,317,0.09999999999999998,True,False
1380,1526993,280.0,510,0.09999999999999998,True,False
1381,1527419,305.0,426,0.09999999999999998,True,False
1382,1527934,235.0,515,0.09999999999999998,True,False
1383,1528392,310.0,458,0.09999999999999998,True,False
1384,1528677,175.0,285,0.09999999999999998,True,False
1385,1529103,300.0,426,0.09999999999999998,True,False
1386,1529956,610.0,853,0.09999999999999998,True,False
1387,1530518,280.0,562,0.09999999999999998,True,False
1388,1530679,50.0,161,0.09999999999999998,True,False
1389,1530983,265.0,304,0.09999999999999998,True,False
1390,1531636,440.0,653,0.09999999999999998,True,False
1391,1532536,465.0,900,0.09999999999999998,True,False
1392,1532975,275.0,439,0.09999999999999998,True,False
1393,1533350,480.0,375,0.09999999999999998,True,False
1394,1533835,355.0,485,0.09999999999999998,True,False
1395,1534597,605.0,762,0.09999999999999998,True,False
1396,1535046,325.0,449,0.09999999999999998,True,False
1397,1535343,260.0,297,0.09999999999999998,True,False
1398,1535749,450.0,406,0.09999999999999998,True,False
1399,1536026,265.0,277,0.09999999999999998,True,False
1400,1536442,285.0,416,0.09999999999999998,True,False
1401,1536900,275.0,458,0.09999999999999998,True,False
1402,1537375,260.0,475,0.09999999999999998,True,False
1403,1537789,225.0,414,0.09999999999999998,True,False
1404,1538290,340.0,501,0.09999999999999998,True,False
1405,1538459,125.0,169,0.09999999999999998,True,False
1406,1538800,270.0,341,0.09999999999999998,True,False
1407,1539313,275.0,513,0.09999999999999998,True,False
1408,1539460,80.0,147,0.09999999999999998,True,False
1409,1539762,210.0,302,0.09999999999999998,True,False
1410,1540068,225.0,306,0.09999999999999998,True,False
1411,1540442,190.0,374,0.09999999999999998,True,False
1412,1540755,265.0,313,0.09999999999999998,True,False
1413,1541692,520.0,937,0.09999999999999998,True,False
1414,1541964,165.0,272,0.09999999999999998,True,False
1415,1542729,445.0,765,0.09999999999999998,True,False
1416,1543210,270.0,481,0.09999999999999998,True,False
1417,1543401,120.0,191,0.09999999999999998,True,False
1418,1543866,300.0,465,0.09999999999999998,True,False
1419,1544257,260.0,391,0.09999999999999998,True,False
1420,1544965,440.0,708,0.09999999999999998,True,False
1421,1545266,215.0,301,0.09999999999999998,True,False
1422,1545746,380.0,480,0.09999999999999998,True,False
1423,1546155,220.0,409,0.09999999999999998,True,False
1424,1546532,440.0,377,0.09999999999999998,True,False
1425,1546864,250.0,332,0.09999999999999998,True,False
1426,1547226,245.0,362,0.09999999999999998,True,False
1427,1547490,165.0,264,0.09999999999999998,True,False
1428,1548109,355.0,619,0.09999999999999998,True,False
1429,1548365,150.0,256,0.09999999999999998,True,False
1430,1548541,125.0,176,0.09999999999999998,True,False
1431,1549047,295.0,506,0.09999999999999998,True,False
1432,1549228,100.0,181,0.09999999999999998,True,False
1433,1549406,125.0,178,0.09999999999999998,True,False
1434,1549772,385.0,366,0.09999999999999998,True,False
1435,1550263,250.0,491,0.09999999999999998,True,False
1436,1550731,385.0,468,0.09999999999999998,True,False
1437,1551058,280.0,327,0.09999999999999998,True,False
1438,1551332,185.0,274,0.09999999999999998,True,False
1439,1551928,405.0,596,0.09999999999999998,True,False
1440,1552304,270.0,376,0.09999999999999998,True,False
1441,1552890,450.0,586,0.09999999999999998,True,False
1442,1553223,240.0,333,0.09999999999999998,True,False
1443,1553521,215.0,298,0.09999999999999998,True,False
1444,1554127,400.0,606,0.09999999999999998,True,False
1445,1554304,80.0,177,0.09999999999999998,True,False
1446,1554485,60.0,181,0.09999999999999998,True,False
1447,1554844,255.0,359,0.09999999999999998,True,False
1448,1555129,225.0,285,0.09999999999999998,True,False
1449,1555715,485.0,586,0.09999999999999998,True,False
1450,1556020,210.0,305,0.09999999999999998,True,False
1451,1556772,490.0,752,0.09999999999999998,True,False
1452,1557364,405.0,592,0.09999999999999998,True,False
1453,1557872,500.0,508,0.09999999999999998,True,False
1454,1558434,295.0,562,0.09999999999999998,True,False
1455,1558642,125.0,208,0.09999999999999998,True,False
1456,1559007,225.0,365,0.09999999999999998,True,False
1457,1559514,305.0,507,0.09999999999999998,True,False
1458,1559939,380.0,425,0.09999999999999998,True,False
1459,1560091,65.0,152,0.09999999999999998,True,False
1460,1560643,635.0,552,0.09999999999999998,True,False
1461,1561199,435.0,556,0.09999999999999998,True,False
1462,1561531,250.0,332,0.09999999999999998,True,False
1463,1561680,95.0,149,0.09999999999999998,True,False
1464,1561769,15.0,89,0.09999999999999998,True,False
1465,1562081,225.0,312,0.09999999999999998,True,False
1466,1562434,295.0,353,0.09999999999999998,True,False
1467,1563253,440.0,819,0.09999999999999998,True,False
1468,1563671,405.0,418,0.09999999999999998,True,False
1469,1563987,260.0,316,0.09999999999999998,True,False
1470,1564159,150.0,172,0.09999999999999998,True,False
1471,1564454,180.0,295,0.09999999999999998,True,False
1472,1564620,90.0,166,0.09999999999999998,True,False
1473,1564823,155.0,203,0.09999999999999998,True,False
1474,1565156,255.0,333,0.09999999999999998,True,False
1475,1565711,370.0,555,0.09999999999999998,True,False
1476,1566049,190.0,338,0.09999999999999998,True,False
1477,1566184,50.0,135,0.09999999999999998,True,False
1478,1566417,110.0,233,0.09999999999999998,True,False
1479,1566716,240.0,299,0.09999999999999998,True,False
1480,1567023,200.0,307,0.09999999999999998,True,False
1481,1567333,235.0,310,0.09999999999999998,True,False
1482,1567776,255.0,443,0.09999999999999998,True,False
1483,1568209,280.0,433,0.09999999999999998,True,False
1484,1568674,360.0,465,0.09999999999999998,True,False
1485,1569010,250.0,336,0.09999999999999998,True,False
1486,1569320,200.0,310,0.09999999999999998,True,False
1487,1569749,305.0,429,0.09999999999999998,True,False
1488,1570263,285.0,514,0.09999999999999998,True,False
1489,1570551,225.0,288,0.09999999999999998,True,False
1490,1570942,325.0,391,0.09999999999999998,True,False
1491,1571565,355.0,623,0.09999999999999998,True,False
1492,1572344,485.0,779,0.09999999999999998,True,False
1493,1572656,250.0,312,0.09999999999999998,True,False
1494,1573140,345.0,484,0.09999999999999998,True,False
1495,1573292,85.0,152,0.09999999999999998,True,False
1496,1573853,445.0,561,0.09999999999999998,True,False
1497,1574504,375.0,651,0.09999999999999998,True,False
1498,1575010,410.0,506,0.09999999999999998,True,False
1499,1575517,300.0,507,0.09999999999999998,True,False
1500,1576075,425.0,558,0.09999999999999998,True,False
1501,1576724,375.0,649,0.09999999999999998,True,False
1502,1577324,410.0,600,0.09999999999999998,True,False
1503,1577892,380.0,568,0.09999999999999998,True,False
1504,1578439,325.0,547,0.09999999999999998,True,False
1505,1578849,330.0,410,0.09999999999999998,True,False
1506,1579261,340.0,412,0.09999999999999998,True,False
1507,1579429,125.0,168,0.09999999999999998,True,False
1508,1579775,280.0,346,0.09999999999999998,True,False
1509,1580535,470.0,760,0.09999999999999998,True,False
1510,1580812,200.0,277,0.09999999999999998,True,False
1511,1580980,105.0,168,0.09999999999999998,True,False
1512,1581465,525.0,485,0.09999999999999998,True,False
1513,1581736,160.0,271,0.09999999999999998,True,False
1514,1581890,105.0,154,0.09999999999999998,True,False
1515,1582156,165.0,266,0.09999999999999998,True,False
1516,1582582,155.0,426,0.09999999999999998,True,False
1517,1583000,470.0,418,0.09999999999999998,True,False
1518,1583518,375.0,518,0.09999999999999998,True,False
1519,1583869,235.0,351,0.09999999999999998,True,False
1520,1584140,225.0,271,0.09999999999999998,True,False
1521,1584229,15.0,89,0.09999999999999998,True,False
1522,1584435,125.0,206,0.09999999999999998,True,False
1523,1584881,340.0,446,0.09999999999999998,True,False
1524,1585332,310.0,451,0.09999999999999998,True,False
1525,1585552,110.0,220,0.09999999999999998,True,False
1526,1586102,200.0,550,0.09999999999999998,True,False
1527,1586456,140.0,354,0.09999999999999998,True,False
1528,1587050,390.0,594,0.09999999999999998,True,False
1529,1587560,425.0,510,0.09999999999999998,True,False
1530,1587991,235.0,431,0.09999999999999998,True,False
1531,1588425,235.0,434,0.09999999999999998,True,False
1532,1589138,515.0,713,0.09999999999999998,True,False
1533,1589543,315.0,405,0.09999999999999998,True,False
1534,1590007,320.0,464,0.09999999999999998,True,False
1535,1590802,610.0,795,0.09999999999999998,True,False
1536,1591285,465.0,483,0.09999999999999998,True,False
1537,1591626,270.0,341,0.09999999999999998,True,False
1538,1591945,195.0,319,0.09999999999999998,True,False
1539,1592144,155.0,199,0.09999999999999998,True,False
1540,1592768,425.0,624,0.09999999999999998,True,False
1541,1593199,245.0,431,0.09999999999999998,True,False
1542,1593398,125.0,199,0.09999999999999998,True,False
1543,1593744,185.0,346,0.09999999999999998,True,False
1544,1594095,220.0,351,0.09999999999999998,True,False
1545,1594365,175.0,270,0.09999999999999998,True,False
1546,1594742,525.0,377,0.09999999999999998,True,False
1547,1595165,385.0,423,0.09999999999999998,True,False
1548,1595917,415.0,752,0.09999999999999998,True,False
1549,1596208,220.0,291,0.09999999999999998,True,False
1550,1596563,260.0,355,0.09999999999999998,True,False
1551,1597025,400.0,462,0.09999999999999998,True,False
1552,1597491,305.0,466,0.09999999999999998,True,False
1553,1598038,475.0,547,0.09999999999999998,True,False
1554,1598407,280.0,369,0.09999999999999998,True,False
1555,1598861,295.0,454,0.09999999999999998,True,False
1556,1599255,260.0,394,0.09999999999999998,True,False
1557,1599540,210.0,285,0.09999999999999998,True,False
1558,1599932,250.0,392,0.09999999999999998,True,False
1559,1600305,235.0,373,0.09999999999999998,True,False
1560,1600462,65.0,157,0.09999999999999998,True,False
1561,1601091,315.0,629,0.09999999999999998,True,False
1562,1601638,360.0,547,0.09999999999999998,True,False
1563,1602235,240.0,597,0.09999999999999998,True,False
1564,1602645,330.0,410,0.09999999999999998,True,False
1565,1603032,320.0,387,0.09999999999999998,True,False
1566,1603324,205.0,292,0.09999999999999998,True,False
1567,1603927,410.0,603,0.09999999999999998,True,False
1568,1604370,460.0,443,0.09999999999999998,True,False
1569,1604774,315.0,404,0.09999999999999998,True,False
1570,1605073,215.0,299,0.09999999999999998,True,False
1571,1605382,190.0,309,0.09999999999999998,True,False
1572,1606077,350.0,695,0.09999999999999998,True,False
1573,1606354,225.0,277,0.09999999999999998,True,False
1574,1606518,100.0,164,0.09999999999999998,True,False
1575,1606914,215.0,396,0.09999999999999998,True,False
1576,1607391,270.0,477,0.09999999999999998,True,False
1577,1607989,415.0,598,0.09999999999999998,True,False
1578,1608293,220.0,304,0.09999999999999998,True,False
1579,1608747,365.0,454,0.09999999999999998,True,False
1580,1609007,115.0,260,0.09999999999999998,True,False
1581,1609402,285.0,395,0.09999999999999998,True,False
1582,1609726,440.0,324,0.09999999999999998,True,False
1583,1610483,420.0,757,0.09999999999999998,True,False
1584,1610767,145.0,284,0.09999999999999998,True,False
1585,1611033,200.0,266,0.09999999999999998,True,False
1586,1611359,265.0,326,0.09999999999999998,True,False
1587,1611819,275.0,460,0.09999999999999998,True,False
1588,1612070,155.0,251,0.09999999999999998,True,False
1589,1612509,245.0,439,0.09999999999999998,True,False
1590,1612853,460.0,344,0.09999999999999998,True,False
1591,1613186,405.0,333,0.09999999999999998,True,False
1592,1613379,130.0,193,0.09999999999999998,True,False
1593,1613794,275.0,415,0.09999999999999998,True,False
1594,1614097,190.0,303,0.09999999999999998,True,False
1595,1614674,300.0,577,0.09999999999999998,True,False
1596,1615207,280.0,533,0.09999999999999998,True,False
1597,1615721,350.0,514,0.09999999999999998,True,False
1598,1616117,240.0,396,0.09999999999999998,True,False
1599,1616389,155.0,272,0.09999999999999998,True,False
1600,1616839,210.0,450,0.09999999999999998,True,False
1601,1617443,390.0,604,0.09999999999999998,True,False
1602,1617620,50.0,177,0.09999999999999998,True,False
1603,1618075,585.0,455,0.09999999999999998,True,False
1604,1618550,380.0,475,0.09999999999999998,True,False
1605,1618720,125.0,170,0.09999999999999998,True,False
1606,1618895,130.0,175,0.09999999999999998,True,False
1607,1619453,275.0,558,0.09999999999999998,True,False
1608,1619964,545.0,511,0.09999999999999998,True,False
1609,1620306,235.0,342,0.09999999999999998,True,False
1610,1620914,405.0,608,0.09999999999999998,True,False
1611,1621337,185.0,423,0.09999999999999998,True,False
1612,1621638,105.0,301,0.09999999999999998,True,False
1613,1622100,305.0,462,0.09999999999999998,True,False
1614,1622759,410.0,659,0.09999999999999998,True,False
1615,1623268,480.0,509,0.09999999999999998,True,False
1616,1623409,85.0,141,0.09999999999999998,True,False
1617,1623696,225.0,287,0.09999999999999998,True,False
1618,1624071,325.0,375,0.09999999999999998,True,False
1619,1624474,245.0,403,0.09999999999999998,True,False
1620,1625397,575.0,923,0.09999999999999998,True,False
1621,1625865,290.0,468,0.09999999999999998,True,False
1622,1626578,395.0,713,0.09999999999999998,True,False
1623,1627093,300.0,515,0.09999999999999998,True,False
1624,1627494,330.0,401,0.09999999999999998,True,False
1625,1627695,180.0,201,0.09999999999999998,True,False
1626,1628189,345.0,494,0.09999999999999998,True,False
1627,1628558,235.0,369,0.09999999999999998,True,False
1628,1629028,275.0,470,0.09999999999999998,True,False
1629,1629534,275.0,506,0.09999999999999998,True,False
1630,1630138,370.0,604,0.09999999999999998,True,False
1631,1630644,495.0,506,0.09999999999999998,True,False
1632,1630952,235.0,308,0.09999999999999998,True,False
1633,1631136,125.0,184,0.09999999999999998,True,False
1634,1631308,80.0,172,0.09999999999999998,True,False
1635,1631703,315.0,395,0.09999999999999998,True,False
1636,1632235,355.0,532,0.09999999999999998,True,False
1637,1632655,250.0,420,0.09999999999999998,True,False
1638,1633096,150.0,441,0.09999999999999998,True,False
1639,1633355,180.0,259,0.09999999999999998,True,False
1640,1633793,365.0,438,0.09999999999999998,True,False
1641,1634060,210.0,267,0.09999999999999998,True,False
1642,1634242,75.0,182,0.09999999999999998,True,False
1643,1635051,745.0,809,0.09999999999999998,True,False
1644,1635356,190.0,305,0.09999999999999998,True,False
1645,1635725,230.0,369,0.09999999999999998,True,False
1646,1636261,310.0,536,0.09999999999999998,True,False
1647,1636563,210.0,302,0.09999999999999998,True,False
1648,1636972,195.0,409,0.09999999999999998,True,False
1649,1637339,270.0,367,0.09999999999999998,True,False
1650,1637665,250.0,326,0.09999999999999998,True,False
1651,1637856,125.0,191,0.09999999999999998,True,False
1652,1638056,65.0,200,0.09999999999999998,True,False
1653,1638273,65.0,217,0.09999999999999998,True,False
1654,1638575,260.0,302,0.09999999999999998,True,False
1655,1638909,220.0,334,0.09999999999999998,True,False
1656,1639383,285.0,474,0.09999999999999998,True,False
1657,1639932,560.0,549,0.09999999999999998,True,False
1658,1640129,150.0,197,0.09999999999999998,True,False
1659,1640573,295.0,444,0.09999999999999998,True,False
1660,1640924,170.0,351,0.09999999999999998,True,False
1661,1641300,400.0,376,0.09999999999999998,True,False
1662,1641895,355.0,595,0.09999999999999998,True,False
1663,1642750,515.0,855,0.09999999999999998,True,False
1664,1642962,100.0,212,0.09999999999999998,True,False
1665,1643484,220.0,522,0.09999999999999998,True,False
1666,1644028,420.0,544,0.09999999999999998,True,False
1667,1644466,125.0,438,0.09999999999999998,True,False
1668,1644768,200.0,302,0.09999999999999998,True,False
1669,1645356,615.0,588,0.09999999999999998,True,False
1670,1645714,275.0,358,0.09999999999999998,True,False
1671,1645998,200.0,284,0.09999999999999998,True,False
1672,1646754,570.0,756,0.09999999999999998,True,False
1673,1647433,410.0,679,0.09999999999999998,True,False
1674,1647843,285.0,410,0.09999999999999998,True,False
1675,1648307,280.0,464,0.09999999999999998,True,False
1676,1648601,235.0,294,0.09999999999999998,True,False
1677,1648945,220.0,344,0.09999999999999998,True,False
1678,1649145,120.0,200,0.09999999999999998,True,False
1679,1649465,130.0,320,0.09999999999999998,True,False
1680,1649629,80.0,164,0.09999999999999998,True,False
1681,1649970,195.0,341,0.09999999999999998,True,False
1682,1650342,175.0,372,0.09999999999999998,True,False
1683,1650677,235.0,335,0.09999999999999998,True,False
1684,1651185,350.0,508,0.09999999999999998,True,False
1685,1651608,220.0,423,0.09999999999999998,True,False
1686,1652152,360.0,544,0.09999999999999998,True,False
1687,1652740,425.0,588,0.09999999999999998,True,False
1688,1653240,370.0,500,0.09999999999999998,True,False
1689,1653720,305.0,480,0.09999999999999998,True,False
1690,1654057,260.0,337,0.09999999999999998,True,False
1691,1654427,210.0,370,0.09999999999999998,True,False
1692,1655031,380.0,604,0.09999999999999998,True,False
1693,1655540,340.0,509,0.09999999999999998,True,False
1694,1655822,155.0,282,0.09999999999999998,True,False
1695,1656155,240.0,333,0.09999999999999998,True,False
1696,1656491,295.0,336,0.09999999999999998,True,False
1697,1656824,260.0,333,0.09999999999999998,True,False
1698,1657113,110.0,289,0.09999999999999998,True,False
1699,1657272,65.0,159,0.09999999999999998,True,False
1700,1657693,230.0,421,0.09999999999999998,True,False
1701,1657857,85.0,164,0.09999999999999998,True,False
1702,1658251,270.0,394,0.09999999999999998,True,False
1703,1659370,500.0,1119,0.09999999999999998,True,False
1704,1659810,260.0,440,0.09999999999999998,True,False
1705,1660527,590.0,717,0.09999999999999998,True,False
1706,1660684,20.0,157,0.09999999999999998,True,False
1707,1661117,445.0,433,0.09999999999999998,True,False
1708,1661422,190.0,305,0.09999999999999998,True,False
1709,1661562,105.0,140,0.09999999999999998,True,False
1710,1661726,125.0,164,0.09999999999999998,True,False
1711,1662124,190.0,398,0.09999999999999998,True,False
1712,1662597,400.0,473,0.09999999999999998,True,False
1713,1663151,395.0,554,0.09999999999999998,True,False
1714,1663362,150.0,211,0.09999999999999998,True,False
1715,1663775,350.0,413,0.09999999999999998,True,False
1716,1664171,235.0,396,0.09999999999999998,True,False
1717,1664639,385.0,468,0.09999999999999998,True,False
1718,1665000,115.0,361,0.09999999999999998,True,False
1719,1665594,500.0,594,0.09999999999999998,True,False
1720,1665977,320.0,383,0.09999999999999998,True,False
1721,1666282,400.0,305,0.09999999999999998,True,False
1722,1666421,45.0,139,0.09999999999999998,True,False
1723,1667746,985.0,1325,0.09999999999999998,True,False
1724,1668289,325.0,543,0.09999999999999998,True,False
1725,1668631,245.0,342,0.09999999999999998,True,False
1726,1668832,30.0,201,0.09999999999999998,True,False
1727,1669018,105.0,186,0.09999999999999998,True,False
1728,1669169,50.0,151,0.09999999999999998,True,False
1729,1669350,130.0,181,0.09999999999999998,True,False
1730,1669715,270.0,365,0.09999999999999998,True,False
1731,1670054,270.0,339,0.09999999999999998,True,False
1732,1670805,450.0,751,0.09999999999999998,True,False
1733,1671116,430.0,311,0.09999999999999998,True,False
1734,1671398,180.0,282,0.09999999999999998,True,False
1735,1672273,445.0,875,0.09999999999999998,True,False
1736,1672591,250.0,318,0.09999999999999998,True,False
1737,1672999,200.0,408,0.09999999999999998,True,False
1738,1673195,135.0,196,0.09999999999999998,True,False
1739,1674008,865.0,813,0.09999999999999998,True,False
1740,1674352,250.0,344,0.09999999999999998,True,False
1741,1675088,495.0,736,0.09999999999999998,True,False
1742,1675291,100.0,203,0.09999999999999998,True,False
1743,1675583,145.0,292,0.09999999999999998,True,False
1744,1676053,290.0,470,0.09999999999999998,True,False
1745,1676809,425.0,756,0.09999999999999998,True,False
1746,1677327,160.0,518,0.09999999999999998,True,False
1747,1677618,185.0,291,0.09999999999999998,True,False
1748,1678314,515.0,696,0.09999999999999998,True,False
1749,1678767,355.0,453,0.09999999999999998,True,False
1750,1679194,345.0,427,0.09999999999999998,True,False
1751,1679523,250.0,329,0.09999999999999998,True,False
1752,1679868,205.0,345,0.09999999999999998,True,False
1753,1680243,490.0,375,0.09999999999999998,True,False
1754,1680620,265.0,377,0.09999999999999998,True,False
1755,1680769,80.0,149,0.09999999999999998,True,False
1756,1681420,440.0,651,0.09999999999999998,True,False
1757,1681742,205.0,322,0.09999999999999998,True,False
1758,1681891,90.0,149,0.09999999999999998,True,False
1759,1682391,250.0,500,0.09999999999999998,True,False
1760,1682867,430.0,476,0.09999999999999998,True,False
1761,1683274,190.0,407,0.09999999999999998,True,False
1762,1683697,295.0,423,0.09999999999999998,True,False
1763,1684019,260.0,322,0.09999999999999998,True,False
1764,1684408,180.0,389,0.09999999999999998,True,False
1765,1685051,405.0,643,0.09999999999999998,True,False
1766,1685546,325.0,495,0.09999999999999998,True,False
1767,1685864,220.0,318,0.09999999999999998,True,False
1768,1686277,320.0,413,0.09999999999999998,True,False
1769,1686704,355.0,427,0.09999999999999998,True,False
1770,1687145,250.0,441,0.09999999999999998,True,False
1771,1687798,440.0,653,0.09999999999999998,True,False
1772,1688355,490.0,557,0.09999999999999998,True,False
1773,1688692,275.0,337,0.09999999999999998,True,False
1774,1689040,230.0,348,0.09999999999999998,True,False
1775,1689650,385.0,610,0.09999999999999998,True,False
1776,1690242,375.0,592,0.09999999999999998,True,False
1777,1690561,270.0,319,0.09999999999999998,True,False
1778,1690655,10.0,94,0.09999999999999998,True,False
1779,1691133,335.0,478,0.09999999999999998,True,False
1780,1691571,320.0,438,0.09999999999999998,True,False
1781,1691855,210.0,284,0.09999999999999998,True,False
1782,1692291,460.0,436,0.09999999999999998,True,False
1783,1692462,80.0,171,0.09999999999999998,True,False
1784,1693018,355.0,556,0.09999999999999998,True,False
1785,1693418,255.0,400,0.09999999999999998,True,False
1786,1693796,235.0,378,0.09999999999999998,True,False
1787,1694364,350.0,568,0.09999999999999998,True,False
1788,1694652,245.0,288,0.09999999999999998,True,False
1789,1695232,345.0,580,0.09999999999999998,True,False
1790,1695391,95.0,159,0.09999999999999998,True,False
1791,1695745,230.0,354,0.09999999999999998,True,False
1792,1696253,200.0,508,0.09999999999999998,True,False
1793,1696630,210.0,377,0.09999999999999998,True,False
1794,1696770,75.0,140,0.09999999999999998,True,False
1795,1697083,230.0,313,0.09999999999999998,True,False
1796,1697555,340.0,472,0.09999999999999998,True,False
1797,1697847,240.0,292,0.09999999999999998,True,False
1798,1698591,500.0,744,0.09999999999999998,True,False
1799,1698924,215.0,333,0.09999999999999998,True,False
1800,1699078,50.0,154,0.09999999999999998,True,False
1801,1699684,305.0,606,0.09999999999999998,True,False
1802,1699967,195.0,283,0.09999999999999998,True,False
1803,1700200,150.0,233,0.09999999999999998,True,False
1804,1700644,370.0,444,0.09999999999999998,True,False
1805,1701055,265.0,411,0.09999999999999998,True,False
1806,1701254,110.0,199,0.09999999999999998,True,False
1807,1701551,135.0,297,0.09999999999999998,True,False
1808,1701895,260.0,344,0.09999999999999998,True,False
1809,1702312,460.0,417,0.09999999999999998,True,False
1810,1702589,135.0,277,0.09999999999999998,True,False
1811,1702961,180.0,372,0.09999999999999998,True,False
1812,1703622,535.0,661,0.09999999999999998,True,False
1813,1704181,280.0,559,0.09999999999999998,True,False
1814,1704672,530.0,491,0.09999999999999998,True,False
1815,1704954,155.0,282,0.09999999999999998,True,False
1816,1705338,230.0,384,0.09999999999999998,True,False
1817,1705493,80.0,155,0.09999999999999998,True,False
1818,1705651,80.0,158,0.09999999999999998,True,False
1819,1706209,375.0,558,0.09999999999999998,True,False
1820,1706565,235.0,356,0.09999999999999998,True,False
1821,1706987,335.0,422,0.09999999999999998,True,False
1822,1707564,270.0,577,0.09999999999999998,True,False
1823,1707864,185.0,300,0.09999999999999998,True,False
1824,1708024,100.0,160,0.09999999999999998,True,False
1825,1708168,65.0,144,0.09999999999999998,True,False
1826,1708311,75.0,143,0.09999999999999998,True,False
1827,1708624,200.0,313,0.09999999999999998,True,False
1828,1708889,185.0,265,0.09999999999999998,True,False
1829,1709408,355.0,519,0.09999999999999998,True,False
1830,1709762,275.0,354,0.09999999999999998,True,False
1831,1710059,180.0,297,0.09999999999999998,True,False
1832,1710202,50.0,143,0.09999999999999998,True,False
1833,1711497,925.0,1295,0.09999999999999998,True,False
1834,1711666,105.0,169,0.09999999999999998,True,False
1835,1711952,175.0,286,0.09999999999999998,True,False
1836,1712239,240.0,287,0.09999999999999998,True,False
1837,1712726,390.0,487,0.09999999999999998,True,False
1838,1713049,240.0,323,0.09999999999999998,True,False
1839,1713260,150.0,211,0.09999999999999998,True,False
1840,1713709,305.0,449,0.09999999999999998,True,False
1841,1714412,575.0,703,0.09999999999999998,True,False
1842,1714987,795.0,575,0.09999999999999998,True,False
1843,1715192,180.0,205,0.09999999999999998,True,False
1844,1715632,380.0,440,0.09999999999999998,True,False
1845,1715826,100.0,194,0.09999999999999998,True,False
1846,1716508,385.0,682,0.09999999999999998,True,False
1847,1716944,325.0,436,0.09999999999999998,True,False
1848,1717418,490.0,474,0.09999999999999998,True,False
1849,1717963,500.0,545,0.09999999999999998,True,False
1850,1718109,90.0,146,0.09999999999999998,True,False
1851,1718444,270.0,335,0.09999999999999998,True,False
1852,1718884,300.0,440,0.09999999999999998,True,False
1853,1719199,190.0,315,0.09999999999999998,True,False
1854,1719430,110.0,231,0.09999999999999998,True,False
1855,1719710,180.0,280,0.09999999999999998,True,False
1856,1720202,390.0,492,0.09999999999999998,True,False
1857,1720562,200.0,360,0.09999999999999998,True,False
1858,1720825,225.0,263,0.09999999999999998,True,False
1859,1720941,30.0,116,0.09999999999999998,True,False
1860,1721267,280.0,326,0.09999999999999998,True,False
1861,1721715,270.0,448,0.09999999999999998,True,False
1862,1721971,155.0,256,0.09999999999999998,True,False
1863,1722321,460.0,350,0.09999999999999998,True,False
1864,1722673,230.0,352,0.09999999999999998,True,False
1865,1723032,460.0,359,0.09999999999999998,True,False
1866,1723458,190.0,426,0.09999999999999998,True,False
1867,1724089,405.0,631,0.09999999999999998,True,False
1868,1724421,240.0,332,0.09999999999999998,True,False
1869,1725141,365.0,720,0.09999999999999998,True,False
1870,1725779,520.0,638,0.09999999999999998,True,False
1871,1726040,210.0,261,0.09999999999999998,True,False
1872,1726312,230.0,272,0.09999999999999998,True,False
1873,1726494,125.0,182,0.09999999999999998,True,False
1874,1726697,180.0,203,0.09999999999999998,True,False
1875,1726906,115.0,209,0.09999999999999998,True,False
1876,1727249,240.0,343,0.09999999999999998,True,False
1877,1727677,235.0,428,0.09999999999999998,True,False
1878,1727828,105.0,151,0.09999999999999998,True,False
1879,1728026,125.0,198,0.09999999999999998,True,False
1880,1728452,270.0,426,0.09999999999999998,True,False
1881,1728853,360.0,401,0.09999999999999998,True,False
1882,1729285,285.0,432,0.09999999999999998,True,False
1883,1729487,180.0,202,0.09999999999999998,True,False
1884,1729672,45.0,185,0.09999999999999998,True,False
1885,1729947,255.0,275,0.09999999999999998,True,False
1886,1730143,65.0,196,0.09999999999999998,True,False
1887,1730602,400.0,459,0.09999999999999998,True,False
1888,1730794,125.0,192,0.09999999999999998,True,False
1889,1731405,410.0,611,0.09999999999999998,True,False
1890,1731770,250.0,365,0.09999999999999998,True,False
1891,1731931,100.0,161,0.09999999999999998,True,False
1892,1732485,430.0,554,0.09999999999999998,True,False
1893,1732772,210.0,287,0.09999999999999998,True,False
1894,1732964,100.0,192,0.09999999999999998,True,False
1895,1733363,335.0,399,0.09999999999999998,True,False
1896,1733694,440.0,331,0.09999999999999998,True,False
1897,1733987,260.0,293,0.09999999999999998,True,False
1898,1734176,115.0,189,0.09999999999999998,True,False
1899,1734561,260.0,385,0.09999999999999998,True,False
1900,1734878,270.0,317,0.09999999999999998,True,False
1901,1735207,450.0,329,0.09999999999999998,True,False
1902,1735554,230.0,347,0.09999999999999998,True,False
1903,1735996,550.0,442,0.09999999999999998,True,False
1904,1736526,330.0,530,0.09999999999999998,True,False
1905,1736888,210.0,362,0.09999999999999998,True,False
1906,1737088,125.0,200,0.09999999999999998,True,False
1907,1737230,15.0,142,0.09999999999999998,True,False
1908,1737445,180.0,215,0.09999999999999998,True,False
1909,1737855,250.0,410,0.09999999999999998,True,False
1910,1738370,315.0,515,0.09999999999999998,True,False
1911,1738715,260.0,345,0.09999999999999998,True,False
1912,1739212,520.0,497,0.09999999999999998,True,False
1913,1739853,395.0,641,0.09999999999999998,True,False
1914,1740383,345.0,530,0.09999999999999998,True,False
1915,1740568,80.0,185,0.09999999999999998,True,False
1916,1741027,560.0,459,0.09999999999999998,True,False
1917,1741198,50.0,171,0.09999999999999998,True,False
1918,1741519,230.0,321,0.09999999999999998,True,False
1919,1741975,345.0,456,0.09999999999999998,True,False
1920,1742448,245.0,473,0.09999999999999998,True,False
1921,1742905,270.0,457,0.09999999999999998,True,False
1922,1743314,320.0,409,0.09999999999999998,True,False
1923,1743718,360.0,404,0.09999999999999998,True,False
1924,1744222,340.0,504,0.09999999999999998,True,False
1925,1744788,355.0,566,0.09999999999999998,True,False
1926,1745352,565.0,564,0.09999999999999998,True,False
1927,1745527,100.0,175,0.09999999999999998,True,False
1928,1745870,230.0,343,0.09999999999999998,True,False
1929,1746223,245.0,353,0.09999999999999998,True,False
1930,1746626,355.0,403,0.09999999999999998,True,False
1931,1747081,335.0,455,0.09999999999999998,True,False
1932,1747379,420.0,298,0.09999999999999998,True,False
1933,1747660,230.0,281,0.09999999999999998,True,False
1934,1747970,235.0,310,0.09999999999999998,True,False
1935,1748487,400.0,517,0.09999999999999998,True,False
1936,1748901,555.0,414,0.09999999999999998,True,False
1937,1749403,360.0,502,0.09999999999999998,True,False
1938,1749721,390.0,318,0.09999999999999998,True,False
1939,1750003,200.0,282,0.09999999999999998,True,False
1940,1750270,155.0,267,0.09999999999999998,True,False
1941,1750693,330.0,423,0.09999999999999998,True,False
1942,1750840,85.0,147,0.09999999999999998,True,False
1943,1751299,225.0,459,0.09999999999999998,True,False
1944,1751601,145.0,302,0.09999999999999998,True,False
1945,1751986,225.0,385,0.09999999999999998,True,False
1946,1752275,230.0,289,0.09999999999999998,True,False
1947,1752608,245.0,333,0.09999999999999998,True,False
1948,1753150,335.0,542,0.09999999999999998,True,False
1949,1753420,205.0,270,0.09999999999999998,True,False
1950,1754144,435.0,724,0.09999999999999998,True,False
1951,1754543,325.0,399,0.09999999999999998,True,False
1952,1754715,80.0,172,0.09999999999999998,True,False
1953,1754870,50.0,155,0.09999999999999998,True,False
1954,1755179,225.0,309,0.09999999999999998,True,False
1955,1755555,265.0,376,0.09999999999999998,True,False
1956,1755959,320.0,404,0.09999999999999998,True,False
1957,1756374,300.0,415,0.09999999999999998,True,False
1958,1756771,245.0,397,0.09999999999999998,True,False
1959,1756968,125.0,197,0.09999999999999998,True,False
1960,1757404,300.0,436,0.09999999999999998,True,False
1961,1758396,480.0,992,0.09999999999999998,True,False
1962,1758734,290.0,338,0.09999999999999998,True,False
1963,1759148,330.0,414,0.09999999999999998,True,False
1964,1759662,495.0,514,0.09999999999999998,True,False
1965,1760110,220.0,448,0.09999999999999998,True,False
1966,1760589,335.0,479,0.09999999999999998,True,False
1967,1760911,270.0,322,0.09999999999999998,True,False
1968,1761614,450.0,703,0.09999999999999998,True,False
1969,1761938,400.0,324,0.09999999999999998,True,False
1970,1762389,310.0,451,0.09999999999999998,True,False
1971,1762841,310.0,452,0.09999999999999998,True,False
1972,1763019,100.0,178,0.09999999999999998,True,False
1973,1763698,425.0,679,0.09999999999999998,True,False
1974,1764137,450.0,439,0.09999999999999998,True,False
1975,1764522,335.0,385,0.09999999999999998,True,False
1976,1764831,230.0,309,0.09999999999999998,True,False
1977,1765091,150.0,260,0.09999999999999998,True,False
1978,1765374,145.0,283,0.09999999999999998,True,False
1979,1765534,85.0,160,0.09999999999999998,True,False
1980,1765838,365.0,304,0.09999999999999998,True,False
1981,1766025,125.0,187,0.09999999999999998,True,False
1982,1766678,790.0,653,0.09999999999999998,True,False
1983,1767001,215.0,323,0.09999999999999998,True,False
1984,1767093,15.0,92,0.09999999999999998,True,False
1985,1767285,125.0,192,0.09999999999999998,True,False
1986,1767451,80.0,166,0.09999999999999998,True,False
1987,1768040,355.0,589,0.09999999999999998,True,False
1988,1768381,225.0,341,0.09999999999999998,True,False
1989,1768724,275.0,343,0.09999999999999998,True,False
1990,1769103,170.0,379,0.09999999999999998,True,False
1991,1769448,220.0,345,0.09999999999999998,True,False
1992,1770109,440.0,661,0.09999999999999998,True,False
1993,1770769,415.0,660,0.09999999999999998,True,False
1994,1770927,125.0,158,0.09999999999999998,True,False
1995,1771210,180.0,283,0.09999999999999998,True,False
1996,1771572,275.0,362,0.09999999999999998,True,False
1997,1772116,345.0,544,0.09999999999999998,True,False
1998,1772407,230.0,291,0.09999999999999998,True,False
1999,1772774,200.0,367,0.09999999999999998,True,False
2000,1773186,160.0,412,0.09999999999999998,True,False
2001,1773575,325.0,389,0.09999999999999998,True,False
2002,1773832,115.0,257,0.09999999999999998,True,False
2003,1774299,360.0,467,0.09999999999999998,True,False
2004,1774671,270.0,372,0.09999999999999998,True,False
2005,1775307,390.0,636,0.09999999999999998,True,False
2006,1775466,30.0,159,0.09999999999999998,True,False
2007,1775901,355.0,435,0.09999999999999998,True,False
2008,1776111,125.0,210,0.09999999999999998,True,False
2009,1776543,245.0,432,0.09999999999999998,True,False
2010,1777418,585.0,875,0.09999999999999998,True,False
2011,1777741,245.0,323,0.09999999999999998,True,False
2012,1778043,265.0,302,0.09999999999999998,True,False
2013,1778408,90.0,365,0.09999999999999998,True,False
2014,1778915,315.0,507,0.09999999999999998,True,False
2015,1779302,260.0,387,0.09999999999999998,True,False
2016,1779893,415.0,591,0.09999999999999998,True,False
2017,1780183,220.0,290,0.09999999999999998,True,False
2018,1780818,295.0,635,0.09999999999999998,True,False
2019,1781056,135.0,238,0.09999999999999998,True,False
2020,1781353,410.0,297,0.09999999999999998,True,False
2021,1781846,350.0,493,0.09999999999999998,True,False
2022,1782005,80.0,159,0.09999999999999998,True,False
2023,1782392,260.0,387,0.09999999999999998,True,False
2024,1782746,260.0,354,0.09999999999999998,True,False
2025,1782949,180.0,203,0.09999999999999998,True,False
2026,1783356,550.0,407,0.09999999999999998,True,False
2027,1783648,215.0,292,0.09999999999999998,True,False
2028,1783735,15.0,87,0.09999999999999998,True,False
2029,1784275,365.0,540,0.09999999999999998,True,False
2030,1784623,220.0,348,0.09999999999999998,True,False
2031,1785244,320.0,621,0.09999999999999998,True,False
2032,1785647,430.0,403,0.09999999999999998,True,False
2033,1786068,265.0,421,0.09999999999999998,True,False
2034,1786412,250.0,344,0.09999999999999998,True,False
2035,1786740,285.0,328,0.09999999999999998,True,False
2036,1787246,360.0,506,0.09999999999999998,True,False
2037,1787789,575.0,543,0.09999999999999998,True,False
2038,1788399,360.0,610,0.09999999999999998,True,False
2039,1788801,235.0,402,0.09999999999999998,True,False
2040,1789166,290.0,365,0.09999999999999998,True,False
2041,1789738,340.0,572,0.09999999999999998,True,False
2042,1790052,135.0,314,0.09999999999999998,True,False
2043,1790636,665.0,584,0.09999999999999998,True,False
2044,1790924,255.0,288,0.09999999999999998,True,False
2045,1791235,300.0,311,0.09999999999999998,True,False
2046,1791640,235.0,405,0.09999999999999998,True,False
2047,1792133,380.0,493,0.09999999999999998,True,False
2048,1792400,210.0,267,0.09999999999999998,True,False
2049,1792846,290.0,446,0.09999999999999998,True,False
2050,1793264,155.0,418,0.09999999999999998,True,False
2051,1793723,345.0,459,0.09999999999999998,True,False
2052,1793909,55.0,186,0.09999999999999998,True,False
2053,1794015,15.0,106,0.09999999999999998,True,False
2054,1794488,255.0,473,0.09999999999999998,True,False
2055,1794770,195.0,282,0.09999999999999998,True,False
2056,1795151,250.0,381,0.09999999999999998,True,False
2057,1795294,90.0,143,0.09999999999999998,True,False
2058,1795472,125.0,178,0.09999999999999998,True,False
2059,1795910,575.0,438,0.09999999999999998,True,False
2060,1796282,190.0,372,0.09999999999999998,True,False
2061,1796734,240.0,452,0.09999999999999998,True,False
2062,1797071,225.0,337,0.09999999999999998,True,False
2063,1797693,365.0,622,0.09999999999999998,True,False
2064,1797782,15.0,89,0.09999999999999998,True,False
2065,1798440,660.0,658,0.09999999999999998,True,False
2066,1798624,145.0,184,0.09999999999999998,True,False
2067,1798940,265.0,316,0.09999999999999998,True,False
2068,1799218,180.0,278,0.09999999999999998,True,False
2069,1799414,120.0,196,0.09999999999999998,True,False
2070,1799710,200.0,296,0.09999999999999998,True,False
2071,1799855,60.0,145,0.09999999999999998,True,False
2072,1800140,160.0,285,0.09999999999999998,True,False
2073,1800447,325.0,307,0.09999999999999998,True,False
2074,1800886,255.0,439,0.09999999999999998,True,False
2075,1801424,535.0,538,0.09999999999999998,True,False
2076,1801870,280.0,446,0.09999999999999998,True,False
2077,1802661,485.0,791,0.09999999999999998,True,False
2078,1803071,360.0,410,0.09999999999999998,True,False
2079,1803349,180.0,278,0.09999999999999998,True,False
2080,1803759,230.0,410,0.09999999999999998,True,False
2081,1804200,240.0,441,0.09999999999999998,True,False
2082,1804839,410.0,639,0.09999999999999998,True,False
2083,1805129,200.0,290,0.09999999999999998,True,False
2084,1805456,270.0,327,0.09999999999999998,True,False
2085,1806224,485.0,768,0.09999999999999998,True,False
2086,1806523,210.0,299,0.09999999999999998,True,False
2087,1807093,240.0,570,0.09999999999999998,True,False
2088,1807354,195.0,261,0.09999999999999998,True,False
2089,1807822,285.0,468,0.09999999999999998,True,False
2090,1808443,800.0,621,0.09999999999999998,True,False
2091,1808727,135.0,284,0.09999999999999998,True,False
2092,1809330,355.0,603,0.09999999999999998,True,False
2093,1809802,205.0,472,0.09999999999999998,True,False
2094,1810260,345.0,458,0.09999999999999998,True,False
2095,1810538,230.0,278,0.09999999999999998,True,False
2096,1811010,210.0,472,0.09999999999999998,True,False
2097,1811362,245.0,352,0.09999999999999998,True,False
2098,1811558,75.0,196,0.09999999999999998,True,False
2099,1812098,430.0,540,0.09999999999999998,True,False
2100,1812313,100.0,215,0.09999999999999998,True,False
2101,1812703,315.0,390,0.09999999999999998,True,False
2102,1813107,295.0,404,0.09999999999999998,True,False
2103,1813585,385.0,478,0.09999999999999998,True,False
2104,1813795,125.0,210,0.09999999999999998,True,False
2105,1814228,295.0,433,0.09999999999999998,True,False
2106,1814629,275.0,401,0.09999999999999998,True,False
2107,1814939,170.0,310,0.09999999999999998,True,False
2108,1815438,355.0,499,0.09999999999999998,True,False
2109,1816128,460.0,690,0.09999999999999998,True,False
2110,1816835,405.0,707,0.09999999999999998,True,False
2111,1817403,395.0,568,0.09999999999999998,True,False
2112,1817695,135.0,292,0.09999999999999998,True,False
2113,1818213,295.0,518,0.09999999999999998,True,False
2114,1818649,275.0,436,0.09999999999999998,True,False
2115,1819026,190.0,377,0.09999999999999998,True,False
2116,1819354,285.0,328,0.09999999999999998,True,False
2117,1819624,155.0,270,0.09999999999999998,True,False
2118,1819966,250.0,342,0.09999999999999998,True,False
2119,1820433,365.0,467,0.09999999999999998,True,False
2120,1820795,285.0,362,0.09999999999999998,True,False
2121,1821331,375.0,536,0.09999999999999998,True,False
2122,1821648,215.0,317,0.09999999999999998,True,False
2123,1822073,280.0,425,0.09999999999999998,True,False
2124,1822555,310.0,482,0.09999999999999998,True,False
2125,1822944,235.0,389,0.09999999999999998,True,False
2126,1823238,150.0,294,0.09999999999999998,True,False
2127,1823443,125.0,205,0.09999999999999998,True,False
2128,1823588,65.0,145,0.09999999999999998,True,False
2129,1823996,250.0,408,0.09999999999999998,True,False
2130,1824382,280.0,386,0.09999999999999998,True,False
2131,1824821,270.0,439,0.09999999999999998,True,False
2132,1824996,135.0,175,0.09999999999999998,True,False
2133,1825339,235.0,343,0.09999999999999998,True,False
2134,1825536,125.0,197,0.09999999999999998,True,False
2135,1826640,490.0,1104,0.09999999999999998,True,False
2136,1827088,290.0,448,0.09999999999999998,True,False
2137,1827262,45.0,174,0.09999999999999998,True,False
2138,1827554,135.0,292,0.09999999999999998,True,False
2139,1828003,300.0,449,0.09999999999999998,True,False
2140,1828396,295.0,393,0.09999999999999998,True,False
2141,1828855,320.0,459,0.09999999999999998,True,False
2142,1829224,185.0,369,0.09999999999999998,True,False
2143,1829802,385.0,578,0.09999999999999998,True,False
2144,1830080,230.0,278,0.09999999999999998,True,False
2145,1830467,240.0,387,0.09999999999999998,True,False
2146,1830775,205.0,308,0.09999999999999998,True,False
2147,1831475,280.0,700,0.09999999999999998,True,False
2148,1831643,130.0,168,0.09999999999999998,True,False
2149,1831816,105.0,173,0.09999999999999998,True,False
2150,1832086,185.0,270,0.09999999999999998,True,False
2151,1832718,440.0,632,0.09999999999999998,True,False
2152,1832932,125.0,214,0.09999999999999998,True,False
2153,1833445,255.0,513,0.09999999999999998,True,False
2154,1833796,235.0,351,0.09999999999999998,True,False
2155,1834360,380.0,564,0.09999999999999998,True,False
2156,1834881,390.0,521,0.09999999999999998,True,False
2157,1835170,230.0,289,0.09999999999999998,True,False
2158,1835538,305.0,368,0.09999999999999998,True,False
2159,1835941,200.0,403,0.09999999999999998,True,False
2160,1836402,365.0,461,0.09999999999999998,True,False
2161,1836711,200.0,309,0.09999999999999998,True,False
2162,1837323,425.0,612,0.09999999999999998,True,False
2163,1837534,95.0,211,0.09999999999999998,True,False
2164,1837839,240.0,305,0.09999999999999998,True,False
2165,1838113,230.0,274,0.09999999999999998,True,False
2166,1838399,180.0,286,0.09999999999999998,True,False
2167,1838572,105.0,173,0.09999999999999998,True,False
2168,1838869,235.0,297,0.09999999999999998,True,False
2169,1839219,235.0,350,0.09999999999999998,True,False
2170,1839512,185.0,293,0.09999999999999998,True,False
2171,1839836,215.0,324,0.09999999999999998,True,False
2172,1840009,155.0,173,0.09999999999999998,True,False
2173,1840199,105.0,190,0.09999999999999998,True,False
2174,1840506,200.0,307,0.09999999999999998,True,False
2175,1840902,190.0,396,0.09999999999999998,True,False
2176,1841460,640.0,558,0.09999999999999998,True,False
2177,1841934,340.0,474,0.09999999999999998,True,False
2178,1842408,455.0,474,0.09999999999999998,True,False
2179,1842598,155.0,190,0.09999999999999998,True,False
2180,1842762,85.0,164,0.09999999999999998,True,False
2181,1843049,230.0,287,0.09999999999999998,True,False
2182,1843344,175.0,295,0.09999999999999998,True,False
2183,1843752,410.0,408,0.09999999999999998,True,False
2184,1844216,440.0,464,0.09999999999999998,True,False
2185,1844532,220.0,316,0.09999999999999998,True,False
2186,1844914,215.0,382,0.09999999999999998,True,False
2187,1845274,250.0,360,0.09999999999999998,True,False
2188,1845630,285.0,356,0.09999999999999998,True,False
2189,1846031,365.0,401,0.09999999999999998,True,False
2190,1846367,255.0,336,0.09999999999999998,True,False
2191,1846932,280.0,565,0.09999999999999998,True,False
2192,1847405,565.0,473,0.09999999999999998,True,False
2193,1847763,185.0,358,0.09999999999999998,True,False
2194,1848329,525.0,566,0.09999999999999998,True,False
2195,1848641,140.0,312,0.09999999999999998,True,False
2196,1849043,270.0,402,0.09999999999999998,True,False
2197,1849420,280.0,377,0.09999999999999998,True,False
2198,1849818,270.0,398,0.09999999999999998,True,False
2199,1850119,205.0,301,0.09999999999999998,True,False
2200,1850485,425.0,366,0.09999999999999998,True,False
2201,1850883,250.0,398,0.09999999999999998,True,False
2202,1851484,365.0,601,0.09999999999999998,True,False
2203,1851863,250.0,379,0.09999999999999998,True,False
2204,1852019,80.0,156,0.09999999999999998,True,False
2205,1852491,220.0,472,0.09999999999999998,True,False
2206,1852773,175.0,282,0.09999999999999998,True,False
2207,1853077,230.0,304,0.09999999999999998,True,False
2208,1853558,365.0,481,0.09999999999999998,True,False
2209,1853924,205.0,366,0.09999999999999998,True,False
2210,1854201,180.0,277,0.09999999999999998,True,False
2211,1854574,210.0,373,0.09999999999999998,True,False
2212,1855062,335.0,488,0.09999999999999998,True,False
2213,1855624,370.0,562,0.09999999999999998,True,False
2214,1855781,55.0,157,0.09999999999999998,True,False
2215,1856490,335.0,709,0.09999999999999998,True,False
2216,1856629,15.0,139,0.09999999999999998,True,False
2217,1856990,230.0,361,0.09999999999999998,True,False
2218,1857324,295.0,334,0.09999999999999998,True,False
2219,1857640,255.0,316,0.09999999999999998,True,False
2220,1858036,310.0,396,0.09999999999999998,True,False
2221,1858300,185.0,264,0.09999999999999998,True,False
2222,1858856,355.0,556,0.09999999999999998,True,False
2223,1859205,205.0,349,0.09999999999999998,True,False
2224,1859630,235.0,425,0.09999999999999998,True,False
2225,1859788,80.0,158,0.09999999999999998,True,False
2226,1860205,275.0,417,0.09999999999999998,True,False
2227,1860358,85.0,153,0.09999999999999998,True,False
2228,1861009,380.0,651,0.09999999999999998,True,False
2229,1861316,155.0,307,0.09999999999999998,True,False
2230,1861635,245.0,319,0.09999999999999998,True,False
2231,1862226,385.0,591,0.09999999999999998,True,False
2232,1862391,100.0,165,0.09999999999999998,True,False
2233,1862580,135.0,189,0.09999999999999998,True,False
2234,1862886,240.0,306,0.09999999999999998,True,False
2235,1863366,250.0,480,0.09999999999999998,True,False
2236,1863742,330.0,376,0.09999999999999998,True,False
2237,1864007,145.0,265,0.09999999999999998,True,False
2238,1864421,300.0,414,0.09999999999999998,True,False
2239,1864801,230.0,380,0.09999999999999998,True,False
2240,1865035,125.0,234,0.09999999999999998,True,False
2241,1865237,155.0,202,0.09999999999999998,True,False
2242,1865540,155.0,303,0.09999999999999998,True,False
2243,1866170,650.0,630,0.09999999999999998,True,False
2244,1866504,405.0,334,0.09999999999999998,True,False
2245,1867040,365.0,536,0.09999999999999998,True,False
2246,1867509,365.0,469,0.09999999999999998,True,False
2247,1867900,270.0,391,0.09999999999999998,True,False
2248,1868069,100.0,169,0.09999999999999998,True,False
2249,1868163,0.0,94,0.09999999999999998,True,False
2250,1868563,240.0,400,0.09999999999999998,True,False
2251,1868799,180.0,236,0.09999999999999998,True,False
2252,1869091,245.0,292,0.09999999999999998,True,False
2253,1869394,115.0,303,0.09999999999999998,True,False
2254,1869482,5.0,88,0.09999999999999998,True,False
2255,1870004,320.0,522,0.09999999999999998,True,False
2256,1870580,335.0,576,0.09999999999999998,True,False
2257,1870929,250.0,349,0.09999999999999998,True,False
2258,1871426,340.0,497,0.09999999999999998,True,False
2259,1871841,375.0,415,0.09999999999999998,True,False
2260,1872535,255.0,694,0.09999999999999998,True,False
2261,1872840,160.0,305,0.09999999999999998,True,False
2262,1873522,350.0,682,0.09999999999999998,True,False
2263,1873814,255.0,292,0.09999999999999998,True,False
2264,1874083,210.0,269,0.09999999999999998,True,False
2265,1874273,130.0,190,0.09999999999999998,True,False
2266,1874645,180.0,372,0.09999999999999998,True,False
2267,1874959,240.0,314,0.09999999999999998,True,False
2268,1875640,390.0,681,0.09999999999999998,True,False
2269,1875928,210.0,288,0.09999999999999998,True,False
2270,1876130,155.0,202,0.09999999999999998,True,False
2271,1876808,920.0,678,0.09999999999999998,True,False
2272,1876960,80.0,152,0.09999999999999998,True,False
2273,1877114,75.0,154,0.09999999999999998,True,False
2274,1877313,100.0,199,0.09999999999999998,True,False
2275,1878218,480.0,905,0.09999999999999998,True,False
2276,1878590,285.0,372,0.09999999999999998,True,False
2277,1878908,195.0,318,0.09999999999999998,True,False
2278,1879442,310.0,534,0.09999999999999998,True,False
2279,1879714,120.0,272,0.09999999999999998,True,False
2280,1880042,260.0,328,0.09999999999999998,True,False
2281,1880547,235.0,505,0.09999999999999998,True,False
2282,1880867,170.0,320,0.09999999999999998,True,False
2283,1881024,70.0,157,0.09999999999999998,True,False
2284,1881507,600.0,483,0.09999999999999998,True,False
2285,1882078,425.0,571,0.09999999999999998,True,False
2286,1882340,150.0,262,0.09999999999999998,True,False
2287,1882630,215.0,290,0.09999999999999998,True,False
2288,1882939,215.0,309,0.09999999999999998,True,False
2289,1883295,285.0,356,0.09999999999999998,True,False
2290,1883866,540.0,571,0.09999999999999998,True,False
2291,1884176,205.0,310,0.09999999999999998,True,False
2292,1884506,230.0,330,0.09999999999999998,True,False
2293,1884827,275.0,321,0.09999999999999998,True,False
2294,1885111,150.0,284,0.09999999999999998,True,False
2295,1885624,300.0,513,0.09999999999999998,True,False
2296,1886495,580.0,871,0.09999999999999998,True,False
2297,1886988,605.0,493,0.09999999999999998,True,False
2298,1887583,565.0,595,0.09999999999999998,True,False
2299,1888185,370.0,602,0.09999999999999998,True,False
2300,1888836,430.0,651,0.09999999999999998,True,False
2301,1889142,160.0,306,0.09999999999999998,True,False
2302,1889537,355.0,395,0.09999999999999998,True,False
2303,1889994,285.0,457,0.09999999999999998,True,False
2304,1890406,390.0,412,0.09999999999999998,True,False
2305,1890562,80.0,156,0.09999999999999998,True,False
2306,1890840,215.0,278,0.09999999999999998,True,False
2307,1891039,105.0,199,0.09999999999999998,True,False
2308,1891200,65.0,161,0.09999999999999998,True,False
2309,1891754,390.0,554,0.09999999999999998,True,False
2310,1891944,125.0,190,0.09999999999999998,True,False
2311,1892402,275.0,458,0.09999999999999998,True,False
2312,1892972,320.0,570,0.09999999999999998,True,False
2313,1893328,225.0,356,0.09999999999999998,True,False
2314,1893640,165.0,312,0.09999999999999998,True,False
2315,1893919,170.0,279,0.09999999999999998,True,False
2316,1894181,170.0,262,0.09999999999999998,True,False
2317,1894544,275.0,363,0.09999999999999998,True,False
2318,1894881,225.0,337,0.09999999999999998,True,False
2319,1895087,180.0,206,0.09999999999999998,True,False
2320,1895710,595.0,623,0.09999999999999998,True,False
2321,1896021,245.0,311,0.09999999999999998,True,False
2322,1896303,230.0,282,0.09999999999999998,True,False
2323,1896679,200.0,376,0.09999999999999998,True,False
2324,1897167,390.0,488,0.09999999999999998,True,False
2325,1897479,285.0,312,0.09999999999999998,True,False
2326,1897811,275.0,332,0.09999999999999998,True,False
2327,1898096,235.0,285,0.09999999999999998,True,False
2328,1898435,200.0,339,0.09999999999999998,True,False
2329,1898798,460.0,363,0.09999999999999998,True,False
2330,1899157,280.0,359,0.09999999999999998,True,False
2331,1899484,235.0,327,0.09999999999999998,True,False
2332,1899964,390.0,480,0.09999999999999998,True,False
2333,1900172,150.0,208,0.09999999999999998,True,False
2334,1900488,290.0,316,0.09999999999999998,True,False
2335,1900727,145.0,239,0.09999999999999998,True,False
2336,1901199,205.0,472,0.09999999999999998,True,False
2337,1901650,470.0,451,0.09999999999999998,True,False
2338,1902160,340.0,510,0.09999999999999998,True,False
2339,1902614,335.0,454,0.09999999999999998,True,False
2340,1903061,340.0,447,0.09999999999999998,True,False
2341,1903864,435.0,803,0.09999999999999998,True,False
2342,1904296,210.0,432,0.09999999999999998,True,False
2343,1904667,260.0,371,0.09999999999999998,True,False
2344,1904882,180.0,215,0.09999999999999998,True,False
2345,1905055,135.0,173,0.09999999999999998,True,False
2346,1905362,225.0,307,0.09999999999999998,True,False
2347,1905534,115.0,172,0.09999999999999998,True,False
2348,1905941,275.0,407,0.09999999999999998,True,False
2349,1906364,550.0,423,0.09999999999999998,True,False
2350,1906771,220.0,407,0.09999999999999998,True,False
2351,1906918,105.0,147,0.09999999999999998,True,False
2352,1907378,250.0,460,0.09999999999999998,True,False
2353,1907596,65.0,218,0.09999999999999998,True,False
2354,1907772,125.0,176,0.09999999999999998,True,False
2355,1908181,340.0,409,0.09999999999999998,True,False
2356,1908456,170.0,275,0.09999999999999998,True,False
2357,1908881,325.0,425,0.09999999999999998,True,False
2358,1909295,255.0,414,0.09999999999999998,True,False
2359,1909629,245.0,334,0.09999999999999998,True,False
2360,1909834,135.0,205,0.09999999999999998,True,False
2361,1910343,445.0,509,0.09999999999999998,True,False
2362,1910898,345.0,555,0.09999999999999998,True,False
2363,1911089,130.0,191,0.09999999999999998,True,False
2364,1911413,245.0,324,0.09999999999999998,True,False
2365,1911929,420.0,516,0.09999999999999998,True,False
2366,1912496,450.0,567,0.09999999999999998,True,False
2367,1912924,260.0,428,0.09999999999999998,True,False
2368,1913220,190.0,296,0.09999999999999998,True,False
2369,1913402,125.0,182,0.09999999999999998,True,False
2370,1913671,160.0,269,0.09999999999999998,True,False
2371,1913940,140.0,269,0.09999999999999998,True,False
2372,1914376,320.0,436,0.09999999999999998,True,False
2373,1914565,130.0,189,0.09999999999999998,True,False
2374,1914839,200.0,274,0.09999999999999998,True,False
2375,1915367,315.0,528,0.09999999999999998,True,False
2376,1915653,260.0,286,0.09999999999999998,True,False
2377,1916093,345.0,440,0.09999999999999998,True,False
2378,1916535,260.0,442,0.09999999999999998,True,False
2379,1917262,495.0,727,0.09999999999999998,True,False
2380,1917617,255.0,355,0.09999999999999998,True,False
2381,1918140,295.0,523,0.09999999999999998,True,False
2382,1918405,180.0,265,0.09999999999999998,True,False
2383,1918752,245.0,347,0.09999999999999998,True,False
2384,1919188,225.0,436,0.09999999999999998,True,False
2385,1919362,100.0,174,0.09999999999999998,True,False
2386,1920260,870.0,898,0.09999999999999998,True,False
2387,1920658,320.0,398,0.09999999999999998,True,False
2388,1921083,240.0,425,0.09999999999999998,True,False
2389,1921284,100.0,201,0.09999999999999998,True,False
2390,1921552,165.0,268,0.09999999999999998,True,False
2391,1921745,80.0,193,0.09999999999999998,True,False
2392,1921893,30.0,148,0.09999999999999998,True,False
2393,1922287,215.0,394,0.09999999999999998,True,False
2394,1922579,220.0,292,0.09999999999999998,True,False
2395,1923087,555.0,508,0.09999999999999998,True,False
2396,1923460,265.0,373,0.09999999999999998,True,False
2397,1923832,260.0,372,0.09999999999999998,True,False
2398,1924368,385.0,536,0.09999999999999998,True,False
2399,1924730,240.0,362,0.09999999999999998,True,False
2400,1924978,140.0,248,0.09999999999999998,True,False
2401,1925277,215.0,299,0.09999999999999998,True,False
2402,1925668,290.0,391,0.09999999999999998,True,False
2403,1925982,265.0,314,0.09999999999999998,True,False
2404,1926244,110.0,262,0.09999999999999998,True,False
2405,1926983,435.0,739,0.09999999999999998,True,False
2406,1927257,255.0,274,0.09999999999999998,True,False
2407,1927731,330.0,474,0.09999999999999998,True,False
2408,1928073,210.0,342,0.09999999999999998,True,False
2409,1928629,330.0,556,0.09999999999999998,True,False
2410,1928891,130.0,262,0.09999999999999998,True,False
2411,1929418,255.0,527,0.09999999999999998,True,False
2412,1929778,255.0,360,0.09999999999999998,True,False
2413,1930319,345.0,541,0.09999999999999998,True,False
2414,1930690,225.0,371,0.09999999999999998,True,False
2415,1930845,60.0,155,0.09999999999999998,True,False
2416,1931416,310.0,571,0.09999999999999998,True,False
2417,1931965,295.0,549,0.09999999999999998,True,False
2418,1932267,250.0,302,0.09999999999999998,True,False
2419,1932647,470.0,380,0.09999999999999998,True,False
2420,1933136,365.0,489,0.09999999999999998,True,False
2421,1933282,50.0,146,0.09999999999999998,True,False
2422,1934055,545.0,773,0.09999999999999998,True,False
2423,1934321,140.0,266,0.09999999999999998,True,False
2424,1934882,400.0,561,0.09999999999999998,True,False
2425,1935163,205.0,281,0.09999999999999998,True,False
2426,1935813,385.0,650,0.09999999999999998,True,False
2427,1935954,30.0,141,0.09999999999999998,True,False
2428,1936252,150.0,298,0.09999999999999998,True,False
2429,1936573,205.0,321,0.09999999999999998,True,False
2430,1936879,235.0,306,0.09999999999999998,True,False
2431,1937156,175.0,277,0.09999999999999998,True,False
2432,1937653,360.0,497,0.09999999999999998,True,False
2433,1937974,250.0,321,0.09999999999999998,True,False
2434,1938368,200.0,394,0.09999999999999998,True,False
2435,1938666,185.0,298,0.09999999999999998,True,False
2436,1938986,250.0,320,0.09999999999999998,True,False
2437,1939395,290.0,409,0.09999999999999998,True,False
2438,1939782,255.0,387,0.09999999999999998,True,False
2439,1940573,485.0,791,0.09999999999999998,True,False
2440,1940913,310.0,340,0.09999999999999998,True,False
2441,1941343,350.0,430,0.09999999999999998,True,False
2442,1941489,30.0,146,0.09999999999999998,True,False
2443,1941938,330.0,449,0.09999999999999998,True,False
2444,1942133,125.0,195,0.09999999999999998,True,False
2445,1943019,545.0,886,0.09999999999999998,True,False
2446,1943391,220.0,372,0.09999999999999998,True,False
2447,1943662,205.0,271,0.09999999999999998,True,False
2448,1944243,390.0,581,0.09999999999999998,True,False
2449,1944900,355.0,657,0.09999999999999998,True,False
2450,1945361,525.0,461,0.09999999999999998,True,False
2451,1945816,270.0,455,0.09999999999999998,True,False
2452,1946478,435.0,662,0.09999999999999998,True,False
2453,1947339,525.0,861,0.09999999999999998,True,False
2454,1947685,245.0,346,0.09999999999999998,True,False
2455,1948695,600.0,1010,0.09999999999999998,True,False
2456,1949286,425.0,591,0.09999999999999998,True,False
2457,1949493,150.0,207,0.09999999999999998,True,False
2458,1950006,535.0,513,0.09999999999999998,True,False
2459,1950395,260.0,389,0.09999999999999998,True,False
2460,1950720,210.0,325,0.09999999999999998,True,False
2461,1951296,205.0,576,0.09999999999999998,True,False
2462,1951886,345.0,590,0.09999999999999998,True,False
2463,1952606,525.0,720,0.09999999999999998,True,False
2464,1952774,70.0,168,0.09999999999999998,True,False
2465,1953202,330.0,428,0.09999999999999998,True,False
2466,1953829,410.0,627,0.09999999999999998,True,False
2467,1954248,460.0,419,0.09999999999999998,True,False
2468,1954446,80.0,198,0.09999999999999998,True,False
2469,1954748,205.0,302,0.09999999999999998,True,False
2470,1955262,225.0,514,0.09999999999999998,True,False
2471,1955621,225.0,359,0.09999999999999998,True,False
2472,1956115,345.0,494,0.09999999999999998,True,False
2473,1956579,365.0,464,0.09999999999999998,True,False
2474,1957048,580.0,469,0.09999999999999998,True,False
2475,1957205,85.0,157,0.09999999999999998,True,False
2476,1957815,410.0,610,0.09999999999999998,True,False
2477,1958156,240.0,341,0.09999999999999998,True,False
2478,1958502,400.0,346,0.09999999999999998,True,False
2479,1958711,110.0,209,0.09999999999999998,True,False
2480,1959142,340.0,431,0.09999999999999998,True,False
2481,1959490,240.0,348,0.09999999999999998,True,False
2482,1960024,315.0,534,0.09999999999999998,True,False
2483,1960481,285.0,457,0.09999999999999998,True,False
2484,1960803,160.0,322,0.09999999999999998,True,False
2485,1961503,395.0,700,0.09999999999999998,True,False
2486,1961752,125.0,249,0.09999999999999998,True,False
2487,1962183,275.0,431,0.09999999999999998,True,False
2488,1962353,70.0,170,0.09999999999999998,True,False
2489,1962731,185.0,378,0.09999999999999998,True,False
2490,1963257,410.0,526,0.09999999999999998,True,False
2491,1963487,105.0,230,0.09999999999999998,True,False
2492,1963869,250.0,382,0.09999999999999998,True,False
2493,1964296,205.0,427,0.09999999999999998,True,False
2494,1964439,75.0,143,0.09999999999999998,True,False
2495,1964830,215.0,391,0.09999999999999998,True,False
2496,1965162,255.0,332,0.09999999999999998,True,False
2497,1965631,305.0,469,0.09999999999999998,True,False
2498,1966000,150.0,369,0.09999999999999998,True,False
2499,1966243,160.0,243,0.09999999999999998,True,False
2500,1966612,155.0,369,0.09999999999999998,True,False
2501,1966811,125.0,199,0.09999999999999998,True,False
2502,1967295,355.0,484,0.09999999999999998,True,False
2503,1967707,245.0,412,0.09999999999999998,True,False
2504,1968015,190.0,308,0.09999999999999998,True,False
2505,1968412,270.0,397,0.09999999999999998,True,False
2506,1968550,75.0,138,0.09999999999999998,True,False
2507,1968901,435.0,351,0.09999999999999998,True,False
2508,1969421,365.0,520,0.09999999999999998,True,False
2509,1969984,555.0,563,0.09999999999999998,True,False
2510,1970280,285.0,296,0.09999999999999998,True,False
2511,1970752,295.0,472,0.09999999999999998,True,False
2512,1971059,220.0,307,0.09999999999999998,True,False
2513,1971360,80.0,301,0.09999999999999998,True,False
2514,1971556,180.0,196,0.09999999999999998,True,False
2515,1972131,390.0,575,0.09999999999999998,True,False
2516,1972783,370.0,652,0.09999999999999998,True,False
2517,1972958,155.0,175,0.09999999999999998,True,False
2518,1973460,270.0,502,0.09999999999999998,True,False
2519,1973863,470.0,403,0.09999999999999998,True,False
2520,1974058,110.0,195,0.09999999999999998,True,False
2521,1974556,250.0,498,0.09999999999999998,True,False
2522,1974830,185.0,274,0.09999999999999998,True,False
2523,1975247,235.0,417,0.09999999999999998,True,False
2524,1975700,340.0,453,0.09999999999999998,True,False
2525,1975882,65.0,182,0.09999999999999998,True,False
2526,1976183,220.0,301,0.09999999999999998,True,False
2527,1976404,90.0,221,0.09999999999999998,True,False
2528,1976813,375.0,409,0.09999999999999998,True,False
2529,1977154,165.0,341,0.09999999999999998,True,False
2530,1977317,70.0,163,0.09999999999999998,True,False
2531,1977729,285.0,412,0.09999999999999998,True,False
2532,1978181,335.0,452,0.09999999999999998,True,False
2533,1978656,245.0,475,0.09999999999999998,True,False
2534,1978918,175.0,262,0.09999999999999998,True,False
2535,1979124,100.0,206,0.09999999999999998,True,False
2536,1979563,480.0,439,0.09999999999999998,True,False
2537,1980021,265.0,458,0.09999999999999998,True,False
2538,1980313,165.0,292,0.09999999999999998,True,False
2539,1980650,225.0,337,0.09999999999999998,True,False
2540,1980983,220.0,333,0.09999999999999998,True,False
2541,1981469,490.0,486,0.09999999999999998,True,False
2542,1981778,330.0,309,0.09999999999999998,True,False
2543,1981968,80.0,190,0.09999999999999998,True,False
2544,1982298,235.0,330,0.09999999999999998,True,False
2545,1982830,355.0,532,0.09999999999999998,True,False
2546,1983246,220.0,416,0.09999999999999998,True,False
2547,1983439,80.0,193,0.09999999999999998,True,False
2548,1983750,205.0,311,0.09999999999999998,True,False
2549,1984391,365.0,641,0.09999999999999998,True,False
2550,1985061,410.0,670,0.09999999999999998,True,False
2551,1985478,490.0,417,0.09999999999999998,True,False
2552,1985877,230.0,399,0.09999999999999998,True,False
2553,1986300,210.0,423,0.09999999999999998,True,False
2554,1986736,285.0,436,0.09999999999999998,True,False
2555,1986888,45.0,152,0.09999999999999998,True,False
2556,1987421,500.0,533,0.09999999999999998,True,False
2557,1987747,265.0,326,0.09999999999999998,True,False
2558,1988079,425.0,332,0.09999999999999998,True,False
2559,1988468,300.0,389,0.09999999999999998,True,False
2560,1988805,445.0,337,0.09999999999999998,True,False
2561,1989280,385.0,475,0.09999999999999998,True,False
2562,1989444,100.0,164,0.09999999999999998,True,False
2563,1989607,120.0,163,0.09999999999999998,True,False
2564,1990021,330.0,414,0.09999999999999998,True,False
2565,1990476,275.0,455,0.09999999999999998,True,False
2566,1991067,335.0,591,0.09999999999999998,True,False
2567,1991448,235.0,381,0.09999999999999998,True,False
2568,1991946,350.0,498,0.09999999999999998,True,False
2569,1992132,105.0,186,0.09999999999999998,True,False
2570,1992596,485.0,464,0.09999999999999998,True,False
2571,1993064,370.0,468,0.09999999999999998,True,False
2572,1993421,210.0,357,0.09999999999999998,True,False
2573,1993863,320.0,442,0.09999999999999998,True,False
2574,1994213,230.0,350,0.09999999999999998,True,False
2575,1994577,230.0,364,0.09999999999999998,True,False
2576,1994900,255.0,323,0.09999999999999998,True,False
2577,1995366,405.0,466,0.09999999999999998,True,False
2578,1995576,105.0,210,0.09999999999999998,True,False
2579,1996030,290.0,454,0.09999999999999998,True,False
2580,1996194,135.0,164,0.09999999999999998,True,False
2581,1996420,125.0,226,0.09999999999999998,True,False
2582,1996701,230.0,281,0.09999999999999998,True,False
2583,1997044,285.0,343,0.09999999999999998,True,False
2584,1997682,470.0,638,0.09999999999999998,True,False
2585,1997883,120.0,201,0.09999999999999998,True,False
2586,1998369,285.0,486,0.09999999999999998,True,False
2587,1998942,315.0,573,0.09999999999999998,True,False
2588,1999423,440.0,481,0.09999999999999998,True,False
2589,1999795,225.0,372,0.09999999999999998,True,False
