paso_global,loss,q_promedio,target_promedio,error_td_promedio,beta_per,peso_importancia_promedio,epsilon,tamano_buffer,tiempo_segundos
2010000,0.038308992981910706,5.368095874786377,5.304945945739746,0.20250888168811798,1.0,1.0,0.09999999999999998,9998,16.313509941101074
2011000,0.044406745582818985,5.421883583068848,5.463133811950684,0.3836069703102112,1.0,0.3681563138961792,0.09999999999999998,10998,22.141875982284546
2012000,0.009644913487136364,5.945931911468506,5.863450527191162,0.3240060806274414,1.0,0.17899979650974274,0.09999999999999998,11998,27.883880853652954
2013000,0.018202152103185654,5.690031051635742,5.686248779296875,0.2864497900009155,1.0,0.43000638484954834,0.09999999999999998,12998,33.749377727508545
2014000,0.011083386838436127,5.253726482391357,5.352548599243164,0.3164808750152588,1.0,0.2693178057670593,0.09999999999999998,13998,39.651049852371216
2015000,0.0024010215420275927,5.8007283210754395,5.843976974487305,0.2313881814479828,1.0,0.1206180602312088,0.09999999999999998,14998,45.688984870910645
2016000,0.005079910159111023,5.840995788574219,5.783474922180176,0.19617006182670593,1.0,0.27682626247406006,0.09999999999999998,15998,51.56453084945679
2017000,0.019224464893341064,5.32021951675415,5.392926216125488,0.4504314363002777,1.0,0.2535462975502014,0.09999999999999998,16998,57.45175576210022
2018000,0.008324461057782173,5.864020824432373,5.845758438110352,0.2796286940574646,1.0,0.2825896143913269,0.09999999999999998,17998,63.30903673171997
2019000,0.018252044916152954,5.580792427062988,5.524757385253906,0.32598817348480225,1.0,0.40226924419403076,0.09999999999999998,18998,69.21290969848633
2020000,0.01638244464993477,5.606778144836426,5.725642204284668,0.2806951403617859,1.0,0.3922869563102722,0.09999999999999998,19998,75.01628684997559
2021000,0.016236132010817528,5.672896385192871,5.441072940826416,0.4677260220050812,1.0,0.2196381390094757,0.09999999999999998,20000,81.78858494758606
2022000,0.013484664261341095,4.992547035217285,4.910082817077637,0.2545490264892578,1.0,0.3716353178024292,0.09999999999999998,20000,87.77359175682068
2023000,0.008910873904824257,5.508072376251221,5.407989025115967,0.2466818243265152,1.0,0.3093971610069275,0.09999999999999998,20000,93.65748977661133
2024000,0.005598776042461395,5.637158393859863,5.515452861785889,0.25182852149009705,1.0,0.19378022849559784,0.09999999999999998,20000,99.47943782806396
2025000,0.013423935510218143,6.003519535064697,6.126274108886719,0.3091754615306854,1.0,0.322526752948761,0.09999999999999998,20000,105.30809497833252
2026000,0.005972685292363167,5.090339660644531,5.116318225860596,0.23842871189117432,1.0,0.2037939429283142,0.09999999999999998,20000,111.16156792640686
2027000,0.005298458971083164,6.078505039215088,6.2555623054504395,0.38846683502197266,1.0,0.1203923225402832,0.09999999999999998,20000,117.03083181381226
2028000,0.013333739712834358,5.844827651977539,5.792919158935547,0.29406091570854187,1.0,0.30619049072265625,0.09999999999999998,20000,122.767737865448
2029000,0.018519992008805275,5.906736850738525,6.089872360229492,0.3714126646518707,1.0,0.3133960962295532,0.09999999999999998,20000,128.6001479625702
2030000,0.0017555947415530682,6.054933547973633,6.138022422790527,0.32712048292160034,1.0,0.0649539977312088,0.09999999999999998,20000,134.7268259525299
2031000,0.007745855022221804,5.70712947845459,5.692641735076904,0.20095214247703552,1.0,0.3034791052341461,0.09999999999999998,20000,140.8036847114563
2032000,0.008767805062234402,5.394400596618652,5.3852338790893555,0.2749043405056,1.0,0.26909106969833374,0.09999999999999998,20000,146.77515172958374
2033000,0.0023379467893391848,6.075497627258301,6.131251335144043,0.23281390964984894,1.0,0.10507583618164062,0.09999999999999998,20000,153.44300985336304
2034000,0.010433489456772804,5.690483093261719,5.776354789733887,0.26912248134613037,1.0,0.27524444460868835,0.09999999999999998,20000,159.42011761665344
2035000,0.007224833592772484,5.377443313598633,5.307553291320801,0.2760980427265167,1.0,0.21254457533359528,0.09999999999999998,20000,165.3493938446045
2036000,0.010826349258422852,5.785773277282715,5.657554626464844,0.24368223547935486,1.0,0.3862084448337555,0.09999999999999998,20000,171.2907679080963
2037000,0.012285999953746796,4.9335808753967285,5.19424295425415,0.40721914172172546,1.0,0.22362026572227478,0.09999999999999998,20000,177.14745783805847
2038000,0.010090506635606289,6.05313777923584,6.008557319641113,0.2792573571205139,1.0,0.3007334768772125,0.09999999999999998,20000,182.97295594215393
2039000,0.012956243008375168,5.45178747177124,5.5000176429748535,0.34715157747268677,1.0,0.2633982300758362,0.09999999999999998,20000,188.85399079322815
2040000,0.006480776704847813,6.022136688232422,6.019501686096191,0.23351871967315674,1.0,0.22562280297279358,0.09999999999999998,20000,194.80950284004211
2041000,0.005069938488304615,5.652922630310059,5.629525184631348,0.31688448786735535,1.0,0.1487177014350891,0.09999999999999998,20000,200.91007685661316
2042000,0.022895431146025658,5.791882514953613,5.798301696777344,0.4011715352535248,1.0,0.3406529426574707,0.09999999999999998,20000,207.05649065971375
2043000,0.0057528577744960785,5.494855880737305,5.4858856201171875,0.18920527398586273,1.0,0.3060583472251892,0.09999999999999998,20000,213.22159576416016
2044000,0.0037816946860402822,5.474663257598877,5.4619951248168945,0.2552759051322937,1.0,0.13427551090717316,0.09999999999999998,20000,219.3900899887085
2045000,0.010915447026491165,5.340859889984131,5.453449249267578,0.264043390750885,1.0,0.32554852962493896,0.09999999999999998,20000,225.66449570655823
2046000,0.05077928304672241,5.455829620361328,5.6193342208862305,0.4702587127685547,1.0,0.4664442241191864,0.09999999999999998,20000,231.75472784042358
2047000,0.006117876153439283,5.989696502685547,5.970973968505859,0.15993395447731018,1.0,0.3927653133869171,0.09999999999999998,20000,237.92516779899597
2048000,0.010093613527715206,5.518553256988525,5.379166126251221,0.29980242252349854,1.0,0.2932003140449524,0.09999999999999998,20000,244.0818908214569
2049000,0.002533409744501114,5.551275253295898,5.499485492706299,0.24169102311134338,1.0,0.11265891790390015,0.09999999999999998,20000,250.24991583824158
2050000,0.006448801606893539,5.872528553009033,5.925909996032715,0.26293009519577026,1.0,0.24899055063724518,0.09999999999999998,20000,256.1762897968292
2051000,0.004211775492876768,5.5423970222473145,5.532498359680176,0.3222199082374573,1.0,0.10542722046375275,0.09999999999999998,20000,268.9753489494324
2052000,0.007823475636541843,5.576911926269531,5.659846305847168,0.3323315382003784,1.0,0.1708037257194519,0.09999999999999998,20000,274.96146988868713
2053000,0.003007689956575632,5.104585647583008,5.018132209777832,0.2120075821876526,1.0,0.12418560683727264,0.09999999999999998,20000,281.06826400756836
2054000,0.0040965573862195015,5.569472789764404,5.619607925415039,0.20406249165534973,1.0,0.23406901955604553,0.09999999999999998,20000,287.098592042923
2055000,0.00550103560090065,5.727643966674805,5.721378326416016,0.2941616475582123,1.0,0.19414234161376953,0.09999999999999998,20000,293.1769528388977
2056000,0.022227337583899498,5.359753608703613,5.4641432762146,0.3040781319141388,1.0,0.46420812606811523,0.09999999999999998,20000,299.17593598365784
2057000,0.007099720183759928,5.807598114013672,5.89711856842041,0.25333091616630554,1.0,0.22625219821929932,0.09999999999999998,20000,305.2462728023529
2058000,0.0029800706543028355,5.177247047424316,5.252381324768066,0.25673049688339233,1.0,0.08870279788970947,0.09999999999999998,20000,311.1781430244446
2059000,0.005998597946017981,5.128662109375,5.22302770614624,0.2539064884185791,1.0,0.2102375328540802,0.09999999999999998,20000,317.07704877853394
2060000,0.0030826362781226635,5.656385898590088,5.6720051765441895,0.18499252200126648,1.0,0.2562237083911896,0.09999999999999998,20000,323.12578105926514
2061000,0.007718088570982218,5.884403228759766,5.873968124389648,0.26526567339897156,1.0,0.23442405462265015,0.09999999999999998,20000,328.9812376499176
2062000,0.005036516580730677,5.774435997009277,5.813058853149414,0.18433108925819397,1.0,0.22758841514587402,0.09999999999999998,20000,334.8690507411957
2063000,0.00718715600669384,5.515017509460449,5.573390007019043,0.3220593333244324,1.0,0.18951401114463806,0.09999999999999998,20000,340.72452092170715
2064000,0.010296609252691269,5.346967697143555,5.322335243225098,0.36339840292930603,1.0,0.19510295987129211,0.09999999999999998,20000,346.5989017486572
2065000,0.0047711776569485664,5.53949499130249,5.614387512207031,0.28804662823677063,1.0,0.1362379789352417,0.09999999999999998,20000,352.82998299598694
2066000,0.006274237297475338,5.320300579071045,5.328301429748535,0.30840951204299927,1.0,0.17048905789852142,0.09999999999999998,20000,359.33227276802063
2067000,0.013711845502257347,5.534388542175293,5.40526008605957,0.38314223289489746,1.0,0.2357429713010788,0.09999999999999998,20000,365.44465684890747
2068000,0.012499252334237099,5.4622039794921875,5.370194435119629,0.4783081114292145,1.0,0.19279146194458008,0.09999999999999998,20000,371.5673248767853
2069000,0.006568234413862228,5.68803596496582,5.748300075531006,0.2977847456932068,1.0,0.2095719426870346,0.09999999999999998,20000,377.66688799858093
2070000,0.005899942480027676,5.737053394317627,5.826535224914551,0.25748443603515625,1.0,0.21700511872768402,0.09999999999999998,20000,383.89888286590576
2071000,0.012109896168112755,5.621413230895996,5.745511531829834,0.2629624903202057,1.0,0.3349379301071167,0.09999999999999998,20000,390.2501528263092
2072000,0.006186645478010178,5.260649681091309,5.303363800048828,0.1785220205783844,1.0,0.31118667125701904,0.09999999999999998,20000,396.39159178733826
2073000,0.017946390435099602,5.307705879211426,5.194295883178711,0.32874107360839844,1.0,0.34611135721206665,0.09999999999999998,20000,402.44895792007446
2074000,0.007414884865283966,5.91729736328125,5.939908504486084,0.36692631244659424,1.0,0.16717763245105743,0.09999999999999998,20000,408.66283774375916
2075000,0.0171758234500885,5.750020980834961,5.669258117675781,0.32325536012649536,1.0,0.31693485379219055,0.09999999999999998,20000,414.6071078777313
2076000,0.01012183353304863,5.564845085144043,5.663434028625488,0.279395192861557,1.0,0.2773289680480957,0.09999999999999998,20000,420.4790768623352
2077000,0.00783986784517765,5.913864612579346,5.865475177764893,0.2142486870288849,1.0,0.34882140159606934,0.09999999999999998,20000,426.77165484428406
2078000,0.006400266662240028,5.743087291717529,5.568482398986816,0.42194122076034546,1.0,0.14227506518363953,0.09999999999999998,20000,432.86964678764343
2079000,0.0005806119879707694,5.342905044555664,5.413630962371826,0.3262595534324646,1.0,0.041716866195201874,0.09999999999999998,20000,439.148800611496
2080000,0.015003517270088196,4.854547500610352,4.915404796600342,0.2940364181995392,1.0,0.35946395993232727,0.09999999999999998,20000,445.12496995925903
2081000,0.008694848045706749,5.03584098815918,4.930979251861572,0.3428678512573242,1.0,0.1854953169822693,0.09999999999999998,20000,451.19359588623047
2082000,0.001419672043994069,5.596920013427734,5.620552062988281,0.22572532296180725,1.0,0.08743622899055481,0.09999999999999998,20000,457.4752678871155
2083000,0.00544845312833786,5.6557464599609375,5.673171043395996,0.2520369589328766,1.0,0.20732101798057556,0.09999999999999998,20000,463.7248640060425
2084000,0.0057388776913285255,5.616752624511719,5.632812976837158,0.22022593021392822,1.0,0.267612099647522,0.09999999999999998,20000,469.8065118789673
2085000,0.01672668568789959,5.082516670227051,5.050782203674316,0.28824201226234436,1.0,0.43691861629486084,0.09999999999999998,20000,475.8584656715393
2086000,0.004208945669233799,5.757891654968262,5.751943588256836,0.21676531434059143,1.0,0.20597688853740692,0.09999999999999998,20000,482.0999529361725
2087000,0.014772462658584118,5.3973870277404785,5.506998062133789,0.2429535686969757,1.0,0.461021363735199,0.09999999999999998,20000,488.07994985580444
2088000,0.010243421420454979,5.37851619720459,5.3767900466918945,0.40791815519332886,1.0,0.19315870106220245,0.09999999999999998,20000,493.9114167690277
2089000,0.006732892245054245,5.773071765899658,5.781490325927734,0.28936392068862915,1.0,0.20173463225364685,0.09999999999999998,20000,499.83463978767395
2090000,0.01500827819108963,5.533735752105713,5.358277320861816,0.3596569895744324,1.0,0.3102925419807434,0.09999999999999998,20000,506.29276490211487
2091000,0.006234670989215374,5.251713275909424,5.141172409057617,0.2585045099258423,1.0,0.19172680377960205,0.09999999999999998,20000,512.2885439395905
2092000,0.010921411216259003,5.635559558868408,5.692169189453125,0.37718743085861206,1.0,0.21442726254463196,0.09999999999999998,20000,518.314338684082
2093000,0.017747240141034126,5.712202548980713,5.712557792663574,0.3406800627708435,1.0,0.3409717082977295,0.09999999999999998,20000,524.422739982605
2094000,0.006417603697627783,5.335526466369629,5.182636737823486,0.3358367085456848,1.0,0.20822760462760925,0.09999999999999998,20000,530.7388339042664
2095000,0.004083416890352964,5.667978763580322,5.664425849914551,0.19588926434516907,1.0,0.2423728108406067,0.09999999999999998,20000,536.8563978672028
2096000,0.007290190551429987,5.5203142166137695,5.485660552978516,0.2060518115758896,1.0,0.3646138906478882,0.09999999999999998,20000,542.9997708797455
2097000,0.013397891074419022,4.824772834777832,4.765231609344482,0.2780487835407257,1.0,0.3531462550163269,0.09999999999999998,20000,549.1237688064575
2098000,0.0024264443200081587,5.111930847167969,5.162284851074219,0.17846360802650452,1.0,0.16533493995666504,0.09999999999999998,20000,555.4845428466797
2099000,0.00713034812361002,5.401630401611328,5.368288993835449,0.18210752308368683,1.0,0.48817649483680725,0.09999999999999998,20000,561.638032913208
2100000,0.033768732100725174,5.23055362701416,5.3795647621154785,0.46729031205177307,1.0,0.3412070870399475,0.09999999999999998,20000,567.6295218467712
2101000,0.01213044486939907,5.267421245574951,5.27064323425293,0.413241982460022,1.0,0.19296298921108246,0.09999999999999998,20000,580.2110526561737
2102000,0.0017045845743268728,5.6663923263549805,5.527411460876465,0.42554640769958496,1.0,0.05776412412524223,0.09999999999999998,20000,586.1713888645172
2103000,0.0076293256133794785,5.914187431335449,5.990998268127441,0.33967262506484985,1.0,0.15583957731723785,0.09999999999999998,20000,592.3615868091583
2104000,0.004808525554835796,5.022215843200684,5.02512264251709,0.22269734740257263,1.0,0.1920640766620636,0.09999999999999998,20000,598.6377937793732
2105000,0.014589881524443626,5.863166332244873,5.704229354858398,0.4095052480697632,1.0,0.23505213856697083,0.09999999999999998,20000,604.7117908000946
2106000,0.014462410472333431,4.907625198364258,4.90425968170166,0.4324741065502167,1.0,0.21537324786186218,0.09999999999999998,20000,610.7866449356079
2107000,0.0034944158978760242,5.012067794799805,5.0404205322265625,0.29150938987731934,1.0,0.08655332773923874,0.09999999999999998,20000,617.0402660369873
2108000,0.012154138647019863,4.9914445877075195,4.972179412841797,0.2825721502304077,1.0,0.30903273820877075,0.09999999999999998,20000,623.1616399288177
2109000,0.01252380944788456,5.3599853515625,5.551769733428955,0.2952229678630829,1.0,0.3164743185043335,0.09999999999999998,20000,629.3538949489594
2110000,0.003355602500960231,5.111752510070801,5.016427993774414,0.21188104152679443,1.0,0.2063325047492981,0.09999999999999998,20000,635.6070857048035
2111000,0.019420262426137924,4.678894996643066,4.647579193115234,0.3616228699684143,1.0,0.3335508406162262,0.09999999999999998,20000,641.5658309459686
2112000,0.03098534420132637,5.347355842590332,5.124025821685791,0.394491970539093,1.0,0.43425285816192627,0.09999999999999998,20000,647.5374217033386
2113000,0.014526735059916973,4.778519153594971,4.835013389587402,0.28807443380355835,1.0,0.3133830726146698,0.09999999999999998,20000,653.4001407623291
2114000,0.0018670912832021713,5.400857448577881,5.394320487976074,0.14200402796268463,1.0,0.21647131443023682,0.09999999999999998,20000,659.559455871582
2115000,0.006426972337067127,5.986600875854492,5.943631649017334,0.23073460161685944,1.0,0.23369519412517548,0.09999999999999998,20000,665.7920658588409
2116000,0.008165042847394943,5.293202877044678,5.364941596984863,0.4234892427921295,1.0,0.16246280074119568,0.09999999999999998,20000,672.0028038024902
2117000,0.01522794459015131,5.343623161315918,5.413015365600586,0.3126611113548279,1.0,0.38628318905830383,0.09999999999999998,20000,679.0963678359985
2118000,0.008237904869019985,5.514163017272949,5.522344589233398,0.3117070198059082,1.0,0.20401090383529663,0.09999999999999998,20000,685.250629901886
2119000,0.0032679447904229164,5.387894630432129,5.5045671463012695,0.23812422156333923,1.0,0.17698997259140015,0.09999999999999998,20000,691.5440359115601
2120000,0.016190119087696075,5.478272914886475,5.524840831756592,0.3054237961769104,1.0,0.3061549663543701,0.09999999999999998,20000,697.7294058799744
2121000,0.012312551960349083,5.094359874725342,5.023522853851318,0.33533304929733276,1.0,0.22339507937431335,0.09999999999999998,20000,703.9226098060608
2122000,0.010028967633843422,5.37009334564209,5.295654296875,0.2319554090499878,1.0,0.3346160650253296,0.09999999999999998,20000,710.2092208862305
2123000,0.008447928354144096,5.949962615966797,5.860782146453857,0.1840638667345047,1.0,0.45655396580696106,0.09999999999999998,20000,716.2835416793823
2124000,0.007956004701554775,5.5047407150268555,5.567286968231201,0.2062201201915741,1.0,0.3977089524269104,0.09999999999999998,20000,722.2951118946075
2125000,0.008249219506978989,5.410323143005371,5.4394211769104,0.2154775857925415,1.0,0.19998696446418762,0.09999999999999998,20000,728.2316188812256
2126000,0.005732633173465729,5.87834358215332,5.740913391113281,0.23989053070545197,1.0,0.25255638360977173,0.09999999999999998,20000,734.1380727291107
2127000,0.004957756493240595,5.6512274742126465,5.689923286437988,0.2552913725376129,1.0,0.19829030334949493,0.09999999999999998,20000,740.5850818157196
2128000,0.006060177460312843,5.411848068237305,5.420553207397461,0.26928627490997314,1.0,0.19198089838027954,0.09999999999999998,20000,746.6726229190826
2129000,0.01295955665409565,4.774157524108887,4.710665702819824,0.44239357113838196,1.0,0.2547794580459595,0.09999999999999998,20000,752.7738769054413
2130000,0.0035512614995241165,5.396546363830566,5.367123603820801,0.1920478790998459,1.0,0.21726074814796448,0.09999999999999998,20000,759.1266429424286
2131000,0.016770195215940475,5.76602840423584,5.869211196899414,0.307686448097229,1.0,0.33144843578338623,0.09999999999999998,20000,765.2652349472046
2132000,0.006280737463384867,6.506361961364746,6.441595077514648,0.3230704069137573,1.0,0.15914392471313477,0.09999999999999998,20000,771.4000208377838
2133000,0.005406111944466829,5.954938888549805,5.913022994995117,0.16759002208709717,1.0,0.2773490846157074,0.09999999999999998,20000,777.4574267864227
2134000,0.02744697406888008,5.154555320739746,5.236079216003418,0.3670717477798462,1.0,0.41235673427581787,0.09999999999999998,20000,783.5746476650238
2135000,0.009458019398152828,5.7178263664245605,5.63722038269043,0.24807943403720856,1.0,0.17992475628852844,0.09999999999999998,20000,789.7343046665192
2136000,0.021261300891637802,5.013054847717285,4.934683799743652,0.4202571511268616,1.0,0.2918492555618286,0.09999999999999998,20000,795.7980728149414
2137000,0.016092652454972267,5.4167304039001465,5.442005157470703,0.3361121416091919,1.0,0.34676969051361084,0.09999999999999998,20000,801.7303957939148
2138000,0.004761992022395134,5.27799654006958,5.213846206665039,0.19103530049324036,1.0,0.2822195589542389,0.09999999999999998,20000,807.6203846931458
2139000,0.002659081481397152,5.41034460067749,5.437093734741211,0.24216637015342712,1.0,0.11128893494606018,0.09999999999999998,20000,813.8153138160706
2140000,0.007061703130602837,4.896398544311523,4.712285041809082,0.30555397272109985,1.0,0.16895075142383575,0.09999999999999998,20000,820.0844497680664
2141000,0.007551610469818115,6.042728900909424,5.986598968505859,0.22244806587696075,1.0,0.26974111795425415,0.09999999999999998,20000,826.1952719688416
2142000,0.004401899874210358,4.8478899002075195,4.82368278503418,0.21169543266296387,1.0,0.19961118698120117,0.09999999999999998,20000,832.2871158123016
2143000,0.008488306775689125,5.494476795196533,5.4382004737854,0.29750627279281616,1.0,0.2717268466949463,0.09999999999999998,20000,838.3818650245667
2144000,0.036555755883455276,4.894223213195801,4.93612813949585,0.3792661428451538,1.0,0.5006342530250549,0.09999999999999998,20000,844.4773859977722
2145000,0.010150179266929626,5.198296546936035,5.256028175354004,0.33335965871810913,1.0,0.19312775135040283,0.09999999999999998,20000,850.7706289291382
2146000,0.005610210355371237,4.477810859680176,4.463533401489258,0.33815133571624756,1.0,0.12248799204826355,0.09999999999999998,20000,856.9942758083344
2147000,0.0035640965215861797,5.0471649169921875,5.103425025939941,0.19636552035808563,1.0,0.24093683063983917,0.09999999999999998,20000,863.2304887771606
2148000,0.014949139207601547,6.1523637771606445,6.287013053894043,0.2879939079284668,1.0,0.34504571557044983,0.09999999999999998,20000,869.4636807441711
2149000,0.0056022759526968,5.423516273498535,5.443903923034668,0.21636119484901428,1.0,0.27082687616348267,0.09999999999999998,20000,875.5995666980743
2150000,0.010146517306566238,4.7469377517700195,4.701254844665527,0.3200782537460327,1.0,0.24480576813220978,0.09999999999999998,20000,881.5088148117065
2151000,0.036225512623786926,5.3033905029296875,5.11415958404541,0.3980249762535095,1.0,0.4097728729248047,0.09999999999999998,20000,893.2815089225769
2152000,0.0038036322221159935,5.1628193855285645,5.188277244567871,0.16644468903541565,1.0,0.23223207890987396,0.09999999999999998,20000,899.3315029144287
2153000,0.013709131628274918,5.63055419921875,5.599276542663574,0.30512702465057373,1.0,0.31458327174186707,0.09999999999999998,20000,905.5272378921509
2154000,0.008148589171469212,5.577362060546875,5.650940895080566,0.24485334753990173,1.0,0.27300795912742615,0.09999999999999998,20000,911.5434167385101
2155000,0.008696377277374268,5.41875696182251,5.310298919677734,0.3291747570037842,1.0,0.2102220207452774,0.09999999999999998,20000,917.6739618778229
2156000,0.006490417290478945,5.587226867675781,5.5802764892578125,0.22533151507377625,1.0,0.20290639996528625,0.09999999999999998,20000,923.6541147232056
2157000,0.014906897209584713,5.101173400878906,5.187595844268799,0.32680562138557434,1.0,0.2981857359409332,0.09999999999999998,20000,929.9093079566956
2158000,0.013007656671106815,5.812677383422852,5.931779861450195,0.312694787979126,1.0,0.27824798226356506,0.09999999999999998,20000,935.9035449028015
2159000,0.013815000653266907,5.728959083557129,5.859753608703613,0.2759316563606262,1.0,0.3397861123085022,0.09999999999999998,20000,942.175078868866
2160000,0.0032245691400021315,5.302133083343506,5.2683868408203125,0.24697956442832947,1.0,0.18206404149532318,0.09999999999999998,20000,948.2979497909546
2161000,0.013158909976482391,4.941084861755371,4.985653877258301,0.31730949878692627,1.0,0.3251846134662628,0.09999999999999998,20000,954.4067599773407
2162000,0.01750672608613968,5.3705291748046875,5.3231048583984375,0.2937413454055786,1.0,0.3572736382484436,0.09999999999999998,20000,960.2752418518066
2163000,0.008805300109088421,5.086933135986328,5.08562707901001,0.3349384367465973,1.0,0.19698655605316162,0.09999999999999998,20000,966.1373648643494
2164000,0.01317964494228363,4.998760223388672,4.810561180114746,0.40419769287109375,1.0,0.2815554738044739,0.09999999999999998,20000,972.472898721695
2165000,0.015462648123502731,4.982731819152832,5.106267929077148,0.2805017828941345,1.0,0.3612043261528015,0.09999999999999998,20000,978.7849378585815
2166000,0.004576234612613916,5.675625801086426,5.683452606201172,0.24797941744327545,1.0,0.19864152371883392,0.09999999999999998,20000,984.8751287460327
2167000,0.006789215374737978,5.276453018188477,5.312614440917969,0.1846419870853424,1.0,0.42043057084083557,0.09999999999999998,20000,991.0097978115082
2168000,0.015203491784632206,5.143813133239746,5.126660346984863,0.3088589906692505,1.0,0.35646551847457886,0.09999999999999998,20000,997.2896108627319
2169000,0.01261897012591362,5.057753086090088,5.180410861968994,0.273414671421051,1.0,0.30081748962402344,0.09999999999999998,20000,1003.3177018165588
2170000,0.013631641864776611,5.295062065124512,5.414176940917969,0.2637317478656769,1.0,0.4110140800476074,0.09999999999999998,20000,1009.5385148525238
2171000,0.015503134578466415,5.443891525268555,5.509356498718262,0.2628191113471985,1.0,0.38089340925216675,0.09999999999999998,20000,1015.6170878410339
2172000,0.012492574751377106,5.0452985763549805,4.979013442993164,0.2763700485229492,1.0,0.3429650664329529,0.09999999999999998,20000,1021.8462018966675
2173000,0.011581274680793285,5.052821636199951,4.949475288391113,0.30154621601104736,1.0,0.2762110233306885,0.09999999999999998,20000,1028.0007047653198
2174000,0.00891359243541956,5.830915451049805,5.845553398132324,0.24682345986366272,1.0,0.32769256830215454,0.09999999999999998,20000,1033.9860019683838
2175000,0.005942862946540117,5.452870845794678,5.43877649307251,0.22220349311828613,1.0,0.26936501264572144,0.09999999999999998,20000,1039.9531059265137
2176000,0.005295509472489357,5.181034564971924,5.227060317993164,0.2073393166065216,1.0,0.2788906693458557,0.09999999999999998,20000,1045.8106417655945
2177000,0.009747564792633057,5.472444534301758,5.563907623291016,0.2516213655471802,1.0,0.29027435183525085,0.09999999999999998,20000,1052.0337517261505
2178000,0.002554425038397312,5.198217391967773,5.1758646965026855,0.19898712635040283,1.0,0.14391490817070007,0.09999999999999998,20000,1058.0534098148346
2179000,0.01156720519065857,5.317157745361328,5.168243408203125,0.34022656083106995,1.0,0.25014352798461914,0.09999999999999998,20000,1064.3757708072662
2180000,0.007139971945434809,5.476192474365234,5.4848175048828125,0.26418137550354004,1.0,0.20621123909950256,0.09999999999999998,20000,1070.8282797336578
2181000,0.01529782172292471,5.498228549957275,5.453253746032715,0.34556442499160767,1.0,0.32365289330482483,0.09999999999999998,20000,1076.8705067634583
2182000,0.011529520153999329,5.465179920196533,5.4016265869140625,0.23332667350769043,1.0,0.39018285274505615,0.09999999999999998,20000,1083.1058239936829
2183000,0.008225880563259125,5.669290542602539,5.546816825866699,0.29654350876808167,1.0,0.2686882019042969,0.09999999999999998,20000,1089.2731697559357
2184000,0.014015690423548222,5.2948784828186035,5.318140506744385,0.2984001040458679,1.0,0.3344179093837738,0.09999999999999998,20000,1095.4158957004547
2185000,0.014693038538098335,5.068279266357422,5.043471813201904,0.30151355266571045,1.0,0.3593848645687103,0.09999999999999998,20000,1101.6197619438171
2186000,0.003889889921993017,5.289913177490234,5.291892051696777,0.16050802171230316,1.0,0.19912263751029968,0.09999999999999998,20000,1107.7089626789093
2187000,0.01992124691605568,5.234284400939941,5.142325401306152,0.29249048233032227,1.0,0.4470376968383789,0.09999999999999998,20000,1113.7117848396301
2188000,0.009196833707392216,5.5457024574279785,5.475425720214844,0.2569202780723572,1.0,0.2230473756790161,0.09999999999999998,20000,1119.5579159259796
2189000,0.030927661806344986,4.809292793273926,4.736721992492676,0.4771127998828888,1.0,0.3647240102291107,0.09999999999999998,20000,1125.51717877388
2190000,0.0160443764179945,5.366633415222168,5.44432258605957,0.25900933146476746,1.0,0.44487977027893066,0.09999999999999998,20000,1131.750197649002
2191000,0.009577002376317978,5.065101623535156,5.040733337402344,0.2979077696800232,1.0,0.21317802369594574,0.09999999999999998,20000,1137.9079496860504
2192000,0.003573101945221424,4.992570877075195,5.099231243133545,0.18077093362808228,1.0,0.19780270755290985,0.09999999999999998,20000,1144.152173757553
2193000,0.005749591160565615,5.4870076179504395,5.403558731079102,0.20218312740325928,1.0,0.2938946485519409,0.09999999999999998,20000,1150.326781988144
2194000,0.002767527475953102,5.288219928741455,5.225832462310791,0.32789146900177,1.0,0.09575296938419342,0.09999999999999998,20000,1156.390457868576
2195000,0.017938651144504547,5.054489612579346,4.93806266784668,0.32588326930999756,1.0,0.4037371873855591,0.09999999999999998,20000,1162.5628328323364
2196000,0.008624425157904625,5.243075847625732,5.441948890686035,0.2851012051105499,1.0,0.22918622195720673,0.09999999999999998,20000,1168.7450230121613
2197000,0.013699168339371681,5.637333869934082,5.567094326019287,0.31575170159339905,1.0,0.3263462483882904,0.09999999999999998,20000,1175.1266808509827
2198000,0.010956009849905968,5.808323860168457,5.915948867797852,0.3193211257457733,1.0,0.2777467370033264,0.09999999999999998,20000,1181.248236656189
2199000,0.003125519957393408,5.9871931076049805,5.9760870933532715,0.2343248873949051,1.0,0.13374698162078857,0.09999999999999998,20000,1187.3146708011627
2200000,0.004560177680104971,5.332706928253174,5.414923667907715,0.25834032893180847,1.0,0.16735635697841644,0.09999999999999998,20000,1193.287556886673
2201000,0.003102554939687252,5.0220746994018555,4.971104621887207,0.23696160316467285,1.0,0.1353374570608139,0.09999999999999998,20000,1205.0483746528625
2202000,0.005003831349313259,4.979267597198486,4.84680700302124,0.2524786591529846,1.0,0.1686258614063263,0.09999999999999998,20000,1210.9859347343445
2203000,0.006874045357108116,4.940889358520508,4.990356922149658,0.2331746518611908,1.0,0.32807040214538574,0.09999999999999998,20000,1216.9486248493195
2204000,0.009825184941291809,4.734725475311279,4.649082183837891,0.20117586851119995,1.0,0.4306192994117737,0.09999999999999998,20000,1222.8779709339142
2205000,0.0024787504225969315,5.193174362182617,5.125450134277344,0.18890315294265747,1.0,0.1484220176935196,0.09999999999999998,20000,1228.763561964035
2206000,0.011659747920930386,4.596101760864258,4.637984752655029,0.21913114190101624,1.0,0.24245285987854004,0.09999999999999998,20000,1234.6857919692993
2207000,0.0018966421484947205,5.525367736816406,5.507627964019775,0.1691925823688507,1.0,0.1356486678123474,0.09999999999999998,20000,1240.6958677768707
2208000,0.01304060872644186,4.853914260864258,4.969432353973389,0.2695562541484833,1.0,0.3940260112285614,0.09999999999999998,20000,1246.6424088478088
2209000,0.007632732391357422,4.902758598327637,4.8934245109558105,0.29709818959236145,1.0,0.22693583369255066,0.09999999999999998,20000,1253.0232968330383
2210000,0.012002616189420223,5.6455583572387695,5.711558818817139,0.26290103793144226,1.0,0.3171771764755249,0.09999999999999998,20000,1259.134830713272
2211000,0.012592494487762451,5.139533042907715,5.08458137512207,0.2814777195453644,1.0,0.31618666648864746,0.09999999999999998,20000,1265.2530870437622
2212000,0.005748372990638018,5.216300964355469,5.288210868835449,0.2924634516239166,1.0,0.11625207215547562,0.09999999999999998,20000,1271.250650882721
2213000,0.00983542762696743,5.184338092803955,5.075973987579346,0.29437369108200073,1.0,0.27787020802497864,0.09999999999999998,20000,1277.7046568393707
2214000,0.01258372887969017,5.015382766723633,4.994412422180176,0.39100223779678345,1.0,0.21864677965641022,0.09999999999999998,20000,1283.6068468093872
2215000,0.01666727103292942,4.786275386810303,4.669722080230713,0.3996671736240387,1.0,0.33071666955947876,0.09999999999999998,20000,1289.9846527576447
2216000,0.006027120631188154,4.988373756408691,4.984139919281006,0.2423977553844452,1.0,0.2136639952659607,0.09999999999999998,20000,1296.1350736618042
2217000,0.009720457717776299,5.3777618408203125,5.421299934387207,0.2993917465209961,1.0,0.21516653895378113,0.09999999999999998,20000,1302.3415360450745
2218000,0.011845140717923641,5.004826545715332,4.953998565673828,0.2940954864025116,1.0,0.2715475559234619,0.09999999999999998,20000,1308.447274684906
2219000,0.00603964738547802,5.417412757873535,5.407075881958008,0.19573137164115906,1.0,0.3289475440979004,0.09999999999999998,20000,1314.7273616790771
2220000,0.0063886395655572414,5.299581050872803,5.303466320037842,0.22143998742103577,1.0,0.2804586887359619,0.09999999999999998,20000,1320.7256217002869
2221000,0.014478047378361225,5.429919719696045,5.579176425933838,0.3221919536590576,1.0,0.28195327520370483,0.09999999999999998,20000,1327.1170239448547
2222000,0.008351262658834457,5.073238372802734,5.029729843139648,0.2780539095401764,1.0,0.30011770129203796,0.09999999999999998,20000,1333.251928806305
2223000,0.007276160642504692,5.121315002441406,5.153207778930664,0.2432282567024231,1.0,0.3054293990135193,0.09999999999999998,20000,1339.3279647827148
2224000,0.003575508948415518,5.122008323669434,5.172430992126465,0.2234681099653244,1.0,0.15192121267318726,0.09999999999999998,20000,1345.3772537708282
2225000,0.021525079384446144,5.244892120361328,5.48305606842041,0.3804216682910919,1.0,0.34137672185897827,0.09999999999999998,20000,1351.3727686405182
2226000,0.009570086374878883,5.721588134765625,5.661844253540039,0.2892063856124878,1.0,0.27469876408576965,0.09999999999999998,20000,1357.2098979949951
2227000,0.006065594498068094,5.545739650726318,5.601675987243652,0.1872866451740265,1.0,0.3038031756877899,0.09999999999999998,20000,1363.5206937789917
2228000,0.0029849170241504908,5.551301956176758,5.516317367553711,0.1860814243555069,1.0,0.20575350522994995,0.09999999999999998,20000,1369.573234796524
2229000,0.023493517190217972,5.499853134155273,5.44578742980957,0.31607311964035034,1.0,0.4482477307319641,0.09999999999999998,20000,1375.8018698692322
2230000,0.0038515168707817793,5.380826950073242,5.272428035736084,0.23974739015102386,1.0,0.17705780267715454,0.09999999999999998,20000,1381.8834178447723
2231000,0.0127766914665699,5.289351463317871,5.376665115356445,0.27655529975891113,1.0,0.3404340445995331,0.09999999999999998,20000,1388.2097969055176
2232000,0.009614227339625359,5.482952117919922,5.437777042388916,0.29150933027267456,1.0,0.2718164920806885,0.09999999999999998,20000,1394.400694847107
2233000,0.009506985545158386,5.134184837341309,5.155108451843262,0.2656944990158081,1.0,0.24731525778770447,0.09999999999999998,20000,1400.4284827709198
2234000,0.00848529301583767,5.702858924865723,5.69072961807251,0.24725589156150818,1.0,0.25468188524246216,0.09999999999999998,20000,1406.6373887062073
2235000,0.015174602158367634,5.8378190994262695,5.817196846008301,0.2720860242843628,1.0,0.35882580280303955,0.09999999999999998,20000,1412.9230027198792
2236000,0.006173597648739815,5.77290678024292,5.807750701904297,0.1714085340499878,1.0,0.3345969617366791,0.09999999999999998,20000,1419.0432567596436
2237000,0.008583669550716877,5.6432905197143555,5.687359809875488,0.27152687311172485,1.0,0.3049831688404083,0.09999999999999998,20000,1425.1306879520416
2238000,0.009746196679770947,5.965342044830322,5.951821804046631,0.2163921594619751,1.0,0.3784971237182617,0.09999999999999998,20000,1431.026351928711
2239000,0.0040177712216973305,5.213127613067627,5.291116237640381,0.24261033535003662,1.0,0.17097416520118713,0.09999999999999998,20000,1436.8825027942657
2240000,0.015786264091730118,5.406716823577881,5.4957475662231445,0.2912538945674896,1.0,0.3564271032810211,0.09999999999999998,20000,1443.0242438316345
2241000,0.020496254786849022,5.030703544616699,4.913689613342285,0.3624735176563263,1.0,0.2982146143913269,0.09999999999999998,20000,1449.0892736911774
2242000,0.013763366267085075,6.066181182861328,6.050220966339111,0.2306385636329651,1.0,0.454757958650589,0.09999999999999998,20000,1455.2955448627472
2243000,0.005418513435870409,5.807740211486816,5.812938213348389,0.19685852527618408,1.0,0.2572592496871948,0.09999999999999998,20000,1461.6665947437286
2244000,0.0017702714540064335,5.488286972045898,5.470438003540039,0.27087366580963135,1.0,0.0675758421421051,0.09999999999999998,20000,1467.822581768036
2245000,0.007169798016548157,4.904930114746094,4.940889835357666,0.292807012796402,1.0,0.23619934916496277,0.09999999999999998,20000,1474.2552666664124
2246000,0.004457646980881691,5.5232439041137695,5.504489898681641,0.29946672916412354,1.0,0.13865044713020325,0.09999999999999998,20000,1480.372470855713
2247000,0.0025107194669544697,5.327434539794922,5.489593505859375,0.2772737145423889,1.0,0.09365237504243851,0.09999999999999998,20000,1486.7242188453674
2248000,0.005223797634243965,5.723573684692383,5.780340194702148,0.18310126662254333,1.0,0.2971895933151245,0.09999999999999998,20000,1493.112468957901
2249000,0.008831758052110672,6.0786848068237305,6.072579383850098,0.2970684766769409,1.0,0.1891920566558838,0.09999999999999998,20000,1499.2448289394379
2250000,0.010017343796789646,4.946226119995117,5.028644561767578,0.37128007411956787,1.0,0.2045239508152008,0.09999999999999998,20000,1505.1493167877197
2251000,0.012650137767195702,4.719964981079102,4.8656697273254395,0.27877917885780334,1.0,0.3112044334411621,0.09999999999999998,20000,1517.2409508228302
2252000,0.004066952504217625,4.951301574707031,4.982763290405273,0.22368896007537842,1.0,0.17115692794322968,0.09999999999999998,20000,1523.517446756363
2253000,0.010638339444994926,5.125948905944824,5.238008499145508,0.29369500279426575,1.0,0.21664932370185852,0.09999999999999998,20000,1528.38298869133
2254000,0.010314452461898327,5.305716037750244,5.254077911376953,0.303569495677948,1.0,0.2514897882938385,0.09999999999999998,20000,1534.5240728855133
2255000,0.006268864497542381,4.999826431274414,5.037898540496826,0.22702983021736145,1.0,0.21928435564041138,0.09999999999999998,20000,1540.7441647052765
2256000,0.007710801437497139,5.401829719543457,5.327190399169922,0.35868823528289795,1.0,0.16893354058265686,0.09999999999999998,20000,1547.5017688274384
2257000,0.014921097084879875,5.147618770599365,4.987944602966309,0.35380417108535767,1.0,0.27541202306747437,0.09999999999999998,20000,1553.873881816864
2258000,0.010446787811815739,6.040433406829834,6.127305030822754,0.2717767357826233,1.0,0.30393022298812866,0.09999999999999998,20000,1560.1888618469238
2259000,0.006222395226359367,4.7105255126953125,4.612517356872559,0.37817704677581787,1.0,0.1174059808254242,0.09999999999999998,20000,1566.1621267795563
2260000,0.007398949936032295,5.245754241943359,5.282398223876953,0.256568968296051,1.0,0.23444238305091858,0.09999999999999998,20000,1571.9596018791199
2261000,0.005217348225414753,5.373702049255371,5.39290714263916,0.23436084389686584,1.0,0.24432402849197388,0.09999999999999998,20000,1578.3165588378906
2262000,0.01735488697886467,5.004772186279297,4.919145584106445,0.37772470712661743,1.0,0.2718401849269867,0.09999999999999998,20000,1583.5331637859344
2263000,0.004473707638680935,5.4423828125,5.309120178222656,0.2438001036643982,1.0,0.1693672239780426,0.09999999999999998,20000,1588.1525330543518
2264000,0.01272581610828638,5.687213897705078,5.568477630615234,0.30874690413475037,1.0,0.3364223837852478,0.09999999999999998,20000,1592.8567056655884
2265000,0.01560982782393694,4.964221000671387,5.010516166687012,0.40896546840667725,1.0,0.25424885749816895,0.09999999999999998,20000,1597.8173897266388
2266000,0.007506434805691242,5.290387153625488,5.232044696807861,0.25755009055137634,1.0,0.2586974501609802,0.09999999999999998,20000,1603.2018806934357
2267000,0.00677565298974514,4.716864585876465,4.7994771003723145,0.32299864292144775,1.0,0.16537180542945862,0.09999999999999998,20000,1608.9771168231964
2268000,0.01132931187748909,4.942872524261475,4.837944030761719,0.38708165287971497,1.0,0.19887053966522217,0.09999999999999998,20000,1614.4361197948456
2269000,0.0037416776176542044,4.473610877990723,4.44016170501709,0.3064040541648865,1.0,0.12799996137619019,0.09999999999999998,20000,1620.8196008205414
2270000,0.009550932794809341,5.35261869430542,5.343499183654785,0.28592729568481445,1.0,0.2746593952178955,0.09999999999999998,20000,1627.2625606060028
2271000,0.006018969230353832,5.111650466918945,5.016849517822266,0.21572573482990265,1.0,0.2187843769788742,0.09999999999999998,20000,1632.838105916977
2272000,0.010171985253691673,5.753985404968262,5.835772514343262,0.28777188062667847,1.0,0.27895575761795044,0.09999999999999998,20000,1638.7253618240356
2273000,0.017772164195775986,4.823465347290039,4.843419075012207,0.318759560585022,1.0,0.3323647379875183,0.09999999999999998,20000,1645.6361458301544
2274000,0.007992159575223923,5.155942916870117,5.239435195922852,0.3679150342941284,1.0,0.16904760897159576,0.09999999999999998,20000,1651.7630207538605
2275000,0.014978600665926933,5.565309524536133,5.493900299072266,0.3437492847442627,1.0,0.29736244678497314,0.09999999999999998,20000,1657.3646168708801
2276000,0.013405423611402512,5.020948886871338,5.109853744506836,0.28130602836608887,1.0,0.3720918893814087,0.09999999999999998,20000,1663.2258098125458
2277000,0.011588477529585361,5.759434700012207,5.744810104370117,0.33600378036499023,1.0,0.24875283241271973,0.09999999999999998,20000,1668.0586957931519
2278000,0.007440879940986633,4.761462688446045,4.748481750488281,0.19235527515411377,1.0,0.3930533528327942,0.09999999999999998,20000,1672.6606557369232
2279000,0.009068731218576431,5.19122838973999,5.204930305480957,0.2823893427848816,1.0,0.3285098373889923,0.09999999999999998,20000,1677.5441999435425
2280000,0.011911779642105103,5.286762237548828,5.316955089569092,0.2714475989341736,1.0,0.2922607958316803,0.09999999999999998,20000,1682.5494928359985
2281000,0.01317097432911396,5.826944351196289,5.846475601196289,0.24820473790168762,1.0,0.39834141731262207,0.09999999999999998,20000,1688.8730509281158
2282000,0.007096582092344761,5.216297149658203,5.178592681884766,0.21590599417686462,1.0,0.28808581829071045,0.09999999999999998,20000,1694.3930208683014
2283000,0.010671100579202175,4.820981979370117,4.777958869934082,0.2561873495578766,1.0,0.3091873526573181,0.09999999999999998,20000,1700.9819357395172
2284000,0.005319586955010891,4.886538505554199,4.951319217681885,0.2426077127456665,1.0,0.21100547909736633,0.09999999999999998,20000,1707.1483976840973
2285000,0.006895577535033226,5.522436618804932,5.548940658569336,0.2686106562614441,1.0,0.19411900639533997,0.09999999999999998,20000,1712.914214849472
2286000,0.014190681278705597,4.727761268615723,4.675504684448242,0.24926245212554932,1.0,0.3326888084411621,0.09999999999999998,20000,1718.5800807476044
2287000,0.0031421154271811247,5.672161102294922,5.676644802093506,0.20241999626159668,1.0,0.13895553350448608,0.09999999999999998,20000,1724.6898128986359
2288000,0.008364117704331875,5.230223655700684,5.249423027038574,0.3096715807914734,1.0,0.17138376832008362,0.09999999999999998,20000,1730.1411337852478
2289000,0.014567282050848007,5.055480003356934,5.168163299560547,0.30359575152397156,1.0,0.32789355516433716,0.09999999999999998,20000,1737.3301668167114
2290000,0.020754337310791016,5.151865482330322,5.302593231201172,0.2904549539089203,1.0,0.45867037773132324,0.09999999999999998,20000,1744.0832059383392
2291000,0.007499673869460821,5.470003128051758,5.555389404296875,0.23413552343845367,1.0,0.1977936029434204,0.09999999999999998,20000,1750.0109519958496
2292000,0.005137510597705841,5.007922172546387,4.999395370483398,0.2680651843547821,1.0,0.1683492660522461,0.09999999999999998,20000,1755.889839887619
2293000,0.004344890359789133,4.884132385253906,4.836353778839111,0.36525803804397583,1.0,0.1265213042497635,0.09999999999999998,20000,1761.6132726669312
2294000,0.005957003217190504,5.303675651550293,5.502381324768066,0.29418036341667175,1.0,0.16012276709079742,0.09999999999999998,20000,1767.9696078300476
2295000,0.01475641317665577,4.767146110534668,4.788087844848633,0.5023880004882812,1.0,0.18221861124038696,0.09999999999999998,20000,1774.1297359466553
2296000,0.0036336900666356087,5.3630266189575195,5.544562339782715,0.26518934965133667,1.0,0.08580241352319717,0.09999999999999998,20000,1780.3399307727814
2297000,0.002462748670950532,5.233382225036621,5.224613189697266,0.23177963495254517,1.0,0.11674666404724121,0.09999999999999998,20000,1786.3917376995087
2298000,0.004070371389389038,4.735091209411621,4.713254928588867,0.2104032188653946,1.0,0.19628693163394928,0.09999999999999998,20000,1792.7154598236084
2299000,0.005654981359839439,4.97037410736084,4.905521392822266,0.31138551235198975,1.0,0.13631367683410645,0.09999999999999998,20000,1798.8833239078522
2300000,0.00963827408850193,4.914878845214844,4.957183837890625,0.24142776429653168,1.0,0.2742951214313507,0.09999999999999998,20000,1804.9837996959686
2301000,0.005739053711295128,5.644688606262207,5.747062683105469,0.2188248485326767,1.0,0.21709081530570984,0.09999999999999998,20000,1818.5890970230103
2302000,0.0065956260077655315,4.899946212768555,4.923281192779541,0.2616867423057556,1.0,0.19075240194797516,0.09999999999999998,20000,1824.5318667888641
2303000,0.002255180384963751,4.856636047363281,4.851662635803223,0.1694725751876831,1.0,0.155423104763031,0.09999999999999998,20000,1830.232135772705
2304000,0.007689343299716711,5.187399864196777,5.2934370040893555,0.2642238736152649,1.0,0.22527500987052917,0.09999999999999998,20000,1836.1109776496887
2305000,0.005688916891813278,5.798333168029785,5.784263610839844,0.1888914406299591,1.0,0.3009509742259979,0.09999999999999998,20000,1841.814484834671
2306000,0.005371851846575737,5.503909111022949,5.421674728393555,0.18313810229301453,1.0,0.3281604051589966,0.09999999999999998,20000,1848.3959827423096
2307000,0.008360758423805237,5.487109184265137,5.453832626342773,0.3250531554222107,1.0,0.20596103370189667,0.09999999999999998,20000,1854.6851108074188
2308000,0.013044316321611404,5.400096416473389,5.485421657562256,0.24668732285499573,1.0,0.3605037033557892,0.09999999999999998,20000,1860.6349728107452
2309000,0.016604561358690262,5.127326011657715,5.275547504425049,0.33144086599349976,1.0,0.29662150144577026,0.09999999999999998,20000,1866.7272746562958
2310000,0.0055346982553601265,5.414717674255371,5.5325517654418945,0.2808079421520233,1.0,0.2093513309955597,0.09999999999999998,20000,1873.3432357311249
2311000,0.014714068733155727,5.417349338531494,5.376123428344727,0.2967923581600189,1.0,0.3064807057380676,0.09999999999999998,20000,1880.718374967575
2312000,0.0035212142392992973,5.655333995819092,5.62263822555542,0.23147523403167725,1.0,0.1646457314491272,0.09999999999999998,20000,1886.90176987648
2313000,0.020368065685033798,5.267273902893066,5.378224849700928,0.44871944189071655,1.0,0.2544887661933899,0.09999999999999998,20000,1893.240889787674
2314000,0.00941108725965023,4.992616176605225,5.060393810272217,0.26009759306907654,1.0,0.266396164894104,0.09999999999999998,20000,1899.3616976737976
2315000,0.00985659472644329,5.457891464233398,5.504670143127441,0.3080517649650574,1.0,0.24082937836647034,0.09999999999999998,20000,1905.4270288944244
2316000,0.006962462328374386,5.100728511810303,5.151180267333984,0.28436100482940674,1.0,0.22364898025989532,0.09999999999999998,20000,1911.4102447032928
2317000,0.004891999531537294,6.1549072265625,6.211020469665527,0.28350311517715454,1.0,0.1540033370256424,0.09999999999999998,20000,1917.2876167297363
2318000,0.023199185729026794,5.466045379638672,5.494279861450195,0.46095821261405945,1.0,0.3124009370803833,0.09999999999999998,20000,1923.6358058452606
2319000,0.008045334368944168,5.215127944946289,5.286418437957764,0.35267433524131775,1.0,0.1838071197271347,0.09999999999999998,20000,1929.778401851654
2320000,0.010148998349905014,5.177844524383545,5.210283279418945,0.33640751242637634,1.0,0.20406347513198853,0.09999999999999998,20000,1935.9254558086395
2321000,0.010621483437716961,5.325022220611572,5.376676559448242,0.2814044654369354,1.0,0.24797578155994415,0.09999999999999998,20000,1942.0430119037628
2322000,0.008369053713977337,5.317887306213379,5.313381195068359,0.2663089632987976,1.0,0.2537066638469696,0.09999999999999998,20000,1948.1348927021027
2323000,0.005255809985101223,5.695778846740723,5.704010963439941,0.21561658382415771,1.0,0.18615196645259857,0.09999999999999998,20000,1954.3904757499695
2324000,0.003277675248682499,4.736383438110352,4.759830951690674,0.21719710528850555,1.0,0.17389756441116333,0.09999999999999998,20000,1960.4204468727112
2325000,0.019734933972358704,4.357726573944092,4.487252235412598,0.29327404499053955,1.0,0.38280072808265686,0.09999999999999998,20000,1966.5704216957092
2326000,0.007622943725436926,5.168002605438232,5.287097930908203,0.32510215044021606,1.0,0.2091619074344635,0.09999999999999998,20000,1972.8571588993073
2327000,0.007926471531391144,5.59221076965332,5.6240010261535645,0.25089627504348755,1.0,0.2533499598503113,0.09999999999999998,20000,1978.9573256969452
2328000,0.009732997976243496,4.658560752868652,4.635413646697998,0.336112380027771,1.0,0.24935176968574524,0.09999999999999998,20000,1984.7874388694763
2329000,0.02326592616736889,4.7873077392578125,4.759638786315918,0.3062742054462433,1.0,0.3652938902378082,0.09999999999999998,20000,1990.616043806076
2330000,0.008069314062595367,5.728919982910156,5.836585521697998,0.3031277656555176,1.0,0.2302272915840149,0.09999999999999998,20000,1996.5055639743805
2331000,0.011824572458863258,5.230710506439209,5.400082588195801,0.2984733283519745,1.0,0.2978785037994385,0.09999999999999998,20000,2002.7741878032684
2332000,0.01658906787633896,4.735065460205078,4.877364158630371,0.28741446137428284,1.0,0.353532075881958,0.09999999999999998,20000,2008.9187967777252
2333000,0.01011618785560131,5.539751052856445,5.438418388366699,0.24167895317077637,1.0,0.2881358861923218,0.09999999999999998,20000,2015.032901763916
2334000,0.009561410173773766,4.864490509033203,4.90034294128418,0.2839471101760864,1.0,0.2701200842857361,0.09999999999999998,20000,2021.1452639102936
2335000,0.0076496293768286705,5.521205425262451,5.655470848083496,0.23338168859481812,1.0,0.2708638310432434,0.09999999999999998,20000,2027.5474038124084
2336000,0.001499668462201953,5.781558036804199,5.676052093505859,0.2874417304992676,1.0,0.06724727898836136,0.09999999999999998,20000,2033.7936778068542
2337000,0.008767940104007721,6.058161735534668,6.0977888107299805,0.2441721260547638,1.0,0.32062000036239624,0.09999999999999998,20000,2039.8955037593842
2338000,0.021155381575226784,5.158351898193359,5.241649150848389,0.3023209273815155,1.0,0.4452829957008362,0.09999999999999998,20000,2045.9289617538452
2339000,0.003499465761706233,5.215790748596191,5.072229862213135,0.17947223782539368,1.0,0.19289827346801758,0.09999999999999998,20000,2052.2663197517395
2340000,0.006778819486498833,4.555601119995117,4.414913177490234,0.28289371728897095,1.0,0.19864213466644287,0.09999999999999998,20000,2058.8709399700165
2341000,0.01399867795407772,4.476898670196533,4.564157009124756,0.3567865490913391,1.0,0.24740491807460785,0.09999999999999998,20000,2064.9578607082367
2342000,0.011779175139963627,5.233832359313965,5.286131858825684,0.32240432500839233,1.0,0.2299751192331314,0.09999999999999998,20000,2070.8400509357452
2343000,0.0036970479413866997,5.464267730712891,5.439679145812988,0.22824987769126892,1.0,0.19712108373641968,0.09999999999999998,20000,2076.623039960861
2344000,0.0019376263953745365,5.406793594360352,5.415111541748047,0.20607122778892517,1.0,0.11132015287876129,0.09999999999999998,20000,2083.04154586792
2345000,0.014511528424918652,4.857172012329102,4.8717217445373535,0.42024967074394226,1.0,0.23576460778713226,0.09999999999999998,20000,2088.9858770370483
2346000,0.0026082193944603205,4.789362907409668,4.7884697914123535,0.13275012373924255,1.0,0.2366943359375,0.09999999999999998,20000,2095.032155752182
2347000,0.0078151635825634,5.159923553466797,5.258028507232666,0.273923397064209,1.0,0.18990150094032288,0.09999999999999998,20000,2101.232268810272
2348000,0.0040246727876365185,5.905905246734619,5.8934149742126465,0.16655737161636353,1.0,0.21854263544082642,0.09999999999999998,20000,2107.351305961609
2349000,0.010348165407776833,5.307419776916504,5.27995491027832,0.2944062352180481,1.0,0.23919472098350525,0.09999999999999998,20000,2113.49729681015
2350000,0.012381342239677906,4.615897178649902,4.628725051879883,0.24551056325435638,1.0,0.37769603729248047,0.09999999999999998,20000,2119.8207948207855
2351000,0.006965429522097111,5.1880903244018555,5.157084941864014,0.2425605058670044,1.0,0.1600331962108612,0.09999999999999998,20000,2133.8000547885895
2352000,0.009357744827866554,5.6896796226501465,5.829308032989502,0.37676000595092773,1.0,0.15671199560165405,0.09999999999999998,20000,2139.8940727710724
2353000,0.003260483965277672,5.306780815124512,5.281872749328613,0.25690263509750366,1.0,0.1289728581905365,0.09999999999999998,20000,2145.760905981064
2354000,0.01359524019062519,4.905111789703369,4.7873029708862305,0.37508124113082886,1.0,0.288611501455307,0.09999999999999998,20000,2151.595398902893
2355000,0.006654132157564163,5.636144638061523,5.686459541320801,0.23884016275405884,1.0,0.22767862677574158,0.09999999999999998,20000,2157.5691788196564
2356000,0.010328883305191994,5.864181995391846,5.795218467712402,0.20490002632141113,1.0,0.4845460057258606,0.09999999999999998,20000,2163.9074368476868
2357000,0.006026595830917358,5.666082382202148,5.494401931762695,0.2815171480178833,1.0,0.13109365105628967,0.09999999999999998,20000,2170.0363306999207
2358000,0.0074418047443032265,5.092167377471924,5.1241936683654785,0.20019179582595825,1.0,0.3746527433395386,0.09999999999999998,20000,2176.129251718521
2359000,0.007912318222224712,5.442210674285889,5.600003242492676,0.24253256618976593,1.0,0.27149510383605957,0.09999999999999998,20000,2182.19362282753
2360000,0.0018947673961520195,5.694336414337158,5.652256488800049,0.27657920122146606,1.0,0.07865481078624725,0.09999999999999998,20000,2188.4534237384796
2361000,0.0063150241039693356,5.3009538650512695,5.278576850891113,0.36052560806274414,1.0,0.14919796586036682,0.09999999999999998,20000,2194.7441408634186
2362000,0.01979093998670578,5.041875839233398,4.939713478088379,0.34216344356536865,1.0,0.36390358209609985,0.09999999999999998,20000,2200.7978348731995
2363000,0.00436344975605607,5.15653657913208,5.260561943054199,0.2375502586364746,1.0,0.15570473670959473,0.09999999999999998,20000,2206.8874728679657
2364000,0.008849764242768288,5.155818939208984,5.271836757659912,0.274634450674057,1.0,0.2817586064338684,0.09999999999999998,20000,2213.002687931061
2365000,0.009657535701990128,5.685239791870117,5.536517143249512,0.3658909797668457,1.0,0.2259228229522705,0.09999999999999998,20000,2219.156281709671
2366000,0.02572905644774437,5.499302387237549,5.471068382263184,0.3974762260913849,1.0,0.3518778085708618,0.09999999999999998,20000,2224.9382297992706
2367000,0.014693932607769966,4.518045902252197,4.536868095397949,0.44082844257354736,1.0,0.20503486692905426,0.09999999999999998,20000,2230.6979558467865
2368000,0.01157352700829506,4.862430095672607,4.750487327575684,0.3775784373283386,1.0,0.2697993814945221,0.09999999999999998,20000,2236.9699368476868
2369000,0.013942703604698181,5.347053527832031,5.1440019607543945,0.2769317030906677,1.0,0.31762969493865967,0.09999999999999998,20000,2243.026699781418
2370000,0.013573956675827503,4.58377742767334,4.5538716316223145,0.32605811953544617,1.0,0.2783266603946686,0.09999999999999998,20000,2249.249837875366
2371000,0.011357581242918968,5.254720687866211,5.2857561111450195,0.21971970796585083,1.0,0.372561514377594,0.09999999999999998,20000,2255.3630769252777
2372000,0.006902744993567467,5.087215423583984,5.140215873718262,0.24276873469352722,1.0,0.25539863109588623,0.09999999999999998,20000,2261.4528017044067
2373000,0.0046362970024347305,5.641502380371094,5.556232452392578,0.3280123472213745,1.0,0.14477072656154633,0.09999999999999998,20000,2267.6770696640015
2374000,0.01825249381363392,6.13651180267334,6.206150054931641,0.2694745659828186,1.0,0.3871666193008423,0.09999999999999998,20000,2273.9175679683685
2375000,0.01902087777853012,5.337462425231934,5.466275215148926,0.29256370663642883,1.0,0.4502352476119995,0.09999999999999998,20000,2280.0121710300446
2376000,0.007870437577366829,5.600053787231445,5.515854835510254,0.23666870594024658,1.0,0.34101933240890503,0.09999999999999998,20000,2286.0656609535217
2377000,0.013741012662649155,5.520099639892578,5.575710296630859,0.24030129611492157,1.0,0.4100077152252197,0.09999999999999998,20000,2292.202698945999
2378000,0.009477643296122551,5.883991718292236,5.925087928771973,0.23081599175930023,1.0,0.3519958257675171,0.09999999999999998,20000,2298.337280035019
2379000,0.006746983155608177,5.771982669830322,5.90812873840332,0.2867870032787323,1.0,0.1686657816171646,0.09999999999999998,20000,2304.104262828827
2380000,0.007831796072423458,5.2768707275390625,5.230149269104004,0.30071866512298584,1.0,0.22407591342926025,0.09999999999999998,20000,2309.826803922653
2381000,0.018928665667772293,5.446469306945801,5.531609535217285,0.3408089280128479,1.0,0.31093817949295044,0.09999999999999998,20000,2316.2191157341003
2382000,0.011691326275467873,5.2032060623168945,5.336422920227051,0.218115895986557,1.0,0.4258217215538025,0.09999999999999998,20000,2322.3702726364136
2383000,0.011492619290947914,5.359686374664307,5.566239833831787,0.360154926776886,1.0,0.22023868560791016,0.09999999999999998,20000,2328.726182937622
2384000,0.0016472014831379056,5.215360164642334,5.248973369598389,0.1789480447769165,1.0,0.12277065217494965,0.09999999999999998,20000,2334.807502746582
2385000,0.007179529406130314,5.59497594833374,5.682783126831055,0.23062580823898315,1.0,0.2617703676223755,0.09999999999999998,20000,2340.8031046390533
2386000,0.004250836558640003,5.020289421081543,4.956546306610107,0.2963961064815521,1.0,0.14380307495594025,0.09999999999999998,20000,2346.88027882576
2387000,0.00680851936340332,4.763717174530029,4.829638957977295,0.1954209953546524,1.0,0.3042701482772827,0.09999999999999998,20000,2353.140690803528
2388000,0.01357816718518734,5.4680681228637695,5.520241737365723,0.21333733201026917,1.0,0.4547291398048401,0.09999999999999998,20000,2359.452291727066
2389000,0.009435556828975677,5.568073272705078,5.521896839141846,0.3161553144454956,1.0,0.22375577688217163,0.09999999999999998,20000,2365.8613488674164
2390000,0.00457130279392004,5.575564384460449,5.572017192840576,0.27092087268829346,1.0,0.16100946068763733,0.09999999999999998,20000,2372.116541862488
2391000,0.016635974869132042,5.2585248947143555,5.2681884765625,0.3445926308631897,1.0,0.32308846712112427,0.09999999999999998,20000,2377.8908479213715
2392000,0.002391659887507558,5.565059185028076,5.445003986358643,0.26607900857925415,1.0,0.10962110012769699,0.09999999999999998,20000,2383.751529932022
2393000,0.011586373671889305,5.6338911056518555,5.5815935134887695,0.2686821520328522,1.0,0.2911044955253601,0.09999999999999998,20000,2389.5941677093506
2394000,0.009455535560846329,4.650681018829346,4.658781051635742,0.18109792470932007,1.0,0.403491348028183,0.09999999999999998,20000,2395.975141763687
2395000,0.005750745534896851,5.5525712966918945,5.67656135559082,0.2633248567581177,1.0,0.19022908806800842,0.09999999999999998,20000,2402.1234209537506
2396000,0.006716764997690916,5.061130523681641,5.119833946228027,0.2755984961986542,1.0,0.19399598240852356,0.09999999999999998,20000,2408.2679119110107
2397000,0.009706074371933937,5.062028408050537,4.995436668395996,0.3049457371234894,1.0,0.2662694752216339,0.09999999999999998,20000,2414.4190747737885
2398000,0.005750682204961777,5.4404754638671875,5.535165786743164,0.27271193265914917,1.0,0.1930595189332962,0.09999999999999998,20000,2420.675694704056
2399000,0.015583489090204239,5.109262466430664,5.104093551635742,0.3855947256088257,1.0,0.2948349118232727,0.09999999999999998,20000,2426.9419598579407
2400000,0.012286718003451824,5.333987236022949,5.256865501403809,0.22003450989723206,1.0,0.4232255518436432,0.09999999999999998,20000,2433.0894536972046
2401000,0.01240704394876957,5.07866096496582,5.1116437911987305,0.25647181272506714,1.0,0.3338169455528259,0.09999999999999998,20000,2445.2260286808014
2402000,0.014272965490818024,5.415658473968506,5.465994358062744,0.3317420780658722,1.0,0.3010762333869934,0.09999999999999998,20000,2451.298615694046
2403000,0.001622744370251894,4.934552192687988,4.867520809173584,0.2429780662059784,1.0,0.08155721426010132,0.09999999999999998,20000,2457.1393218040466
2404000,0.0064422450959682465,5.226325988769531,5.3534345626831055,0.3317253887653351,1.0,0.16995875537395477,0.09999999999999998,20000,2463.0333268642426
2405000,0.01546611450612545,4.878482341766357,4.873189926147461,0.36484479904174805,1.0,0.26395365595817566,0.09999999999999998,20000,2469.107633829117
2406000,0.009571179747581482,5.686880111694336,5.842321395874023,0.2620675563812256,1.0,0.31156396865844727,0.09999999999999998,20000,2475.387293815613
2407000,0.005659658927470446,5.680392742156982,5.703315258026123,0.2261863350868225,1.0,0.23415376245975494,0.09999999999999998,20000,2482.299998998642
2408000,0.0139238853007555,5.144430160522461,5.105788230895996,0.29744893312454224,1.0,0.3565884232521057,0.09999999999999998,20000,2488.526535987854
2409000,0.003810287918895483,5.969321250915527,5.988207817077637,0.21775835752487183,1.0,0.15899306535720825,0.09999999999999998,20000,2494.875951766968
2410000,0.005288760177791119,5.511469841003418,5.517673969268799,0.253948450088501,1.0,0.18028421700000763,0.09999999999999998,20000,2500.9313967227936
2411000,0.0066064512357115746,5.5550642013549805,5.5919671058654785,0.2964523136615753,1.0,0.13843710720539093,0.09999999999999998,20000,2507.043648004532
2412000,0.010182755067944527,5.5237274169921875,5.501849174499512,0.2695968747138977,1.0,0.26476776599884033,0.09999999999999998,20000,2513.204781770706
2413000,0.00936010479927063,5.643939018249512,5.656939506530762,0.27608633041381836,1.0,0.2536231279373169,0.09999999999999998,20000,2519.2222769260406
2414000,0.006755591835826635,4.906144142150879,4.902950763702393,0.20606380701065063,1.0,0.1464160531759262,0.09999999999999998,20000,2525.320154905319
2415000,0.010368036106228828,5.256675720214844,5.237400054931641,0.2775996923446655,1.0,0.2705361843109131,0.09999999999999998,20000,2531.500296831131
2416000,0.004968810826539993,5.507167816162109,5.583259582519531,0.21748480200767517,1.0,0.21541735529899597,0.09999999999999998,20000,2537.4967386722565
2417000,0.007337541785091162,5.651925086975098,5.596124649047852,0.22484475374221802,1.0,0.3078461289405823,0.09999999999999998,20000,2543.2450807094574
2418000,0.01456129178404808,5.2397847175598145,5.1738433837890625,0.40340352058410645,1.0,0.24195092916488647,0.09999999999999998,20000,2549.4909477233887
2419000,0.020269399508833885,5.520663738250732,5.553516387939453,0.3137620687484741,1.0,0.3954867720603943,0.09999999999999998,20000,2555.522724866867
2420000,0.0061083291657269,5.547761917114258,5.488541603088379,0.22391429543495178,1.0,0.20816592872142792,0.09999999999999998,20000,2561.5248939990997
2421000,0.020462360233068466,5.116122722625732,5.145064353942871,0.3673080801963806,1.0,0.2927720248699188,0.09999999999999998,20000,2567.7368638515472
2422000,0.009879947640001774,5.252694129943848,5.274743556976318,0.2925815284252167,1.0,0.24149419367313385,0.09999999999999998,20000,2573.841174840927
2423000,0.008193891495466232,5.067267417907715,5.1349778175354,0.3803737163543701,1.0,0.16842330992221832,0.09999999999999998,20000,2579.8012387752533
2424000,0.004966843873262405,5.962001800537109,6.021540641784668,0.2400054782629013,1.0,0.21589383482933044,0.09999999999999998,20000,2585.956254005432
2425000,0.006338224280625582,5.386631488800049,5.249838829040527,0.31187695264816284,1.0,0.17815682291984558,0.09999999999999998,20000,2592.231423854828
2426000,0.010174262337386608,5.5076799392700195,5.7122907638549805,0.30346205830574036,1.0,0.265093058347702,0.09999999999999998,20000,2598.247550010681
2427000,0.008167574182152748,5.2930006980896,5.285738945007324,0.25114381313323975,1.0,0.26210254430770874,0.09999999999999998,20000,2604.284222841263
2428000,0.007934287190437317,5.405185699462891,5.378710746765137,0.2216411828994751,1.0,0.33014604449272156,0.09999999999999998,20000,2610.264642715454
2429000,0.021173853427171707,5.334425926208496,5.4023237228393555,0.41605833172798157,1.0,0.32728201150894165,0.09999999999999998,20000,2616.2080557346344
2430000,0.019405677914619446,5.265494346618652,5.201471328735352,0.34390050172805786,1.0,0.3583768606185913,0.09999999999999998,20000,2622.0023896694183
2431000,0.011062132194638252,5.554912567138672,5.537121772766113,0.1922997385263443,1.0,0.37955814599990845,0.09999999999999998,20000,2628.338565826416
2432000,0.01210461463779211,5.658451080322266,5.572490692138672,0.3506861925125122,1.0,0.2847881317138672,0.09999999999999998,20000,2634.350873708725
2433000,0.011001468636095524,4.666926383972168,4.491975784301758,0.3727734684944153,1.0,0.16576778888702393,0.09999999999999998,20000,2640.367484807968
2434000,0.005755123682320118,5.678606986999512,5.699840545654297,0.38563311100006104,1.0,0.1089038997888565,0.09999999999999998,20000,2646.6245827674866
2435000,0.010755866765975952,5.521320343017578,5.553286552429199,0.263989120721817,1.0,0.27126315236091614,0.09999999999999998,20000,2652.965584754944
2436000,0.008104759268462658,5.45562744140625,5.579034805297852,0.34479084610939026,1.0,0.18318668007850647,0.09999999999999998,20000,2659.10462474823
2437000,0.0062850769609212875,5.252138137817383,5.128811836242676,0.22897323966026306,1.0,0.241147980093956,0.09999999999999998,20000,2665.200897693634
2438000,0.01103646494448185,5.284763813018799,5.412980556488037,0.3404320180416107,1.0,0.228196918964386,0.09999999999999998,20000,2671.5259687900543
2439000,0.010641917586326599,5.513792514801025,5.569432258605957,0.28512710332870483,1.0,0.30223554372787476,0.09999999999999998,20000,2677.617838859558
2440000,0.011592606082558632,5.703053951263428,5.539812088012695,0.3948756158351898,1.0,0.21988731622695923,0.09999999999999998,20000,2683.790076971054
2441000,0.013075651600956917,6.39024019241333,6.365479946136475,0.2157418429851532,1.0,0.28278887271881104,0.09999999999999998,20000,2689.7499928474426
2442000,0.025094956159591675,5.836705207824707,5.837839126586914,0.3963906466960907,1.0,0.3466680943965912,0.09999999999999998,20000,2695.665522813797
2443000,0.009074600413441658,5.134024620056152,5.015864372253418,0.35122621059417725,1.0,0.18834514915943146,0.09999999999999998,20000,2701.5271649360657
2444000,0.010268627665936947,5.497340202331543,5.44422721862793,0.23709741234779358,1.0,0.24788810312747955,0.09999999999999998,20000,2707.670585870743
2445000,0.025152090936899185,5.612983226776123,5.665286064147949,0.35009968280792236,1.0,0.30816149711608887,0.09999999999999998,20000,2713.878052711487
2446000,0.018453780561685562,5.358743190765381,5.137338638305664,0.414920449256897,1.0,0.3351600468158722,0.09999999999999998,20000,2719.9812018871307
2447000,0.0052317287772893906,5.596795082092285,5.545296669006348,0.21467511355876923,1.0,0.2627067565917969,0.09999999999999998,20000,2726.1423177719116
2448000,0.011333327740430832,5.460608959197998,5.60225772857666,0.24774330854415894,1.0,0.3480626344680786,0.09999999999999998,20000,2732.362180709839
2449000,0.0019413032568991184,5.692662239074707,5.613940238952637,0.2716493606567383,1.0,0.07949584722518921,0.09999999999999998,20000,2738.5240907669067
2450000,0.008239863440394402,5.065030097961426,5.072812080383301,0.2204180508852005,1.0,0.3002575635910034,0.09999999999999998,20000,2744.630879878998
2451000,0.015328370966017246,6.012325286865234,5.996269226074219,0.26395630836486816,1.0,0.3822728395462036,0.09999999999999998,20000,2758.5681738853455
2452000,0.003587287152186036,6.5234599113464355,6.564033031463623,0.22281458973884583,1.0,0.16309091448783875,0.09999999999999998,20000,2764.464478969574
2453000,0.014851534739136696,5.314565658569336,5.384247303009033,0.3289041519165039,1.0,0.3102707862854004,0.09999999999999998,20000,2770.2632987499237
2454000,0.012694131582975388,5.786400318145752,5.726633071899414,0.2822722792625427,1.0,0.3458143472671509,0.09999999999999998,20000,2776.052065849304
2455000,0.00577973946928978,5.488354682922363,5.510713577270508,0.2901197671890259,1.0,0.1751844435930252,0.09999999999999998,20000,2782.306054830551
2456000,0.0037115535233169794,5.771602630615234,5.646531581878662,0.23433533310890198,1.0,0.22653070092201233,0.09999999999999998,20000,2788.4265327453613
2457000,0.015244574286043644,5.409177780151367,5.543967247009277,0.3367237150669098,1.0,0.30224573612213135,0.09999999999999998,20000,2794.5084569454193
2458000,0.009319428354501724,5.740240097045898,5.679123878479004,0.28938576579093933,1.0,0.2863231897354126,0.09999999999999998,20000,2800.615912914276
2459000,0.022108258679509163,5.574236869812012,5.6648054122924805,0.36504989862442017,1.0,0.33200550079345703,0.09999999999999998,20000,2806.8467388153076
2460000,0.008418932557106018,4.898033618927002,4.911371231079102,0.23151710629463196,1.0,0.22718045115470886,0.09999999999999998,20000,2813.1855278015137
2461000,0.006157990545034409,5.778787612915039,5.778522968292236,0.20287171006202698,1.0,0.22155335545539856,0.09999999999999998,20000,2819.29926776886
2462000,0.007657463662326336,5.724249839782715,5.734270095825195,0.21662136912345886,1.0,0.2596540153026581,0.09999999999999998,20000,2825.2798957824707
2463000,0.0075932396575808525,5.649655818939209,5.761958122253418,0.27174413204193115,1.0,0.21418365836143494,0.09999999999999998,20000,2831.151618719101
2464000,0.007578812073916197,5.826299667358398,5.808916091918945,0.2817760705947876,1.0,0.1918628215789795,0.09999999999999998,20000,2837.4691746234894
2465000,0.011917535215616226,5.641103744506836,5.703423023223877,0.29842132329940796,1.0,0.3023439049720764,0.09999999999999998,20000,2843.6044697761536
2466000,0.013586573302745819,4.96120548248291,4.82857084274292,0.34256044030189514,1.0,0.2753596603870392,0.09999999999999998,20000,2849.5049448013306
2467000,0.009826809167861938,6.090677261352539,5.972372055053711,0.25166645646095276,1.0,0.4060317277908325,0.09999999999999998,20000,2855.329239845276
2468000,0.00633895443752408,5.31085205078125,5.352103233337402,0.22933486104011536,1.0,0.29897651076316833,0.09999999999999998,20000,2861.4185268878937
2469000,0.012031549587845802,5.532684326171875,5.601465702056885,0.28815481066703796,1.0,0.31057852506637573,0.09999999999999998,20000,2867.895307779312
2470000,0.0046557774767279625,4.966434478759766,4.961436748504639,0.24807056784629822,1.0,0.15694919228553772,0.09999999999999998,20000,2874.1233348846436
2471000,0.00406766077503562,5.591172695159912,5.4768147468566895,0.3125379681587219,1.0,0.10727013647556305,0.09999999999999998,20000,2880.261163711548
2472000,0.01346546784043312,5.202056407928467,5.269304275512695,0.2887287139892578,1.0,0.3625381588935852,0.09999999999999998,20000,2886.286754846573
2473000,0.0016550170257687569,5.763666152954102,5.673309326171875,0.23599538207054138,1.0,0.07955211400985718,0.09999999999999998,20000,2892.430946826935
2474000,0.0034577888436615467,5.762932777404785,5.744907379150391,0.22046050429344177,1.0,0.15314479172229767,0.09999999999999998,20000,2898.698844909668
2475000,0.008337011560797691,4.97672700881958,4.946571350097656,0.2648937404155731,1.0,0.25169074535369873,0.09999999999999998,20000,2904.9497628211975
2476000,0.008803758770227432,5.488076210021973,5.524957656860352,0.280243456363678,1.0,0.22401446104049683,0.09999999999999998,20000,2911.429186820984
2477000,0.007019480690360069,5.466565132141113,5.50357723236084,0.27583062648773193,1.0,0.22264158725738525,0.09999999999999998,20000,2917.669451713562
2478000,0.019647307693958282,5.576790809631348,5.474080562591553,0.4304940104484558,1.0,0.29754823446273804,0.09999999999999998,20000,2923.5037038326263
2479000,0.008655145764350891,5.503159999847412,5.605590343475342,0.2504581809043884,1.0,0.317449152469635,0.09999999999999998,20000,2929.378945827484
2480000,0.007376240100711584,5.231864929199219,5.245061874389648,0.16604392230510712,1.0,0.48365843296051025,0.09999999999999998,20000,2935.1159098148346
2481000,0.00646666856482625,5.659924507141113,5.774879455566406,0.2634754180908203,1.0,0.20486104488372803,0.09999999999999998,20000,2941.5220427513123
2482000,0.020445186644792557,5.447119235992432,5.573400497436523,0.33881351351737976,1.0,0.3665056526660919,0.09999999999999998,20000,2947.723697900772
2483000,0.00818050466477871,4.846185684204102,4.989353179931641,0.2716813087463379,1.0,0.259462833404541,0.09999999999999998,20000,2953.695988893509
2484000,0.016809556633234024,5.07827091217041,5.099632263183594,0.2709540128707886,1.0,0.46076345443725586,0.09999999999999998,20000,2959.823376893997
2485000,0.004297121427953243,5.175687789916992,5.227831840515137,0.26468124985694885,1.0,0.13026079535484314,0.09999999999999998,20000,2966.130182981491
2486000,0.00671014841645956,5.117515563964844,5.068706512451172,0.2714466154575348,1.0,0.31318867206573486,0.09999999999999998,20000,2972.3996107578278
2487000,0.00487293116748333,5.360030174255371,5.273842811584473,0.17534448206424713,1.0,0.3009309768676758,0.09999999999999998,20000,2978.495203733444
2488000,0.00832253135740757,5.378523349761963,5.3726091384887695,0.2845480740070343,1.0,0.2212938666343689,0.09999999999999998,20000,2984.607407808304
2489000,0.01747504249215126,5.3908915519714355,5.398312091827393,0.3356582820415497,1.0,0.301621675491333,0.09999999999999998,20000,2990.906831741333
2490000,0.004400875419378281,5.678086757659912,5.644293785095215,0.2102935016155243,1.0,0.22579458355903625,0.09999999999999998,20000,2997.265045642853
2491000,0.006281400099396706,5.618903160095215,5.584732532501221,0.2552298903465271,1.0,0.2020370364189148,0.09999999999999998,20000,3003.1227588653564
2492000,0.01810215599834919,6.050912380218506,6.232963562011719,0.4022817015647888,1.0,0.2861570119857788,0.09999999999999998,20000,3008.958902835846
2493000,0.01361149176955223,5.179044723510742,5.2163801193237305,0.2588355541229248,1.0,0.3548946678638458,0.09999999999999998,20000,3014.8469648361206
2494000,0.0019529457204043865,4.436213493347168,4.50053596496582,0.2756037712097168,1.0,0.07167966663837433,0.09999999999999998,20000,3020.9803578853607
2495000,0.012497114948928356,5.398972034454346,5.504879951477051,0.314860075712204,1.0,0.2621268928050995,0.09999999999999998,20000,3027.2621126174927
2496000,0.009914056397974491,5.985735893249512,6.159029960632324,0.2970202565193176,1.0,0.24149343371391296,0.09999999999999998,20000,3033.380667924881
2497000,0.015855731442570686,5.391533851623535,5.2938361167907715,0.3524848222732544,1.0,0.2762734889984131,0.09999999999999998,20000,3039.50727391243
2498000,0.010532788001000881,5.423103332519531,5.420075416564941,0.21207492053508759,1.0,0.37933725118637085,0.09999999999999998,20000,3045.565726995468
2499000,0.008293566294014454,5.352801322937012,5.358898162841797,0.2722606956958771,1.0,0.2733796238899231,0.09999999999999998,20000,3051.7452778816223
2500000,0.01447083055973053,5.951038360595703,5.98585319519043,0.29337960481643677,1.0,0.3587772846221924,0.09999999999999998,20000,3057.910143852234
2501000,0.009669564664363861,5.433893203735352,5.336520671844482,0.22983422875404358,1.0,0.30893927812576294,0.09999999999999998,20000,3072.3924918174744
2502000,0.006136894691735506,5.9523820877075195,6.029219627380371,0.20811069011688232,1.0,0.3093448579311371,0.09999999999999998,20000,3078.9926187992096
2503000,0.00815797783434391,5.068851470947266,5.072761535644531,0.24973921477794647,1.0,0.2101939618587494,0.09999999999999998,20000,3084.9194147586823
2504000,0.008517609909176826,5.382495880126953,5.372632026672363,0.23105281591415405,1.0,0.3074667751789093,0.09999999999999998,20000,3090.75919175148
2505000,0.02183183655142784,5.017467498779297,4.907529830932617,0.3345630168914795,1.0,0.46656379103660583,0.09999999999999998,20000,3096.7667508125305
2506000,0.007531201001256704,5.829002380371094,5.915712356567383,0.26448002457618713,1.0,0.2905186712741852,0.09999999999999998,20000,3102.815793991089
2507000,0.01394236646592617,5.3912763595581055,5.363319396972656,0.3287438452243805,1.0,0.3025090992450714,0.09999999999999998,20000,3109.005854845047
2508000,0.01738755777478218,5.356023788452148,5.295172691345215,0.392822265625,1.0,0.29659900069236755,0.09999999999999998,20000,3115.1455829143524
2509000,0.005607913248240948,5.451645851135254,5.534032821655273,0.24744132161140442,1.0,0.2097240537405014,0.09999999999999998,20000,3121.187509059906
2510000,0.007026239763945341,5.349418640136719,5.342196464538574,0.18902882933616638,1.0,0.35944482684135437,0.09999999999999998,20000,3127.3825058937073
2511000,0.007717123255133629,4.791517734527588,4.818169593811035,0.23943272233009338,1.0,0.22324427962303162,0.09999999999999998,20000,3133.6226136684418
2512000,0.008230017498135567,4.648263931274414,4.654257297515869,0.2668684720993042,1.0,0.24120168387889862,0.09999999999999998,20000,3139.7189078330994
2513000,0.006483195815235376,5.504246711730957,5.354117393493652,0.23522575199604034,1.0,0.279032826423645,0.09999999999999998,20000,3145.7550718784332
2514000,0.017330754548311234,5.127817630767822,5.38537073135376,0.35571324825286865,1.0,0.30909043550491333,0.09999999999999998,20000,3152.342129945755
2515000,0.009645695798099041,4.899478435516357,4.889627456665039,0.29478806257247925,1.0,0.2594778537750244,0.09999999999999998,20000,3158.4149267673492
2516000,0.014846551232039928,5.711607456207275,5.7148590087890625,0.26798778772354126,1.0,0.3511166572570801,0.09999999999999998,20000,3164.3325247764587
2517000,0.016292525455355644,4.969427585601807,4.8963212966918945,0.3267762362957001,1.0,0.37676185369491577,0.09999999999999998,20000,3170.1044878959656
2518000,0.00342265865765512,5.616639137268066,5.755167007446289,0.28710246086120605,1.0,0.12502822279930115,0.09999999999999998,20000,3176.1327888965607
2519000,0.007544259540736675,5.513355255126953,5.508854389190674,0.30134615302085876,1.0,0.24242249131202698,0.09999999999999998,20000,3182.320464849472
2520000,0.004287051502615213,5.022170066833496,5.100536346435547,0.23233959078788757,1.0,0.19704513251781464,0.09999999999999998,20000,3188.3498497009277
2521000,0.00797006394714117,5.51655387878418,5.639726638793945,0.3224566578865051,1.0,0.14948949217796326,0.09999999999999998,20000,3194.5732028484344
2522000,0.0027167906519025564,4.812315940856934,4.883599758148193,0.18657362461090088,1.0,0.17060284316539764,0.09999999999999998,20000,3200.6676018238068
2523000,0.0069521693512797356,4.595474720001221,4.742518424987793,0.2387295663356781,1.0,0.22579604387283325,0.09999999999999998,20000,3206.6958527565002
2524000,0.014758208766579628,4.917463779449463,5.005549430847168,0.2948835790157318,1.0,0.37120336294174194,0.09999999999999998,20000,3213.001881837845
2525000,0.00801722053438425,5.355108261108398,5.524147033691406,0.25502967834472656,1.0,0.3290565609931946,0.09999999999999998,20000,3219.136335849762
2526000,0.003328029764816165,5.507838249206543,5.421645164489746,0.315267950296402,1.0,0.10260823369026184,0.09999999999999998,20000,3225.369436979294
2527000,0.020810013636946678,4.7817277908325195,4.64631462097168,0.33939123153686523,1.0,0.3750322759151459,0.09999999999999998,20000,3231.4301867485046
2528000,0.0024939263239502907,5.327524185180664,5.3796491622924805,0.23655731976032257,1.0,0.11585337668657303,0.09999999999999998,20000,3237.4815278053284
2529000,0.014633359387516975,5.29321813583374,5.380568504333496,0.29551535844802856,1.0,0.36392173171043396,0.09999999999999998,20000,3243.379024744034
2530000,0.014003431424498558,5.5749359130859375,5.626123428344727,0.2749873399734497,1.0,0.4395482540130615,0.09999999999999998,20000,3249.2972917556763
2531000,0.010029472410678864,5.321859836578369,5.486827850341797,0.3096799850463867,1.0,0.15588656067848206,0.09999999999999998,20000,3255.49347281456
2532000,0.007915126159787178,6.046249866485596,6.120174407958984,0.2584218680858612,1.0,0.2859460115432739,0.09999999999999998,20000,3261.4871697425842
2533000,0.005897226743400097,5.681469917297363,5.617610454559326,0.2953329086303711,1.0,0.12846335768699646,0.09999999999999998,20000,3267.7129998207092
2534000,0.010707365348935127,5.572411060333252,5.615817546844482,0.2720866799354553,1.0,0.2801576554775238,0.09999999999999998,20000,3273.774709701538
2535000,0.0144954239949584,5.446658134460449,5.518718719482422,0.38807928562164307,1.0,0.27445003390312195,0.09999999999999998,20000,3279.8745019435883
2536000,0.006860918365418911,5.707802772521973,5.7871856689453125,0.333455890417099,1.0,0.17335528135299683,0.09999999999999998,20000,3285.9185469150543
2537000,0.014393539167940617,5.358953475952148,5.338512897491455,0.3183436989784241,1.0,0.30761557817459106,0.09999999999999998,20000,3292.2030279636383
2538000,0.005242663901299238,5.494483470916748,5.528714656829834,0.34708690643310547,1.0,0.15544143319129944,0.09999999999999998,20000,3298.3669848442078
2539000,0.00587391247972846,5.493614196777344,5.544797897338867,0.21868598461151123,1.0,0.24195736646652222,0.09999999999999998,20000,3304.4795117378235
2540000,0.010333055630326271,5.7839460372924805,5.818849563598633,0.31253013014793396,1.0,0.20753462612628937,0.09999999999999998,20000,3310.5155017375946
2541000,0.012145204469561577,5.579428672790527,5.373569488525391,0.4503515660762787,1.0,0.23859184980392456,0.09999999999999998,20000,3316.49680185318
2542000,0.01175711303949356,5.216355800628662,5.147356986999512,0.40992438793182373,1.0,0.14629217982292175,0.09999999999999998,20000,3322.415719985962
2543000,0.012079508975148201,5.478792190551758,5.579467296600342,0.2802138030529022,1.0,0.2782403826713562,0.09999999999999998,20000,3328.4022736549377
2544000,0.008690446615219116,5.6266374588012695,5.635087490081787,0.2671598196029663,1.0,0.32288858294487,0.09999999999999998,20000,3334.680567741394
2545000,0.008063523098826408,5.698263168334961,5.671537399291992,0.18753646314144135,1.0,0.3838159441947937,0.09999999999999998,20000,3340.7053759098053
2546000,0.005653982982039452,5.239275932312012,5.120711326599121,0.20126891136169434,1.0,0.3270394802093506,0.09999999999999998,20000,3347.0413937568665
2547000,0.005284144543111324,5.458927631378174,5.539519309997559,0.22106367349624634,1.0,0.23200523853302002,0.09999999999999998,20000,3353.1098947525024
2548000,0.011148342862725258,5.8243727684021,5.896124839782715,0.32156527042388916,1.0,0.2718684673309326,0.09999999999999998,20000,3359.1240298748016
2549000,0.006662702187895775,5.350825309753418,5.344808578491211,0.2364378422498703,1.0,0.2733321189880371,0.09999999999999998,20000,3365.4180738925934
2550000,0.005709879565984011,5.5287184715271,5.5538835525512695,0.21054573357105255,1.0,0.26205694675445557,0.09999999999999998,20000,3371.795889854431
2551000,0.0056224847212433815,5.198941230773926,5.216054439544678,0.22122903168201447,1.0,0.20831739902496338,0.09999999999999998,20000,3383.9897968769073
2552000,0.012588655576109886,5.720218658447266,5.812928199768066,0.3379989564418793,1.0,0.2534150183200836,0.09999999999999998,20000,3390.0085439682007
2553000,0.00971231423318386,5.306342124938965,5.3120951652526855,0.25840458273887634,1.0,0.34516602754592896,0.09999999999999998,20000,3395.770677804947
2554000,0.008696895092725754,5.310319423675537,5.310726642608643,0.22549614310264587,1.0,0.33122462034225464,0.09999999999999998,20000,3401.7390518188477
2555000,0.004120166413486004,4.999296188354492,5.047264099121094,0.2147594392299652,1.0,0.19059227406978607,0.09999999999999998,20000,3407.843654870987
2556000,0.008477363735437393,5.798567771911621,5.8930158615112305,0.34403908252716064,1.0,0.170958012342453,0.09999999999999998,20000,3413.8496017456055
2557000,0.01148957759141922,5.518611907958984,5.492989540100098,0.27029794454574585,1.0,0.31372469663619995,0.09999999999999998,20000,3419.990724802017
2558000,0.0026231184601783752,5.601146221160889,5.652487754821777,0.19600717723369598,1.0,0.18424904346466064,0.09999999999999998,20000,3426.017264842987
2559000,0.007787787355482578,5.492449760437012,5.631917953491211,0.3510289192199707,1.0,0.18389606475830078,0.09999999999999998,20000,3432.063150882721
2560000,0.010762828402221203,5.880955696105957,5.9856791496276855,0.2598521113395691,1.0,0.36997339129447937,0.09999999999999998,20000,3438.189203977585
2561000,0.0063443914987146854,5.448159694671631,5.416119575500488,0.25953829288482666,1.0,0.22792062163352966,0.09999999999999998,20000,3444.3826858997345
2562000,0.002823395188897848,5.044282913208008,5.1211466789245605,0.17820116877555847,1.0,0.19458754360675812,0.09999999999999998,20000,3450.6117446422577
2563000,0.02384766936302185,4.990903854370117,4.909029006958008,0.39086246490478516,1.0,0.33902162313461304,0.09999999999999998,20000,3456.771139860153
2564000,0.02006128430366516,5.039278030395508,5.12059211730957,0.3857665956020355,1.0,0.3889561891555786,0.09999999999999998,20000,3462.8941519260406
2565000,0.028487814590334892,4.969692707061768,4.983168601989746,0.4221821129322052,1.0,0.38833296298980713,0.09999999999999998,20000,3468.928382873535
2566000,0.0039969803765416145,5.093111038208008,5.093489170074463,0.18372559547424316,1.0,0.24949437379837036,0.09999999999999998,20000,3474.8243248462677
2567000,0.012176798656582832,5.897575378417969,5.894706726074219,0.26088809967041016,1.0,0.3393784761428833,0.09999999999999998,20000,3480.6971118450165
2568000,0.005217262078076601,5.117056846618652,4.94017219543457,0.3316451907157898,1.0,0.1309674233198166,0.09999999999999998,20000,3486.7280118465424
2569000,0.02532232366502285,5.194640636444092,5.468799114227295,0.43805402517318726,1.0,0.31449875235557556,0.09999999999999998,20000,3492.814109802246
2570000,0.005510090850293636,5.349699974060059,5.349301815032959,0.2135414183139801,1.0,0.20211637020111084,0.09999999999999998,20000,3498.8885519504547
2571000,0.013977475464344025,4.824936866760254,4.766757965087891,0.3963538110256195,1.0,0.16622531414031982,0.09999999999999998,20000,3505.030873775482
2572000,0.02316891774535179,4.649996757507324,4.7124152183532715,0.44385939836502075,1.0,0.29817524552345276,0.09999999999999998,20000,3511.328372001648
2573000,0.012910155579447746,5.946829795837402,5.896038055419922,0.2689393162727356,1.0,0.3554627597332001,0.09999999999999998,20000,3517.489656686783
2574000,0.014560285955667496,5.3376784324646,5.35056209564209,0.2634439170360565,1.0,0.41794222593307495,0.09999999999999998,20000,3523.4694378376007
2575000,0.02326061576604843,5.160942077636719,5.218513011932373,0.323614239692688,1.0,0.35924506187438965,0.09999999999999998,20000,3529.5694468021393
2576000,0.010312449187040329,5.1407790184021,5.1698713302612305,0.26791906356811523,1.0,0.336725652217865,0.09999999999999998,20000,3535.7413277626038
2577000,0.01621854305267334,5.584331512451172,5.636291980743408,0.25305917859077454,1.0,0.4298636317253113,0.09999999999999998,20000,3541.8614268302917
2578000,0.001134824356995523,5.055275917053223,4.965118408203125,0.2379341572523117,1.0,0.06345150619745255,0.09999999999999998,20000,3547.7628197669983
2579000,0.006966920103877783,5.444007873535156,5.471889019012451,0.2822335660457611,1.0,0.21255949139595032,0.09999999999999998,20000,3553.659091949463
2580000,0.021230394020676613,5.579785346984863,5.47806453704834,0.3648950159549713,1.0,0.32961225509643555,0.09999999999999998,20000,3559.5570929050446
2581000,0.020789440721273422,5.442192077636719,5.460801124572754,0.42428043484687805,1.0,0.29620611667633057,0.09999999999999998,20000,3565.6686947345734
2582000,0.0034489352256059647,5.192948341369629,5.104975700378418,0.22379924356937408,1.0,0.09700404107570648,0.09999999999999998,20000,3571.7714879512787
2583000,0.003099922090768814,6.127558708190918,6.064052581787109,0.20035821199417114,1.0,0.16441863775253296,0.09999999999999998,20000,3578.060956954956
2584000,0.005163475405424833,5.583792686462402,5.675106048583984,0.19576746225357056,1.0,0.29983606934547424,0.09999999999999998,20000,3584.065094947815
2585000,0.006970485672354698,5.863499641418457,5.937173843383789,0.2187909185886383,1.0,0.25757190585136414,0.09999999999999998,20000,3590.213246822357
2586000,0.019870581105351448,5.287349700927734,5.204251766204834,0.3366827666759491,1.0,0.39289313554763794,0.09999999999999998,20000,3596.205682992935
2587000,0.003466283669695258,5.094515800476074,4.969458103179932,0.26749861240386963,1.0,0.15558212995529175,0.09999999999999998,20000,3602.2757530212402
2588000,0.004386384040117264,4.917847633361816,4.92740535736084,0.21193715929985046,1.0,0.1332089602947235,0.09999999999999998,20000,3608.2667379379272
2589000,0.009578836150467396,5.546008110046387,5.612077236175537,0.22874051332473755,1.0,0.32035523653030396,0.09999999999999998,20000,3614.3294858932495
2590000,0.008675893768668175,5.537997722625732,5.481707572937012,0.2370036542415619,1.0,0.34794020652770996,0.09999999999999998,20000,3620.426391839981
2591000,0.0027733510360121727,5.4691901206970215,5.495168685913086,0.2187170386314392,1.0,0.12367577105760574,0.09999999999999998,20000,3626.4808688163757
2592000,0.0034477203153073788,5.432843208312988,5.3407793045043945,0.21577998995780945,1.0,0.22444310784339905,0.09999999999999998,20000,3632.445140838623
2593000,0.012572450563311577,5.733678340911865,5.46171760559082,0.4104262888431549,1.0,0.29480788111686707,0.09999999999999998,20000,3638.206212759018
2594000,0.008697349578142166,5.220860958099365,5.4675703048706055,0.4237445592880249,1.0,0.13771402835845947,0.09999999999999998,20000,3644.328365802765
2595000,0.005870728753507137,5.387472152709961,5.383155822753906,0.1765367090702057,1.0,0.2906126081943512,0.09999999999999998,20000,3650.3754518032074
2596000,0.005870781373232603,5.452031135559082,5.361978054046631,0.22959187626838684,1.0,0.23551040887832642,0.09999999999999998,20000,3656.2909138202667
2597000,0.00496295839548111,5.025691509246826,4.980090141296387,0.26908546686172485,1.0,0.1517767757177353,0.09999999999999998,20000,3662.4232358932495
2598000,0.023429440334439278,5.550136089324951,5.611945629119873,0.40611541271209717,1.0,0.37676453590393066,0.09999999999999998,20000,3668.43563079834
2599000,0.012426272965967655,5.593626976013184,5.71065616607666,0.3126053810119629,1.0,0.28813034296035767,0.09999999999999998,20000,3674.591152906418
2600000,0.015713073313236237,5.457189083099365,5.382913589477539,0.27996206283569336,1.0,0.4196162223815918,0.09999999999999998,20000,3681.6527128219604
2601000,0.011234104633331299,5.836808204650879,5.870052814483643,0.22005748748779297,1.0,0.3100503087043762,0.09999999999999998,20000,3694.1347558498383
2602000,0.0057427952997386456,5.244977951049805,5.157291412353516,0.2594791054725647,1.0,0.1384342759847641,0.09999999999999998,20000,3700.0737516880035
2603000,0.00671408511698246,5.883819103240967,5.984773635864258,0.2037549465894699,1.0,0.26381510496139526,0.09999999999999998,20000,3705.9353239536285
2604000,0.015590934082865715,5.767547607421875,5.765564918518066,0.3162882924079895,1.0,0.36836838722229004,0.09999999999999998,20000,3711.853794813156
2605000,0.014273122884333134,5.928394317626953,6.166356086730957,0.3754710555076599,1.0,0.2670592963695526,0.09999999999999998,20000,3717.8487277030945
2606000,0.005229745991528034,5.506002426147461,5.484877586364746,0.18987326323986053,1.0,0.319776713848114,0.09999999999999998,20000,3723.960986852646
2607000,0.003405242459848523,5.708690643310547,5.748697280883789,0.19475781917572021,1.0,0.22201044857501984,0.09999999999999998,20000,3729.9567239284515
2608000,0.00276933703571558,6.016846656799316,6.029812335968018,0.21013081073760986,1.0,0.1581646203994751,0.09999999999999998,20000,3736.104250907898
2609000,0.015914686024188995,5.252528667449951,5.139265060424805,0.40674182772636414,1.0,0.3068394064903259,0.09999999999999998,20000,3742.276573896408
2610000,0.003734444733709097,5.528389930725098,5.567278861999512,0.23308445513248444,1.0,0.18315692245960236,0.09999999999999998,20000,3748.3204538822174
2611000,0.020658070221543312,5.4797821044921875,5.396812915802002,0.4319537281990051,1.0,0.3365735709667206,0.09999999999999998,20000,3754.833648920059
2612000,0.006094010546803474,5.347089767456055,5.3067474365234375,0.304472416639328,1.0,0.15976744890213013,0.09999999999999998,20000,3761.2540497779846
2613000,0.010958070866763592,5.288520812988281,5.290605545043945,0.19593054056167603,1.0,0.38620901107788086,0.09999999999999998,20000,3767.381079673767
2614000,0.016844123601913452,5.885309219360352,5.963633060455322,0.2943652272224426,1.0,0.3756934106349945,0.09999999999999998,20000,3773.4401779174805
2615000,0.016438182443380356,4.983177185058594,4.934112548828125,0.3478989601135254,1.0,0.30940598249435425,0.09999999999999998,20000,3779.4593617916107
2616000,0.007618550211191177,5.364892959594727,5.443765640258789,0.2987038195133209,1.0,0.22474083304405212,0.09999999999999998,20000,3785.3837287425995
2617000,0.011807478033006191,5.2958784103393555,5.387367248535156,0.23423521220684052,1.0,0.37853437662124634,0.09999999999999998,20000,3791.3514058589935
2618000,0.027948621660470963,5.7919087409973145,5.764433860778809,0.33776962757110596,1.0,0.4572558104991913,0.09999999999999998,20000,3797.386734724045
2619000,0.021616807207465172,4.989272117614746,5.04871940612793,0.3767908215522766,1.0,0.33407795429229736,0.09999999999999998,20000,3803.4312217235565
2620000,0.006974668242037296,5.16127347946167,5.262394428253174,0.23719799518585205,1.0,0.2782045006752014,0.09999999999999998,20000,3809.5671780109406
2621000,0.020307719707489014,5.603734493255615,5.754080295562744,0.4577467441558838,1.0,0.2668570280075073,0.09999999999999998,20000,3815.593603849411
2622000,0.010570189915597439,5.818327903747559,5.755398750305176,0.2639818787574768,1.0,0.30064454674720764,0.09999999999999998,20000,3822.102971792221
2623000,0.008333753794431686,5.580596446990967,5.50224494934082,0.32070350646972656,1.0,0.207444429397583,0.09999999999999998,20000,3828.1175990104675
2624000,0.006015079095959663,5.418654441833496,5.5267157554626465,0.34524041414260864,1.0,0.15764589607715607,0.09999999999999998,20000,3834.171677827835
2625000,0.0019713740330189466,4.5568647384643555,4.500542640686035,0.2987070679664612,1.0,0.06487924605607986,0.09999999999999998,20000,3840.289832830429
2626000,0.017805399373173714,5.228135108947754,5.16524076461792,0.3364918828010559,1.0,0.39424949884414673,0.09999999999999998,20000,3846.4121086597443
2627000,0.012445658445358276,5.193239212036133,5.288459777832031,0.3030432164669037,1.0,0.3190654516220093,0.09999999999999998,20000,3852.534132003784
2628000,0.008059592917561531,5.398271560668945,5.3430657386779785,0.35526350140571594,1.0,0.16554944217205048,0.09999999999999998,20000,3858.4513449668884
2629000,0.01025751419365406,5.171509742736816,5.177081108093262,0.2720508277416229,1.0,0.264192134141922,0.09999999999999998,20000,3864.3635897636414
2630000,0.003146496368572116,5.768658638000488,5.736173629760742,0.20389169454574585,1.0,0.19771893322467804,0.09999999999999998,20000,3870.196695804596
2631000,0.008816090412437916,5.0358428955078125,5.113636493682861,0.2057756930589676,1.0,0.36761781573295593,0.09999999999999998,20000,3876.4546456336975
2632000,0.013424386270344257,5.265886306762695,5.333101272583008,0.26484793424606323,1.0,0.3790097236633301,0.09999999999999998,20000,3882.4136357307434
2633000,0.0040914639830589294,5.384034156799316,5.437287330627441,0.20681609213352203,1.0,0.13940832018852234,0.09999999999999998,20000,3888.4096310138702
2634000,0.012331932783126831,5.2341084480285645,5.112948894500732,0.39356479048728943,1.0,0.2342204451560974,0.09999999999999998,20000,3894.518579006195
2635000,0.04134465008974075,4.646442413330078,4.871838569641113,0.4984009861946106,1.0,0.3846299350261688,0.09999999999999998,20000,3900.5891778469086
2636000,0.012069366872310638,5.335918426513672,5.424732208251953,0.35604244470596313,1.0,0.2786653935909271,0.09999999999999998,20000,3906.665120601654
2637000,0.00884258933365345,5.387782096862793,5.3593645095825195,0.31203192472457886,1.0,0.20977337658405304,0.09999999999999998,20000,3912.8031046390533
2638000,0.008312702178955078,5.186931133270264,5.181567192077637,0.27547210454940796,1.0,0.27745652198791504,0.09999999999999998,20000,3918.9394857883453
2639000,0.013294106349349022,4.822337627410889,4.783706188201904,0.28566282987594604,1.0,0.3254231810569763,0.09999999999999998,20000,3925.0720348358154
2640000,0.014984591864049435,5.03812837600708,4.884718418121338,0.41361650824546814,1.0,0.3094106912612915,0.09999999999999998,20000,3931.219992876053
2641000,0.014737719669938087,5.497572898864746,5.616943359375,0.36867573857307434,1.0,0.248498797416687,0.09999999999999998,20000,3937.1899828910828
2642000,0.00868818536400795,4.452829837799072,4.418425559997559,0.2738454043865204,1.0,0.24745804071426392,0.09999999999999998,20000,3943.071753025055
2643000,0.0058422815054655075,5.434685707092285,5.573946952819824,0.27051079273223877,1.0,0.17305153608322144,0.09999999999999998,20000,3948.9195415973663
2644000,0.009586906991899014,4.858681678771973,4.792281150817871,0.3834599256515503,1.0,0.20957787334918976,0.09999999999999998,20000,3955.035254716873
2645000,0.005738661624491215,5.120041847229004,5.130224227905273,0.19439351558685303,1.0,0.29125797748565674,0.09999999999999998,20000,3961.208902835846
2646000,0.004746722523123026,6.140740394592285,6.065256118774414,0.29176050424575806,1.0,0.1297486424446106,0.09999999999999998,20000,3967.183363676071
2647000,0.007040277123451233,4.759732246398926,4.8583807945251465,0.29930537939071655,1.0,0.20049336552619934,0.09999999999999998,20000,3973.3490068912506
2648000,0.005091366358101368,5.370497703552246,5.310579299926758,0.24214714765548706,1.0,0.22792622447013855,0.09999999999999998,20000,3979.4128477573395
2649000,0.003166943322867155,5.312205791473389,5.271636962890625,0.18292829394340515,1.0,0.20400822162628174,0.09999999999999998,20000,3985.452824831009
2650000,0.004850884433835745,5.3697919845581055,5.541652202606201,0.4036191403865814,1.0,0.11709429323673248,0.09999999999999998,20000,3991.6943349838257
2651000,0.009930342435836792,5.833894729614258,5.639143943786621,0.3073440194129944,1.0,0.20059135556221008,0.09999999999999998,20000,4004.4060628414154
2652000,0.012228259816765785,5.044621467590332,5.1361188888549805,0.3660799264907837,1.0,0.332536518573761,0.09999999999999998,20000,4010.2508358955383
2653000,0.02831367403268814,5.74760627746582,5.761754035949707,0.34773170948028564,1.0,0.46080446243286133,0.09999999999999998,20000,4016.0528116226196
2654000,0.0031263292767107487,5.208159446716309,5.319943428039551,0.21806035935878754,1.0,0.14692199230194092,0.09999999999999998,20000,4021.999209880829
2655000,0.010000167414546013,5.996356010437012,6.049086570739746,0.31780070066452026,1.0,0.2088334560394287,0.09999999999999998,20000,4027.782129764557
2656000,0.012090658769011497,5.145958423614502,5.170313835144043,0.33191561698913574,1.0,0.23824238777160645,0.09999999999999998,20000,4033.896646976471
2657000,0.012291423976421356,5.48464822769165,5.454983711242676,0.35192254185676575,1.0,0.27242422103881836,0.09999999999999998,20000,4040.1322939395905
2658000,0.01507338136434555,5.29286003112793,5.141164779663086,0.32952243089675903,1.0,0.288498193025589,0.09999999999999998,20000,4046.189460992813
2659000,0.007052690256386995,5.620877265930176,5.651932716369629,0.2423679381608963,1.0,0.2824805676937103,0.09999999999999998,20000,4052.3649158477783
2660000,0.014219548553228378,5.829707145690918,5.923749923706055,0.2610391080379486,1.0,0.3990100026130676,0.09999999999999998,20000,4058.2926547527313
2661000,0.004807895515114069,4.835163116455078,4.94874906539917,0.3351164758205414,1.0,0.13234487175941467,0.09999999999999998,20000,4064.7215349674225
2662000,0.005225859582424164,5.713783264160156,5.662076950073242,0.26951682567596436,1.0,0.20408597588539124,0.09999999999999998,20000,4070.8543078899384
2663000,0.021947352215647697,5.504281997680664,5.5864973068237305,0.4582194685935974,1.0,0.2710837125778198,0.09999999999999998,20000,4077.036628961563
2664000,0.014498542994260788,5.604110240936279,5.7971954345703125,0.33310720324516296,1.0,0.31611835956573486,0.09999999999999998,20000,4083.2231888771057
2665000,0.0037339385598897934,5.3456573486328125,5.352056503295898,0.32476872205734253,1.0,0.07745984941720963,0.09999999999999998,20000,4089.376749753952
2666000,0.003939272835850716,5.0610880851745605,5.068426132202148,0.2306879311800003,1.0,0.16398480534553528,0.09999999999999998,20000,4095.365019798279
2667000,0.010788018815219402,5.010900020599365,5.102011203765869,0.3658422827720642,1.0,0.2147141396999359,0.09999999999999998,20000,4101.378008842468
2668000,0.007091999053955078,5.433006763458252,5.334392547607422,0.22826969623565674,1.0,0.22274690866470337,0.09999999999999998,20000,4108.465077638626
2669000,0.018673256039619446,5.308671951293945,5.499415874481201,0.3798863887786865,1.0,0.3123626112937927,0.09999999999999998,20000,4115.71337389946
2670000,0.011172683909535408,4.558480739593506,4.656017303466797,0.34307751059532166,1.0,0.21702617406845093,0.09999999999999998,20000,4122.570312976837
2671000,0.02031131274998188,4.840354919433594,4.796174049377441,0.3544916808605194,1.0,0.3764588236808777,0.09999999999999998,20000,4128.774005651474
2672000,0.004827634897083044,4.9999589920043945,5.072854518890381,0.26162785291671753,1.0,0.1769670993089676,0.09999999999999998,20000,4135.031231880188
2673000,0.014327121898531914,5.273901462554932,5.124899864196777,0.2931591272354126,1.0,0.35319116711616516,0.09999999999999998,20000,4141.271248817444
2674000,0.006936613004654646,5.511767864227295,5.528947353363037,0.34244614839553833,1.0,0.15831926465034485,0.09999999999999998,20000,4147.664590835571
2675000,0.004615460988134146,5.235599040985107,5.157907009124756,0.15387150645256042,1.0,0.3729745149612427,0.09999999999999998,20000,4153.800477981567
2676000,0.00774548202753067,5.774474143981934,5.724839210510254,0.26371681690216064,1.0,0.22759857773780823,0.09999999999999998,20000,4159.816102981567
2677000,0.010054735466837883,5.389103889465332,5.371302604675293,0.2253182828426361,1.0,0.364755243062973,0.09999999999999998,20000,4166.0797917842865
2678000,0.0038061756640672684,5.3413543701171875,5.247805595397949,0.2806853950023651,1.0,0.115360789000988,0.09999999999999998,20000,4172.199882984161
2679000,0.004560127388685942,5.8287811279296875,5.837124824523926,0.20600880682468414,1.0,0.23160749673843384,0.09999999999999998,20000,4177.994423866272
2680000,0.009415991604328156,5.495081901550293,5.536100387573242,0.27543148398399353,1.0,0.29814398288726807,0.09999999999999998,20000,4183.7644329071045
2681000,0.005690679885447025,5.3294596672058105,5.263507843017578,0.27142032980918884,1.0,0.15948191285133362,0.09999999999999998,20000,4189.7481689453125
2682000,0.0073609380051493645,5.812412738800049,6.012644290924072,0.333484947681427,1.0,0.1771332323551178,0.09999999999999998,20000,4195.790879011154
2683000,0.003385472111403942,5.385528564453125,5.354460716247559,0.24033577740192413,1.0,0.11749705672264099,0.09999999999999998,20000,4201.905202865601
2684000,0.015699224546551704,4.849514007568359,4.618962287902832,0.3045653700828552,1.0,0.3321261703968048,0.09999999999999998,20000,4208.041030883789
2685000,0.015519675798714161,5.518779754638672,5.425276756286621,0.2936929762363434,1.0,0.33066436648368835,0.09999999999999998,20000,4214.296013832092
2686000,0.01207701489329338,5.589212417602539,5.819432735443115,0.311869353055954,1.0,0.3223598599433899,0.09999999999999998,20000,4220.263287782669
2687000,0.024909712374210358,5.556757926940918,5.386590480804443,0.3501487970352173,1.0,0.4242211580276489,0.09999999999999998,20000,4226.160455942154
2688000,0.012113641947507858,5.010809421539307,5.037322044372559,0.2616218030452728,1.0,0.3127484917640686,0.09999999999999998,20000,4232.3692927360535
2689000,0.007786713074892759,5.471155166625977,5.474531173706055,0.3102189302444458,1.0,0.22805923223495483,0.09999999999999998,20000,4238.453122854233
2690000,0.00440035667270422,5.822072982788086,5.899604320526123,0.27250176668167114,1.0,0.181041419506073,0.09999999999999998,20000,4244.478408813477
2691000,0.013877335004508495,4.810791015625,4.726078033447266,0.35269835591316223,1.0,0.25746670365333557,0.09999999999999998,20000,4250.625675678253
2692000,0.006134681403636932,5.200486183166504,5.194322109222412,0.25296682119369507,1.0,0.2386752814054489,0.09999999999999998,20000,4256.4226949214935
2693000,0.017078597098588943,5.274909019470215,5.448366641998291,0.3216906487941742,1.0,0.34351393580436707,0.09999999999999998,20000,4261.964828968048
2694000,0.003662459086626768,4.880730628967285,4.805164337158203,0.24034371972084045,1.0,0.1738705188035965,0.09999999999999998,20000,4267.677403926849
2695000,0.009194457903504372,5.491668701171875,5.391634941101074,0.411492258310318,1.0,0.1590380221605301,0.09999999999999998,20000,4273.115536928177
2696000,0.004407582804560661,4.804356575012207,4.855358600616455,0.36251863837242126,1.0,0.09958705306053162,0.09999999999999998,20000,4279.303161859512
2697000,0.008881136775016785,5.662716388702393,5.728550910949707,0.35835111141204834,1.0,0.16884055733680725,0.09999999999999998,20000,4284.673356771469
2698000,0.016871141269803047,5.226663589477539,5.29252815246582,0.2821956276893616,1.0,0.4022532105445862,0.09999999999999998,20000,4290.4207928180695
2699000,0.0031141259241849184,5.507178783416748,5.486800670623779,0.18413116037845612,1.0,0.20826607942581177,0.09999999999999998,20000,4295.962532758713
2700000,0.006018398329615593,5.228481292724609,5.253249645233154,0.21425485610961914,1.0,0.27893880009651184,0.09999999999999998,20000,4301.462402820587
2701000,0.004359710030257702,5.847576141357422,5.871179580688477,0.21423305571079254,1.0,0.16583816707134247,0.09999999999999998,20000,4314.104748725891
2702000,0.007880719378590584,5.635364532470703,5.600730895996094,0.2575806975364685,1.0,0.21170073747634888,0.09999999999999998,20000,4319.8357446193695
2703000,0.009930668398737907,5.318703651428223,5.3850178718566895,0.35165074467658997,1.0,0.23111560940742493,0.09999999999999998,20000,4326.255639791489
2704000,0.005688541568815708,5.930614471435547,5.917203903198242,0.2486637532711029,1.0,0.22146394848823547,0.09999999999999998,20000,4332.05437874794
2705000,0.011610258370637894,5.696660041809082,5.692633628845215,0.31537356972694397,1.0,0.2890099287033081,0.09999999999999998,20000,4338.091920852661
2706000,0.010164584964513779,5.153491973876953,5.011655330657959,0.31999826431274414,1.0,0.2847416400909424,0.09999999999999998,20000,4344.175501823425
2707000,0.012537462636828423,5.067246913909912,4.942037105560303,0.33494600653648376,1.0,0.3021182715892792,0.09999999999999998,20000,4350.405518770218
2708000,0.016375500708818436,5.150327205657959,5.214770317077637,0.3904692530632019,1.0,0.2896878123283386,0.09999999999999998,20000,4356.50652384758
2709000,0.007867575623095036,5.479567050933838,5.533679008483887,0.274708092212677,1.0,0.22155360877513885,0.09999999999999998,20000,4362.562919855118
2710000,0.0016603386029601097,4.862651824951172,4.809764385223389,0.2525537610054016,1.0,0.09670530259609222,0.09999999999999998,20000,4368.779757738113
2711000,0.007883632555603981,5.4654645919799805,5.405668258666992,0.227830708026886,1.0,0.25823235511779785,0.09999999999999998,20000,4374.875139713287
2712000,0.010999399237334728,5.880411148071289,5.9823198318481445,0.2893202006816864,1.0,0.34010791778564453,0.09999999999999998,20000,4381.083817958832
2713000,0.013238918036222458,5.808108329772949,5.907281875610352,0.4191221296787262,1.0,0.22408533096313477,0.09999999999999998,20000,4387.09707069397
2714000,0.015391910448670387,5.137391567230225,5.2012786865234375,0.26377466320991516,1.0,0.38503557443618774,0.09999999999999998,20000,4392.896134853363
2715000,0.004139037802815437,4.966124057769775,4.945064067840576,0.19887486100196838,1.0,0.23716410994529724,0.09999999999999998,20000,4398.7486708164215
2716000,0.005141277331858873,5.162403583526611,5.1051530838012695,0.16500209271907806,1.0,0.3111003339290619,0.09999999999999998,20000,4404.962687015533
2717000,0.004048215225338936,5.812867164611816,5.810468673706055,0.15983888506889343,1.0,0.25545626878738403,0.09999999999999998,20000,4411.0975177288055
2718000,0.0030608412344008684,5.550014495849609,5.574336051940918,0.21888995170593262,1.0,0.15866610407829285,0.09999999999999998,20000,4417.115852832794
2719000,0.009393133223056793,4.724305152893066,4.705491542816162,0.2831155061721802,1.0,0.2989121079444885,0.09999999999999998,20000,4423.0537967681885
2720000,0.019198913127183914,5.410736083984375,5.554224967956543,0.2553774416446686,1.0,0.5549817085266113,0.09999999999999998,20000,4429.201132774353
2721000,0.005532332696020603,4.766873836517334,4.760062217712402,0.32498568296432495,1.0,0.16775909066200256,0.09999999999999998,20000,4435.332342624664
2722000,0.008704068139195442,4.751285552978516,4.8393707275390625,0.38073232769966125,1.0,0.17446638643741608,0.09999999999999998,20000,4441.326769828796
2723000,0.01603335328400135,5.2705230712890625,5.238718509674072,0.2951495051383972,1.0,0.3993973731994629,0.09999999999999998,20000,4447.451808691025
2724000,0.009364433586597443,5.203708648681641,5.345433235168457,0.2884339690208435,1.0,0.2979372441768646,0.09999999999999998,20000,4453.635995864868
2725000,0.007630353327840567,4.891411781311035,5.049843788146973,0.29846084117889404,1.0,0.20232126116752625,0.09999999999999998,20000,4459.880792856216
2726000,0.008204013109207153,5.292328834533691,5.20786190032959,0.2575699985027313,1.0,0.3108251392841339,0.09999999999999998,20000,4465.75389289856
2727000,0.005836478900164366,4.909361362457275,4.939659595489502,0.260675311088562,1.0,0.23242729902267456,0.09999999999999998,20000,4471.487323760986
2728000,0.00809883326292038,4.748661994934082,4.72060489654541,0.28880661725997925,1.0,0.2167394459247589,0.09999999999999998,20000,4477.370140790939
2729000,0.0018477323465049267,5.343204975128174,5.3275299072265625,0.18863072991371155,1.0,0.1255868673324585,0.09999999999999998,20000,4483.461893796921
2730000,0.00546952523291111,4.874947547912598,4.898890018463135,0.2663666009902954,1.0,0.16480430960655212,0.09999999999999998,20000,4489.634817838669
2731000,0.01563079096376896,5.137602806091309,5.210091590881348,0.27730220556259155,1.0,0.40197277069091797,0.09999999999999998,20000,4495.685652017593
2732000,0.011340002529323101,5.163514137268066,5.12400484085083,0.30900683999061584,1.0,0.22614601254463196,0.09999999999999998,20000,4501.672682762146
2733000,0.015166647732257843,5.290318489074707,5.413521766662598,0.34644389152526855,1.0,0.29989033937454224,0.09999999999999998,20000,4507.684642791748
2734000,0.010815512388944626,4.827026844024658,4.890225887298584,0.32492879033088684,1.0,0.25796717405319214,0.09999999999999998,20000,4514.028261899948
2735000,0.006574792321771383,5.2880635261535645,5.23527193069458,0.20109161734580994,1.0,0.27449411153793335,0.09999999999999998,20000,4520.0532557964325
2736000,0.004436515271663666,4.597129821777344,4.49537467956543,0.17348895967006683,1.0,0.27509164810180664,0.09999999999999998,20000,4526.07728266716
2737000,0.017342690378427505,4.644309997558594,4.565396308898926,0.4579959809780121,1.0,0.24103513360023499,0.09999999999999998,20000,4532.316017866135
2738000,0.01282617636024952,4.773090362548828,4.89626932144165,0.29507240653038025,1.0,0.29991456866264343,0.09999999999999998,20000,4538.651875734329
2739000,0.0061012133955955505,5.510606288909912,5.459643840789795,0.21485614776611328,1.0,0.23495709896087646,0.09999999999999998,20000,4544.580986738205
2740000,0.007677905261516571,4.677638053894043,4.654309272766113,0.2702726125717163,1.0,0.25368624925613403,0.09999999999999998,20000,4550.359405755997
2741000,0.016388963907957077,4.876138687133789,5.011684894561768,0.29009997844696045,1.0,0.25376570224761963,0.09999999999999998,20000,4556.150680780411
2742000,0.004702424630522728,5.518117904663086,5.504358291625977,0.22831991314888,1.0,0.18091437220573425,0.09999999999999998,20000,4562.491964817047
2743000,0.008964775130152702,5.331225395202637,5.543606758117676,0.32377174496650696,1.0,0.21307644248008728,0.09999999999999998,20000,4568.737419843674
2744000,0.007752270437777042,5.221976280212402,5.238950729370117,0.22947907447814941,1.0,0.27579501271247864,0.09999999999999998,20000,4574.669251680374
2745000,0.007702037692070007,4.737431049346924,4.711631774902344,0.22194737195968628,1.0,0.2742846608161926,0.09999999999999998,20000,4580.761003732681
2746000,0.007315963972359896,5.048648834228516,5.0114593505859375,0.2557884454727173,1.0,0.23813343048095703,0.09999999999999998,20000,4587.029935836792
2747000,0.006199703551828861,4.702394485473633,4.709466934204102,0.26232749223709106,1.0,0.20626845955848694,0.09999999999999998,20000,4593.3089599609375
2748000,0.007814383134245872,5.240508079528809,5.274392127990723,0.20746861398220062,1.0,0.3679155707359314,0.09999999999999998,20000,4599.260489940643
2749000,0.004861657973378897,5.518187046051025,5.521873474121094,0.23312662541866302,1.0,0.21652814745903015,0.09999999999999998,20000,4605.4411108493805
2750000,0.009181802161037922,5.324295997619629,5.324196815490723,0.26433247327804565,1.0,0.23930636048316956,0.09999999999999998,20000,4611.595833778381
2751000,0.008375154808163643,5.056645393371582,5.091276168823242,0.3531164228916168,1.0,0.15152990818023682,0.09999999999999998,20000,4623.6609988212585
2752000,0.013235221616923809,5.138003349304199,5.254570960998535,0.42393967509269714,1.0,0.20057882368564606,0.09999999999999998,20000,4629.477724790573
2753000,0.009181526489555836,4.766615867614746,4.86614990234375,0.3368576169013977,1.0,0.17882582545280457,0.09999999999999998,20000,4635.497644662857
2754000,0.0041063204407691956,5.380833625793457,5.288163661956787,0.19412201642990112,1.0,0.19526368379592896,0.09999999999999998,20000,4641.418794631958
2755000,0.011052415706217289,4.951242446899414,5.008249759674072,0.31025999784469604,1.0,0.2700664699077606,0.09999999999999998,20000,4647.282005786896
2756000,0.002315626945346594,5.834214687347412,5.869460582733154,0.23370760679244995,1.0,0.12281282246112823,0.09999999999999998,20000,4653.330870628357
2757000,0.010218562558293343,4.868536949157715,4.919250011444092,0.31245797872543335,1.0,0.260104775428772,0.09999999999999998,20000,4659.448779821396
2758000,0.007154316641390324,5.528438568115234,5.483809471130371,0.3022799789905548,1.0,0.2135758101940155,0.09999999999999998,20000,4665.435050725937
2759000,0.009556437842547894,4.967665672302246,4.950424671173096,0.30667996406555176,1.0,0.26086074113845825,0.09999999999999998,20000,4671.523637056351
2760000,0.00819870550185442,5.6775736808776855,5.839601516723633,0.3437216281890869,1.0,0.17752614617347717,0.09999999999999998,20000,4677.741437911987
2761000,0.012388600036501884,4.8045549392700195,4.929693222045898,0.3886335492134094,1.0,0.20851826667785645,0.09999999999999998,20000,4683.872364759445
2762000,0.019344493746757507,5.716093063354492,5.542303562164307,0.355374813079834,1.0,0.33702629804611206,0.09999999999999998,20000,4689.930578947067
2763000,0.022718477994203568,5.945043563842773,6.190432548522949,0.3893303871154785,1.0,0.39782899618148804,0.09999999999999998,20000,4696.02414894104
2764000,0.006836947984993458,5.056196212768555,5.240579605102539,0.29507535696029663,1.0,0.18040227890014648,0.09999999999999998,20000,4701.935328722
2765000,0.009233474731445312,4.949062347412109,4.944681167602539,0.24137739837169647,1.0,0.3178442716598511,0.09999999999999998,20000,4707.783500671387
2766000,0.004796619061380625,5.055178642272949,4.991966247558594,0.18655654788017273,1.0,0.2969658374786377,0.09999999999999998,20000,4713.87713098526
2767000,0.01373935118317604,5.082699775695801,5.198154449462891,0.358802855014801,1.0,0.23938938975334167,0.09999999999999998,20000,4719.759716749191
2768000,0.004402210935950279,5.241990089416504,5.328012943267822,0.2523556351661682,1.0,0.1659630537033081,0.09999999999999998,20000,4725.959141731262
2769000,0.007442580536007881,5.3822102546691895,5.415491104125977,0.23692893981933594,1.0,0.28758567571640015,0.09999999999999998,20000,4732.109580755234
2770000,0.010628607124090195,4.699906349182129,4.745741367340088,0.26935094594955444,1.0,0.3033181428909302,0.09999999999999998,20000,4738.0933158397675
2771000,0.016628913581371307,5.356912612915039,5.239620208740234,0.2930549085140228,1.0,0.3778989911079407,0.09999999999999998,20000,4744.197556018829
2772000,0.010682424530386925,5.103889465332031,5.241261005401611,0.2918809950351715,1.0,0.2636129856109619,0.09999999999999998,20000,4750.162693738937
2773000,0.005558573640882969,5.032041072845459,5.01430606842041,0.21854501962661743,1.0,0.22060507535934448,0.09999999999999998,20000,4756.536666870117
2774000,0.011576304212212563,4.7336931228637695,4.728018760681152,0.2591378688812256,1.0,0.42000752687454224,0.09999999999999998,20000,4762.4374079704285
2775000,0.009063305333256721,4.8382062911987305,4.979907035827637,0.3144438564777374,1.0,0.267374187707901,0.09999999999999998,20000,4768.58421087265
2776000,0.0071520255878567696,5.530270576477051,5.597881317138672,0.19389629364013672,1.0,0.30803966522216797,0.09999999999999998,20000,4774.660990953445
2777000,0.004490054212510586,5.4086995124816895,5.309301376342773,0.17776218056678772,1.0,0.28398147225379944,0.09999999999999998,20000,4780.527140855789
2778000,0.006463909987360239,4.672506332397461,4.712182998657227,0.21773922443389893,1.0,0.3047485947608948,0.09999999999999998,20000,4786.471993923187
2779000,0.0013381445314735174,5.130522727966309,5.160677433013916,0.1901327222585678,1.0,0.07839332520961761,0.09999999999999998,20000,4792.652546882629
2780000,0.012506996281445026,5.023201942443848,5.078336238861084,0.2748452425003052,1.0,0.35550469160079956,0.09999999999999998,20000,4798.83131980896
2781000,0.008984388783574104,5.082924842834473,5.073642730712891,0.28087666630744934,1.0,0.26416337490081787,0.09999999999999998,20000,4804.856106042862
2782000,0.0030433437786996365,5.356616973876953,5.218025207519531,0.2669824957847595,1.0,0.14167627692222595,0.09999999999999998,20000,4811.027178764343
2783000,0.004546135663986206,5.333187103271484,5.310995578765869,0.17642052471637726,1.0,0.2165268361568451,0.09999999999999998,20000,4817.242556810379
2784000,0.005844201892614365,5.617437839508057,5.539935111999512,0.21972988545894623,1.0,0.2599009573459625,0.09999999999999998,20000,4823.227455854416
2785000,0.012876677326858044,5.776179313659668,5.878484725952148,0.2537497282028198,1.0,0.3565364480018616,0.09999999999999998,20000,4829.478525876999
2786000,0.009544475004076958,5.128958702087402,5.078404426574707,0.2099015712738037,1.0,0.39323627948760986,0.09999999999999998,20000,4835.75848197937
2787000,0.011396083980798721,5.459436416625977,5.371828079223633,0.19358128309249878,1.0,0.47963857650756836,0.09999999999999998,20000,4841.862962961197
2788000,0.003208198118954897,4.810861587524414,4.838037967681885,0.1706484854221344,1.0,0.18167850375175476,0.09999999999999998,20000,4847.889837741852
2789000,0.026417355984449387,5.266368865966797,5.241969108581543,0.3783275783061981,1.0,0.3951578736305237,0.09999999999999998,20000,4853.771391868591
2790000,0.005107010714709759,5.492402076721191,5.480437755584717,0.2519388198852539,1.0,0.20638099312782288,0.09999999999999998,20000,4859.620939016342
2791000,0.007436621934175491,5.801234245300293,5.827184200286865,0.2568258047103882,1.0,0.27400439977645874,0.09999999999999998,20000,4865.453132867813
2792000,0.019427388906478882,5.007869720458984,5.113040924072266,0.4684741497039795,1.0,0.2638755440711975,0.09999999999999998,20000,4871.619034767151
2793000,0.0025266329757869244,5.173909664154053,5.149366855621338,0.2759566009044647,1.0,0.08830365538597107,0.09999999999999998,20000,4878.737811803818
2794000,0.008227734826505184,5.335640907287598,5.348498821258545,0.23006200790405273,1.0,0.28837618231773376,0.09999999999999998,20000,4885.094302892685
2795000,0.0067839547991752625,5.8583574295043945,6.053961753845215,0.40146732330322266,1.0,0.1381339430809021,0.09999999999999998,20000,4891.266304731369
2796000,0.015383516438305378,5.623335838317871,5.724835395812988,0.3014942705631256,1.0,0.3287321925163269,0.09999999999999998,20000,4897.353417873383
2797000,0.006196906790137291,5.316842555999756,5.3394670486450195,0.3391530215740204,1.0,0.18157240748405457,0.09999999999999998,20000,4903.448861837387
2798000,0.001840541372075677,5.475714683532715,5.497555255889893,0.18516308069229126,1.0,0.12095026671886444,0.09999999999999998,20000,4909.470857858658
2799000,0.009480497799813747,5.72004508972168,5.773091793060303,0.23505167663097382,1.0,0.34189561009407043,0.09999999999999998,20000,4915.688280820847
2800000,0.015548224560916424,4.759532451629639,4.875069618225098,0.31343185901641846,1.0,0.378681480884552,0.09999999999999998,20000,4921.80747294426
2801000,0.01962863653898239,4.849501132965088,4.955463409423828,0.381651908159256,1.0,0.32608455419540405,0.09999999999999998,20000,4933.622280836105
2802000,0.0037132371217012405,5.616660118103027,5.6100053787231445,0.21944457292556763,1.0,0.16833990812301636,0.09999999999999998,20000,4939.551227807999
2803000,0.008729808032512665,5.074917793273926,5.08588981628418,0.37964022159576416,1.0,0.1697816252708435,0.09999999999999998,20000,4945.449956893921
2804000,0.005728281103074551,5.625561714172363,5.654707908630371,0.4056251049041748,1.0,0.13680987060070038,0.09999999999999998,20000,4951.352656841278
2805000,0.011388422921299934,5.80706262588501,5.7897443771362305,0.38041824102401733,1.0,0.23845013976097107,0.09999999999999998,20000,4957.945209741592
2806000,0.012219961732625961,5.33536958694458,5.269433975219727,0.29911595582962036,1.0,0.2930451035499573,0.09999999999999998,20000,4964.214114665985
2807000,0.008215978741645813,5.553077697753906,5.706245422363281,0.3000643849372864,1.0,0.22325512766838074,0.09999999999999998,20000,4970.297499895096
2808000,0.006874656304717064,5.378629684448242,5.41048526763916,0.1885896921157837,1.0,0.3674343526363373,0.09999999999999998,20000,4976.320266962051
2809000,0.008928431198000908,4.898090362548828,4.875514507293701,0.40430134534835815,1.0,0.1621260941028595,0.09999999999999998,20000,4982.390425920486
2810000,0.005745296832174063,5.032411575317383,5.003661155700684,0.26859670877456665,1.0,0.2270134836435318,0.09999999999999998,20000,4988.650355815887
2811000,0.005327284336090088,5.537773132324219,5.542304039001465,0.23141127824783325,1.0,0.18946048617362976,0.09999999999999998,20000,4994.913130044937
2812000,0.008300699293613434,5.584384918212891,5.528817176818848,0.23188629746437073,1.0,0.27074068784713745,0.09999999999999998,20000,5000.981100797653
2813000,0.009481149725615978,4.826040267944336,4.889498710632324,0.2895703911781311,1.0,0.2904011607170105,0.09999999999999998,20000,5007.057788848877
2814000,0.008208150044083595,4.612790107727051,4.702118873596191,0.2859988212585449,1.0,0.2736782133579254,0.09999999999999998,20000,5012.933731794357
2815000,0.00697359349578619,5.781386852264404,5.703215599060059,0.3536040484905243,1.0,0.16712963581085205,0.09999999999999998,20000,5018.84941983223
2816000,0.010207945480942726,5.550595283508301,5.464688301086426,0.23974651098251343,1.0,0.3502216935157776,0.09999999999999998,20000,5024.992126941681
2817000,0.013034612871706486,5.11329984664917,5.086969375610352,0.32129567861557007,1.0,0.32773420214653015,0.09999999999999998,20000,5031.10782790184
2818000,0.00281738443300128,5.112211227416992,5.077540874481201,0.18961527943611145,1.0,0.17237886786460876,0.09999999999999998,20000,5037.0693209171295
2819000,0.007599783595651388,5.814511299133301,5.766357421875,0.3053440749645233,1.0,0.21292737126350403,0.09999999999999998,20000,5043.470343828201
2820000,0.007697908207774162,5.370107650756836,5.394339084625244,0.35461944341659546,1.0,0.1595468670129776,0.09999999999999998,20000,5049.666554927826
2821000,0.002926567103713751,5.650832653045654,5.646112442016602,0.3634864389896393,1.0,0.08434060961008072,0.09999999999999998,20000,5055.727998018265
2822000,0.0217585489153862,5.523001670837402,5.534336090087891,0.4200916588306427,1.0,0.2904950678348541,0.09999999999999998,20000,5061.789964675903
2823000,0.0070212222635746,5.029544830322266,4.970518589019775,0.21103963255882263,1.0,0.29371434450149536,0.09999999999999998,20000,5067.885605812073
2824000,0.01154306624084711,5.469868183135986,5.46924352645874,0.2700445353984833,1.0,0.34231775999069214,0.09999999999999998,20000,5074.467266798019
2825000,0.012737130746245384,5.273036003112793,5.271883964538574,0.2608442008495331,1.0,0.4182668924331665,0.09999999999999998,20000,5080.4038417339325
2826000,0.010052748024463654,4.96550178527832,4.9823102951049805,0.2973445653915405,1.0,0.25500863790512085,0.09999999999999998,20000,5086.247854709625
2827000,0.011150815524160862,5.527133464813232,5.544609069824219,0.39509305357933044,1.0,0.196395605802536,0.09999999999999998,20000,5092.046671867371
2828000,0.006166343577206135,5.557168006896973,5.355146408081055,0.25270235538482666,1.0,0.23722071945667267,0.09999999999999998,20000,5097.769012928009
2829000,0.009336551651358604,5.498983383178711,5.366229057312012,0.23236584663391113,1.0,0.36598706245422363,0.09999999999999998,20000,5103.925581693649
2830000,0.006531029473990202,5.218398094177246,5.100410461425781,0.2726520597934723,1.0,0.23925280570983887,0.09999999999999998,20000,5109.99184179306
2831000,0.004438675940036774,5.400590896606445,5.351198196411133,0.21753324568271637,1.0,0.19228166341781616,0.09999999999999998,20000,5116.077206850052
2832000,0.014072012156248093,4.72978401184082,4.745569705963135,0.3757440745830536,1.0,0.2495107352733612,0.09999999999999998,20000,5122.143722772598
2833000,0.002140999771654606,5.226321220397949,5.158323287963867,0.19701522588729858,1.0,0.10839581489562988,0.09999999999999998,20000,5128.3234939575195
2834000,0.020228859037160873,5.372607231140137,5.312903881072998,0.33750230073928833,1.0,0.3925497829914093,0.09999999999999998,20000,5134.552206754684
2835000,0.008320743218064308,6.044257640838623,6.002657413482666,0.2738666534423828,1.0,0.24151307344436646,0.09999999999999998,20000,5140.729325771332
2836000,0.010561386123299599,5.407241344451904,5.404001235961914,0.25544947385787964,1.0,0.2772062420845032,0.09999999999999998,20000,5146.8597638607025
2837000,0.00795372761785984,5.858280181884766,5.953965663909912,0.2406531572341919,1.0,0.3090474009513855,0.09999999999999998,20000,5152.987977027893
2838000,0.00627672765403986,5.607365608215332,5.655449390411377,0.19032132625579834,1.0,0.3581210672855377,0.09999999999999998,20000,5159.174510717392
2839000,0.004083035513758659,4.95986795425415,5.019049644470215,0.2690383791923523,1.0,0.14882823824882507,0.09999999999999998,20000,5165.056100845337
2840000,0.018524568527936935,5.617678642272949,5.743922233581543,0.42025062441825867,1.0,0.2582143545150757,0.09999999999999998,20000,5170.793846845627
2841000,0.00677634309977293,5.515803337097168,5.619272708892822,0.30364084243774414,1.0,0.15907388925552368,0.09999999999999998,20000,5176.562914848328
2842000,0.019971635192632675,4.905383110046387,5.015468597412109,0.3872915506362915,1.0,0.33542996644973755,0.09999999999999998,20000,5182.877942800522
2843000,0.00302557903341949,5.198899269104004,5.092527389526367,0.24898552894592285,1.0,0.12608656287193298,0.09999999999999998,20000,5188.895613908768
2844000,0.003028371836990118,5.61245059967041,5.801461219787598,0.29185640811920166,1.0,0.12104173749685287,0.09999999999999998,20000,5195.017856836319
2845000,0.003860293421894312,5.321520805358887,5.310785293579102,0.19703006744384766,1.0,0.23990429937839508,0.09999999999999998,20000,5201.031192779541
2846000,0.004899487365037203,5.095928192138672,5.181491374969482,0.18037456274032593,1.0,0.29295995831489563,0.09999999999999998,20000,5207.206862688065
2847000,0.005485875532031059,6.040184020996094,6.04303503036499,0.22534242272377014,1.0,0.24156072735786438,0.09999999999999998,20000,5213.243417739868
2848000,0.0008200954180210829,5.655575275421143,5.660021781921387,0.30392763018608093,1.0,0.04852711781859398,0.09999999999999998,20000,5219.4344708919525
2849000,0.013401366770267487,5.6365814208984375,5.533039093017578,0.2976948618888855,1.0,0.33716070652008057,0.09999999999999998,20000,5225.579168796539
2850000,0.009540122002363205,5.758575439453125,5.866094589233398,0.2770134210586548,1.0,0.2656038701534271,0.09999999999999998,20000,5231.694938898087
2851000,0.0061319684609770775,5.38223934173584,5.475066661834717,0.26510775089263916,1.0,0.22065936028957367,0.09999999999999998,20000,5245.2504687309265
2852000,0.008514733985066414,4.963706970214844,4.903022766113281,0.2987534999847412,1.0,0.24887889623641968,0.09999999999999998,20000,5251.113110780716
2853000,0.007166583556681871,5.936369895935059,5.92779016494751,0.2505800724029541,1.0,0.24125322699546814,0.09999999999999998,20000,5256.947755813599
2854000,0.012428364716470242,5.375175476074219,5.338900566101074,0.272265762090683,1.0,0.3232293725013733,0.09999999999999998,20000,5263.466569900513
2855000,0.0026769661344587803,6.083870887756348,6.185609340667725,0.22468996047973633,1.0,0.1295107901096344,0.09999999999999998,20000,5269.889289855957
2856000,0.005378488916903734,5.524605751037598,5.645327568054199,0.22966589033603668,1.0,0.19421249628067017,0.09999999999999998,20000,5276.089299917221
2857000,0.01220786664634943,5.190788269042969,5.105698585510254,0.3689693212509155,1.0,0.24943040311336517,0.09999999999999998,20000,5282.5924508571625
2858000,0.0053180912509560585,5.1814188957214355,5.215808391571045,0.3407929539680481,1.0,0.14500118792057037,0.09999999999999998,20000,5289.233428955078
2859000,0.012534424662590027,5.27381706237793,5.278165817260742,0.32418251037597656,1.0,0.2731058895587921,0.09999999999999998,20000,5296.366417884827
2860000,0.00564019288867712,5.185306072235107,5.2149152755737305,0.32736074924468994,1.0,0.1300300806760788,0.09999999999999998,20000,5302.985369920731
2861000,0.0026960326358675957,5.57039213180542,5.885592460632324,0.37339526414871216,1.0,0.08882809430360794,0.09999999999999998,20000,5309.303809642792
2862000,0.015261453576385975,4.869687080383301,5.093381881713867,0.3204905390739441,1.0,0.34298455715179443,0.09999999999999998,20000,5315.785416841507
2863000,0.006446008570492268,5.373748779296875,5.446552276611328,0.2483256310224533,1.0,0.215373694896698,0.09999999999999998,20000,5321.690535783768
2864000,0.0057093179784715176,5.241036415100098,5.186199188232422,0.276481032371521,1.0,0.17205721139907837,0.09999999999999998,20000,5327.329541921616
2865000,0.012455528602004051,5.0802154541015625,5.0579938888549805,0.3349430561065674,1.0,0.26832541823387146,0.09999999999999998,20000,5332.869581699371
2866000,0.008705292828381062,4.9565229415893555,4.925239562988281,0.22513309121131897,1.0,0.3494505286216736,0.09999999999999998,20000,5338.566894769669
2867000,0.00329773873090744,5.457165241241455,5.4107666015625,0.22568970918655396,1.0,0.17113374173641205,0.09999999999999998,20000,5344.0504758358
2868000,0.012914682738482952,5.034667015075684,5.083518028259277,0.2871215045452118,1.0,0.34066128730773926,0.09999999999999998,20000,5349.765566825867
2869000,0.012370499782264233,5.400373935699463,5.591910362243652,0.34237200021743774,1.0,0.26052501797676086,0.09999999999999998,20000,5355.53493976593
2870000,0.011588431894779205,6.046594619750977,6.173715114593506,0.30158400535583496,1.0,0.29099151492118835,0.09999999999999998,20000,5361.223744630814
2871000,0.009540625847876072,5.252191543579102,5.1477837562561035,0.24432484805583954,1.0,0.30341827869415283,0.09999999999999998,20000,5367.413418769836
2872000,0.015373111702501774,5.135102272033691,5.077093601226807,0.24579256772994995,1.0,0.4164619743824005,0.09999999999999998,20000,5373.653608798981
2873000,0.017733179032802582,5.1446733474731445,5.156058311462402,0.34820401668548584,1.0,0.2818744480609894,0.09999999999999998,20000,5379.674986600876
2874000,0.006460173986852169,5.079931259155273,5.134610176086426,0.27491992712020874,1.0,0.1842859983444214,0.09999999999999998,20000,5385.7285850048065
2875000,0.003019494004547596,5.098681926727295,5.020226955413818,0.26894697546958923,1.0,0.11098947376012802,0.09999999999999998,20000,5392.053956747055
2876000,0.013121875002980232,5.972841739654541,5.9596848487854,0.2756381034851074,1.0,0.34928637742996216,0.09999999999999998,20000,5398.272761821747
2877000,0.00634993240237236,5.631284236907959,5.6850810050964355,0.2420557737350464,1.0,0.2432035207748413,0.09999999999999998,20000,5404.234032869339
2878000,0.012103170156478882,5.371473789215088,5.216784477233887,0.28189486265182495,1.0,0.3593890964984894,0.09999999999999998,20000,5410.29513669014
2879000,0.004941645544022322,5.369551658630371,5.247488498687744,0.21766480803489685,1.0,0.26095226407051086,0.09999999999999998,20000,5416.444505691528
2880000,0.005899722222238779,5.6736249923706055,5.65179443359375,0.26039934158325195,1.0,0.19611476361751556,0.09999999999999998,20000,5422.44606590271
2881000,0.007907413877546787,5.892598628997803,5.955169677734375,0.27835923433303833,1.0,0.22752812504768372,0.09999999999999998,20000,5428.647449731827
2882000,0.004237280692905188,5.535647392272949,5.606695175170898,0.20866841077804565,1.0,0.17179545760154724,0.09999999999999998,20000,5434.916569709778
2883000,0.013520389795303345,4.975039482116699,4.973386287689209,0.292962908744812,1.0,0.3127707839012146,0.09999999999999998,20000,5581.03874373436
2884000,0.01118660531938076,4.90609884262085,5.061069011688232,0.4163045287132263,1.0,0.1700194776058197,0.09999999999999998,20000,5586.77858376503
2885000,0.008760751225054264,4.98950719833374,5.113522052764893,0.2503877580165863,1.0,0.2940312325954437,0.09999999999999998,20000,5592.918050765991
2886000,0.0056662955321371555,5.244454383850098,5.219132423400879,0.14986726641654968,1.0,0.448614239692688,0.09999999999999998,20000,5599.005621671677
2887000,0.0033180569298565388,5.006509780883789,5.055476188659668,0.2971387207508087,1.0,0.10561931878328323,0.09999999999999998,20000,5604.993328809738
2888000,0.008047481998801231,5.043249607086182,5.082726955413818,0.28290998935699463,1.0,0.20995566248893738,0.09999999999999998,20000,5611.133193016052
2889000,0.005683063995093107,5.671225547790527,5.621199131011963,0.1886480152606964,1.0,0.2739463448524475,0.09999999999999998,20000,5618.338534832001
2890000,0.01568668894469738,5.228407859802246,5.225215435028076,0.31026631593704224,1.0,0.34925100207328796,0.09999999999999998,20000,5625.6792850494385
2891000,0.004456082358956337,4.72672176361084,4.674628734588623,0.22004903852939606,1.0,0.19069981575012207,0.09999999999999998,20000,5631.784259796143
2892000,0.0077027748338878155,5.107608795166016,5.06889533996582,0.20775942504405975,1.0,0.28639450669288635,0.09999999999999998,20000,5638.091985940933
2893000,0.004642346873879433,5.1051025390625,5.080661773681641,0.28487521409988403,1.0,0.16560915112495422,0.09999999999999998,20000,5644.132113933563
2894000,0.004956381861120462,5.609319686889648,5.617181301116943,0.2476293444633484,1.0,0.2258894443511963,0.09999999999999998,20000,5650.181377649307
2895000,0.0019732103683054447,5.292995452880859,5.256917476654053,0.342074453830719,1.0,0.058460354804992676,0.09999999999999998,20000,5655.9911687374115
2896000,0.005086001940071583,5.404726982116699,5.485698223114014,0.2608608603477478,1.0,0.15806692838668823,0.09999999999999998,20000,5661.805567979813
2897000,0.010703070089221,5.899779319763184,6.045886993408203,0.2973160743713379,1.0,0.2963397204875946,0.09999999999999998,20000,5667.749395847321
2898000,0.0039946548640728,4.762357234954834,4.890961170196533,0.35674118995666504,1.0,0.09923271834850311,0.09999999999999998,20000,6193.834565877914
2899000,0.01249175239354372,4.988288402557373,5.068341255187988,0.25198113918304443,1.0,0.3590737581253052,0.09999999999999998,20000,6199.666928768158
2900000,0.005608394742012024,4.583666801452637,4.580716609954834,0.18118691444396973,1.0,0.3298831880092621,0.09999999999999998,20000,6205.553972959518
2901000,0.01599913276731968,5.4404215812683105,5.441720485687256,0.36877119541168213,1.0,0.26258188486099243,0.09999999999999998,20000,6218.010816812515
2902000,0.012271912768483162,5.063543796539307,5.123721599578857,0.27388423681259155,1.0,0.37271374464035034,0.09999999999999998,20000,6224.128539800644
2903000,0.013417651876807213,4.880975246429443,5.017156600952148,0.2768770158290863,1.0,0.45819351077079773,0.09999999999999998,20000,6230.106196880341
2904000,0.009586267173290253,5.026546001434326,5.042851448059082,0.21683436632156372,1.0,0.41325289011001587,0.09999999999999998,20000,6236.010527849197
2905000,0.005196109414100647,5.363544464111328,5.48288631439209,0.3297438621520996,1.0,0.11423778533935547,0.09999999999999998,20000,6315.498936891556
2906000,0.012267261743545532,5.879306316375732,6.079763889312744,0.37208592891693115,1.0,0.23221580684185028,0.09999999999999998,20000,6321.6243777275085
2907000,0.010844092816114426,5.029470920562744,4.913636207580566,0.25424709916114807,1.0,0.3715694546699524,0.09999999999999998,20000,6327.59105181694
2908000,0.012018779292702675,5.769853591918945,5.853043556213379,0.31450894474983215,1.0,0.2529750168323517,0.09999999999999998,20000,6333.606019735336
2909000,0.004798934329301119,5.110716819763184,5.165776252746582,0.1569281667470932,1.0,0.35995447635650635,0.09999999999999998,20000,6339.564557790756
2910000,0.00836618710309267,5.855836391448975,5.800521373748779,0.3157462477684021,1.0,0.2388620674610138,0.09999999999999998,20000,6345.875115633011
2911000,0.008400757797062397,5.309061050415039,5.42201566696167,0.3610379695892334,1.0,0.13555407524108887,0.09999999999999998,20000,6351.977729797363
2912000,0.005457624793052673,5.0716352462768555,5.038188934326172,0.18010231852531433,1.0,0.27286407351493835,0.09999999999999998,20000,6358.0489590168
2913000,0.015478743240237236,5.645331382751465,5.563376426696777,0.24815157055854797,1.0,0.303663969039917,0.09999999999999998,20000,6364.070858955383
2914000,0.003937867470085621,5.613361358642578,5.6350297927856445,0.24507886171340942,1.0,0.15723423659801483,0.09999999999999998,20000,6370.172213792801
2915000,0.005474519450217485,5.271366596221924,5.2283735275268555,0.2213793396949768,1.0,0.2438134104013443,0.09999999999999998,20000,6376.669898033142
2916000,0.010862106457352638,5.450202941894531,5.567780494689941,0.36806219816207886,1.0,0.22673802077770233,0.09999999999999998,20000,6382.752480745316
2917000,0.008618133142590523,5.28245735168457,5.278124809265137,0.21963921189308167,1.0,0.2530733346939087,0.09999999999999998,20000,6388.969097852707
2918000,0.0026076501235365868,5.152644157409668,5.18576717376709,0.24760645627975464,1.0,0.13099999725818634,0.09999999999999998,20000,6394.993045806885
2919000,0.011608780361711979,5.534161567687988,5.660996913909912,0.31038445234298706,1.0,0.2994552552700043,0.09999999999999998,20000,6400.895534753799
2920000,0.00702863372862339,5.199619770050049,5.309946060180664,0.2975701689720154,1.0,0.1848354935646057,0.09999999999999998,20000,6406.683179616928
2921000,0.008152926340699196,5.5077805519104,5.521556377410889,0.246516153216362,1.0,0.2693072557449341,0.09999999999999998,20000,6412.418567895889
2922000,0.00753214443102479,5.744735240936279,5.829641342163086,0.25740325450897217,1.0,0.23690089583396912,0.09999999999999998,20000,6418.566881656647
2923000,0.01658538728952408,4.770415306091309,4.724011421203613,0.3125266432762146,1.0,0.35511133074760437,0.09999999999999998,20000,6424.807669639587
2924000,0.007773268967866898,5.414309978485107,5.50178337097168,0.2691303789615631,1.0,0.23082737624645233,0.09999999999999998,20000,6431.066631793976
2925000,0.01264851912856102,5.10273551940918,5.1605119705200195,0.32104170322418213,1.0,0.2804458737373352,0.09999999999999998,20000,6437.178812980652
2926000,0.004836707841604948,5.392115592956543,5.403262138366699,0.2896482050418854,1.0,0.11165152490139008,0.09999999999999998,20000,6443.269021987915
2927000,0.003458453807979822,5.704546928405762,5.599338531494141,0.1955118328332901,1.0,0.1500285118818283,0.09999999999999998,20000,6449.116104841232
2928000,0.007527343928813934,5.899751663208008,5.941716194152832,0.26028797030448914,1.0,0.2571823298931122,0.09999999999999998,20000,6455.6437356472015
2929000,0.0026888600550591946,5.711888313293457,5.716362476348877,0.162086620926857,1.0,0.21037593483924866,0.09999999999999998,20000,6461.9966609478
2930000,0.01720527559518814,5.5086822509765625,5.6326375007629395,0.2540665566921234,1.0,0.5000103712081909,0.09999999999999998,20000,6468.0834748744965
2931000,0.014455333352088928,5.641763687133789,5.716838836669922,0.3218685984611511,1.0,0.3076339066028595,0.09999999999999998,20000,6474.239935874939
2932000,0.00557495653629303,5.226459503173828,5.240144729614258,0.19050753116607666,1.0,0.2853502631187439,0.09999999999999998,20000,6480.151947021484
2933000,0.011205964721739292,6.098176956176758,6.212686538696289,0.26260244846343994,1.0,0.3302692174911499,0.09999999999999998,20000,6485.9876029491425
2934000,0.0036217416636645794,5.547135829925537,5.49565315246582,0.18005000054836273,1.0,0.19696678221225739,0.09999999999999998,20000,6491.920555830002
2935000,0.013415916822850704,5.510838985443115,5.6553635597229,0.42234838008880615,1.0,0.22745338082313538,0.09999999999999998,20000,6498.051432847977
2936000,0.011169586330652237,5.810616970062256,5.890212059020996,0.19138970971107483,1.0,0.5183086395263672,0.09999999999999998,20000,6504.357568025589
2937000,0.007051549851894379,5.231083393096924,5.141935348510742,0.21481122076511383,1.0,0.3183180093765259,0.09999999999999998,20000,6510.4465408325195
2938000,0.02099214494228363,5.405890941619873,5.446388244628906,0.3363204002380371,1.0,0.3697846829891205,0.09999999999999998,20000,6516.642182826996
2939000,0.015621179714798927,5.7593994140625,5.826835632324219,0.26298773288726807,1.0,0.45412933826446533,0.09999999999999998,20000,6523.039453983307
2940000,0.017119724303483963,5.1980743408203125,5.243527889251709,0.3605518937110901,1.0,0.28583794832229614,0.09999999999999998,20000,6529.10343670845
2941000,0.020359806716442108,5.663138389587402,5.8326945304870605,0.384059876203537,1.0,0.3014235496520996,0.09999999999999998,20000,6535.107503890991
2942000,0.008337270468473434,4.862591743469238,4.914148330688477,0.3170427083969116,1.0,0.2219228297472,0.09999999999999998,20000,6541.253154754639
2943000,0.004753471352159977,5.687119960784912,5.524851322174072,0.22041183710098267,1.0,0.16248935461044312,0.09999999999999998,20000,6547.283274888992
2944000,0.007347691338509321,5.302001953125,5.482495307922363,0.27986031770706177,1.0,0.19597885012626648,0.09999999999999998,20000,6553.39750790596
2945000,0.013174589723348618,5.188454627990723,5.202879428863525,0.2455023229122162,1.0,0.4461633563041687,0.09999999999999998,20000,6559.318098783493
2946000,0.006956081371754408,4.686552047729492,4.681675910949707,0.18006175756454468,1.0,0.44424164295196533,0.09999999999999998,20000,6565.202571630478
2947000,0.015280080959200859,4.705854415893555,4.806504726409912,0.2985696792602539,1.0,0.362373411655426,0.09999999999999998,20000,6571.298878908157
2948000,0.005495388992130756,5.2969489097595215,5.3189568519592285,0.25459447503089905,1.0,0.20184695720672607,0.09999999999999998,20000,6577.40335893631
2949000,0.011153381317853928,5.19792366027832,5.326076030731201,0.3341413736343384,1.0,0.2301522046327591,0.09999999999999998,20000,6583.459780931473
2950000,0.01252224575728178,4.880350112915039,4.798703193664551,0.22498711943626404,1.0,0.22989782691001892,0.09999999999999998,20000,6589.3985278606415
2951000,0.015272272750735283,5.50993537902832,5.706918716430664,0.3597305119037628,1.0,0.2618769705295563,0.09999999999999998,20000,6603.574871778488
2952000,0.008426751010119915,5.5236053466796875,5.589921951293945,0.26946908235549927,1.0,0.20159287750720978,0.09999999999999998,20000,6609.4863250255585
2953000,0.013295553624629974,5.042102336883545,5.157326698303223,0.2513033151626587,1.0,0.3894447684288025,0.09999999999999998,20000,6615.937549829483
2954000,0.008618896827101707,5.447527885437012,5.532865047454834,0.25679120421409607,1.0,0.2645053267478943,0.09999999999999998,20000,6622.072296857834
2955000,0.0032223970629274845,4.858156204223633,4.8715105056762695,0.2726234793663025,1.0,0.11312370002269745,0.09999999999999998,20000,6628.1864268779755
2956000,0.004245108924806118,5.512990474700928,5.584659576416016,0.23336510360240936,1.0,0.17013108730316162,0.09999999999999998,20000,6634.059313774109
2957000,0.003307117847725749,5.208141326904297,5.2098612785339355,0.23448073863983154,1.0,0.1461799144744873,0.09999999999999998,20000,6639.802712678909
2958000,0.005847555119544268,6.251911163330078,6.191233158111572,0.21681056916713715,1.0,0.29492872953414917,0.09999999999999998,20000,6645.572023868561
2959000,0.006523675750941038,5.595246315002441,5.727237224578857,0.2254900187253952,1.0,0.28540655970573425,0.09999999999999998,20000,6651.743031740189
2960000,0.004679132718592882,5.148489475250244,5.143238544464111,0.31190046668052673,1.0,0.1094386875629425,0.09999999999999998,20000,6658.165940999985
2961000,0.010580111294984818,4.779690265655518,4.708035945892334,0.2759367823600769,1.0,0.2680262327194214,0.09999999999999998,20000,6664.121166706085
2962000,0.008874993771314621,5.5756659507751465,5.4814558029174805,0.2641259431838989,1.0,0.27731984853744507,0.09999999999999998,20000,6670.072507858276
2963000,0.008623880334198475,5.567965507507324,5.529819488525391,0.22967834770679474,1.0,0.3207899034023285,0.09999999999999998,20000,6676.186556816101
2964000,0.010953597724437714,4.569230556488037,4.373551368713379,0.32038795948028564,1.0,0.23208433389663696,0.09999999999999998,20000,6682.580415964127
2965000,0.00495948176831007,5.51508903503418,5.564541339874268,0.3411954939365387,1.0,0.12798158824443817,0.09999999999999998,20000,6688.644674777985
2966000,0.010194957256317139,4.770307540893555,4.826287269592285,0.2702256143093109,1.0,0.2726590633392334,0.09999999999999998,20000,6694.712307929993
2967000,0.005966228898614645,5.7957634925842285,5.83413028717041,0.2877475917339325,1.0,0.21097464859485626,0.09999999999999998,20000,6700.814103841782
2968000,0.0028914576396346092,5.837160110473633,5.856130599975586,0.2105455845594406,1.0,0.14455151557922363,0.09999999999999998,20000,6707.05554485321
2969000,0.005323651246726513,5.343419075012207,5.347537040710449,0.35481274127960205,1.0,0.12447081506252289,0.09999999999999998,20000,6712.9682648181915
2970000,0.016151323914527893,5.594703674316406,5.738636016845703,0.3491514325141907,1.0,0.36143577098846436,0.09999999999999998,20000,6718.873174667358
2971000,0.019922398030757904,5.116817474365234,5.137881278991699,0.3540129065513611,1.0,0.3752228021621704,0.09999999999999998,20000,6724.681124925613
2972000,0.006349074654281139,5.410984516143799,5.402853965759277,0.26755014061927795,1.0,0.16559486091136932,0.09999999999999998,20000,6731.03691983223
2973000,0.007543457671999931,5.600216865539551,5.701409339904785,0.31949496269226074,1.0,0.17206184566020966,0.09999999999999998,20000,6737.482713699341
2974000,0.009356308728456497,5.17000675201416,5.259066581726074,0.2360595166683197,1.0,0.2768743336200714,0.09999999999999998,20000,6743.539794921875
2975000,0.013033097609877586,4.69415283203125,4.7785325050354,0.28132951259613037,1.0,0.29860103130340576,0.09999999999999998,20000,6749.761230707169
2976000,0.005281964782625437,5.490746974945068,5.4377617835998535,0.23813584446907043,1.0,0.18847182393074036,0.09999999999999998,20000,6755.769641876221
2977000,0.027308695018291473,4.895329475402832,4.745087146759033,0.3135848641395569,1.0,0.5285422801971436,0.09999999999999998,20000,6761.949216604233
2978000,0.009033171460032463,5.355986595153809,5.392571449279785,0.2586095333099365,1.0,0.26954275369644165,0.09999999999999998,20000,6768.02202296257
2979000,0.016172990202903748,5.315370559692383,5.420926094055176,0.3416203260421753,1.0,0.30072271823883057,0.09999999999999998,20000,6774.1600477695465
2980000,0.01856890693306923,5.268442153930664,5.255586624145508,0.4059358835220337,1.0,0.2946222424507141,0.09999999999999998,20000,6780.1547248363495
2981000,0.01047288067638874,5.244790077209473,5.23628044128418,0.2178107351064682,1.0,0.35356226563453674,0.09999999999999998,20000,6786.486100912094
2982000,0.004215759225189686,4.827169418334961,4.830533504486084,0.22341708838939667,1.0,0.2053501307964325,0.09999999999999998,20000,6792.397713899612
2983000,0.006857168860733509,5.293930530548096,5.336193084716797,0.26057374477386475,1.0,0.2266453057527542,0.09999999999999998,20000,6798.23383975029
2984000,0.005706304218620062,5.467909812927246,5.46765661239624,0.22728268802165985,1.0,0.21279151737689972,0.09999999999999998,20000,6804.180870771408
2985000,0.008511070162057877,5.8598456382751465,5.837080001831055,0.2620088458061218,1.0,0.2424541711807251,0.09999999999999998,20000,6811.465130805969
2986000,0.012904100120067596,5.263974666595459,5.460760593414307,0.3054289221763611,1.0,0.30540651082992554,0.09999999999999998,20000,6817.735398769379
2987000,0.014579055830836296,5.4423136711120605,5.405939102172852,0.27090075612068176,1.0,0.39310455322265625,0.09999999999999998,20000,6823.697499752045
2988000,0.014647306874394417,5.8377861976623535,5.948922157287598,0.3766285181045532,1.0,0.2555287778377533,0.09999999999999998,20000,6829.720433950424
2989000,0.014830870553851128,5.264779567718506,5.387446403503418,0.3336319327354431,1.0,0.3121185898780823,0.09999999999999998,20000,6836.059467077255
2990000,0.003003033809363842,5.976517677307129,6.104477882385254,0.2501910328865051,1.0,0.13400012254714966,0.09999999999999998,20000,6842.412109851837
2991000,0.0026126757729798555,5.759047985076904,5.804081916809082,0.25246432423591614,1.0,0.10106047987937927,0.09999999999999998,20000,6848.57975769043
2992000,0.014985451474785805,5.25584077835083,5.2119293212890625,0.3005695343017578,1.0,0.3346344232559204,0.09999999999999998,20000,6854.624053001404
2993000,0.011731194332242012,5.59611701965332,5.6017351150512695,0.31326451897621155,1.0,0.2475806623697281,0.09999999999999998,20000,6860.843290805817
2994000,0.010369211435317993,5.791234970092773,5.747806549072266,0.2118535041809082,1.0,0.4061168432235718,0.09999999999999998,20000,6867.008375644684
2995000,0.005192761309444904,4.9876909255981445,4.912093162536621,0.1784444898366928,1.0,0.31326931715011597,0.09999999999999998,20000,6872.870724916458
2996000,0.0035710863303393126,5.095197677612305,5.1963653564453125,0.25088030099868774,1.0,0.1702762246131897,0.09999999999999998,20000,6878.649671792984
2997000,0.0054793753661215305,5.577895641326904,5.512659072875977,0.27326393127441406,1.0,0.18260017037391663,0.09999999999999998,20000,6884.6667947769165
2998000,0.0038348366506397724,5.344393730163574,5.4390482902526855,0.22046883404254913,1.0,0.17280200123786926,0.09999999999999998,20000,6890.996252775192
2999000,0.0025150184519588947,5.524191856384277,5.502346038818359,0.24459606409072876,1.0,0.0837266743183136,0.09999999999999998,20000,6897.196526765823
3000000,0.010745210573077202,5.107905864715576,5.009520530700684,0.29688090085983276,1.0,0.278161883354187,0.09999999999999998,20000,6903.253428936005
