episodio,paso_global,recompensa_real,pasos,epsilon,terminated,truncated
0,2000413,360.0,413,0.09999999999999998,True,False
1,2000845,300.0,432,0.09999999999999998,True,False
2,2001017,150.0,172,0.09999999999999998,True,False
3,2001579,315.0,562,0.09999999999999998,True,False
4,2002117,340.0,538,0.09999999999999998,True,False
5,2002587,395.0,470,0.09999999999999998,True,False
6,2002958,275.0,371,0.09999999999999998,True,False
7,2003364,565.0,406,0.09999999999999998,True,False
8,2003715,475.0,351,0.09999999999999998,True,False
9,2004044,200.0,329,0.09999999999999998,True,False
10,2004400,230.0,356,0.09999999999999998,True,False
11,2004805,295.0,405,0.09999999999999998,True,False
12,2005342,405.0,537,0.09999999999999998,True,False
13,2005919,415.0,577,0.09999999999999998,True,False
14,2006322,445.0,403,0.09999999999999998,True,False
15,2006787,380.0,465,0.09999999999999998,True,False
16,2007228,320.0,441,0.09999999999999998,True,False
17,2007772,360.0,544,0.09999999999999998,True,False
18,2008354,450.0,582,0.09999999999999998,True,False
19,2009039,345.0,685,0.09999999999999998,True,False
20,2009349,135.0,310,0.09999999999999998,True,False
21,2009684,285.0,335,0.09999999999999998,True,False
22,2010163,330.0,479,0.09999999999999998,True,False
23,2010297,55.0,134,0.09999999999999998,True,False
24,2010698,305.0,401,0.09999999999999998,True,False
25,2011365,495.0,667,0.09999999999999998,True,False
26,2011543,35.0,178,0.09999999999999998,True,False
27,2012040,195.0,497,0.09999999999999998,True,False
28,2012530,380.0,490,0.09999999999999998,True,False
29,2012867,255.0,337,0.09999999999999998,True,False
30,2013402,375.0,535,0.09999999999999998,True,False
31,2014042,430.0,640,0.09999999999999998,True,False
32,2014328,200.0,286,0.09999999999999998,True,False
33,2014683,490.0,355,0.09999999999999998,True,False
34,2015096,270.0,413,0.09999999999999998,True,False
35,2015675,320.0,579,0.09999999999999998,True,False
36,2016032,150.0,357,0.09999999999999998,True,False
37,2016432,300.0,400,0.09999999999999998,True,False
38,2016802,490.0,370,0.09999999999999998,True,False
39,2017104,295.0,302,0.09999999999999998,True,False
40,2017457,480.0,353,0.09999999999999998,True,False
41,2017948,420.0,491,0.09999999999999998,True,False
42,2018766,800.0,818,0.09999999999999998,True,False
43,2018957,125.0,191,0.09999999999999998,True,False
44,2019237,255.0,280,0.09999999999999998,True,False
45,2019685,310.0,448,0.09999999999999998,True,False
46,2020192,465.0,507,0.09999999999999998,True,False
47,2020663,390.0,471,0.09999999999999998,True,False
48,2020755,5.0,92,0.09999999999999998,True,False
49,2021126,240.0,371,0.09999999999999998,True,False
50,2021629,290.0,503,0.09999999999999998,True,False
51,2021989,310.0,360,0.09999999999999998,True,False
52,2022293,265.0,304,0.09999999999999998,True,False
53,2022799,335.0,506,0.09999999999999998,True,False
54,2023443,365.0,644,0.09999999999999998,True,False
55,2023745,280.0,302,0.09999999999999998,True,False
56,2024039,260.0,294,0.09999999999999998,True,False
57,2024337,240.0,298,0.09999999999999998,True,False
58,2024544,180.0,207,0.09999999999999998,True,False
59,2025121,395.0,577,0.09999999999999998,True,False
60,2025411,270.0,290,0.09999999999999998,True,False
61,2025613,110.0,202,0.09999999999999998,True,False
62,2026152,420.0,539,0.09999999999999998,True,False
63,2026694,360.0,542,0.09999999999999998,True,False
64,2027007,235.0,313,0.09999999999999998,True,False
65,2027304,240.0,297,0.09999999999999998,True,False
66,2027588,230.0,284,0.09999999999999998,True,False
67,2028286,450.0,698,0.09999999999999998,True,False
68,2028826,460.0,540,0.09999999999999998,True,False
69,2029260,370.0,434,0.09999999999999998,True,False
70,2029605,235.0,345,0.09999999999999998,True,False
71,2029945,275.0,340,0.09999999999999998,True,False
72,2030283,305.0,338,0.09999999999999998,True,False
73,2030840,365.0,557,0.09999999999999998,True,False
74,2031163,245.0,323,0.09999999999999998,True,False
75,2031726,325.0,563,0.09999999999999998,True,False
76,2032043,255.0,317,0.09999999999999998,True,False
77,2032345,245.0,302,0.09999999999999998,True,False
78,2032687,460.0,342,0.09999999999999998,True,False
79,2033084,310.0,397,0.09999999999999998,True,False
80,2033464,235.0,380,0.09999999999999998,True,False
81,2033643,105.0,179,0.09999999999999998,True,False
82,2034044,225.0,401,0.09999999999999998,True,False
83,2034196,75.0,152,0.09999999999999998,True,False
84,2034689,605.0,493,0.09999999999999998,True,False
85,2035012,225.0,323,0.09999999999999998,True,False
86,2035151,65.0,139,0.09999999999999998,True,False
87,2035714,355.0,563,0.09999999999999998,True,False
88,2036193,435.0,479,0.09999999999999998,True,False
89,2036759,415.0,566,0.09999999999999998,True,False
90,2037128,225.0,369,0.09999999999999998,True,False
91,2037769,385.0,641,0.09999999999999998,True,False
92,2038391,435.0,622,0.09999999999999998,True,False
93,2038715,255.0,324,0.09999999999999998,True,False
94,2039028,235.0,313,0.09999999999999998,True,False
95,2039344,250.0,316,0.09999999999999998,True,False
96,2039890,585.0,546,0.09999999999999998,True,False
97,2040714,700.0,824,0.09999999999999998,True,False
98,2041103,240.0,389,0.09999999999999998,True,False
99,2041431,315.0,328,0.09999999999999998,True,False
100,2041968,345.0,537,0.09999999999999998,True,False
101,2042486,430.0,518,0.09999999999999998,True,False
102,2042651,65.0,165,0.09999999999999998,True,False
103,2043109,365.0,458,0.09999999999999998,True,False
104,2043781,515.0,672,0.09999999999999998,True,False
105,2044072,260.0,291,0.09999999999999998,True,False
106,2044242,100.0,170,0.09999999999999998,True,False
107,2044414,125.0,172,0.09999999999999998,True,False
108,2044748,500.0,334,0.09999999999999998,True,False
109,2045061,185.0,313,0.09999999999999998,True,False
110,2045361,240.0,300,0.09999999999999998,True,False
111,2045943,335.0,582,0.09999999999999998,True,False
112,2046195,170.0,252,0.09999999999999998,True,False
113,2046826,540.0,631,0.09999999999999998,True,False
114,2047570,460.0,744,0.09999999999999998,True,False
115,2048047,315.0,477,0.09999999999999998,True,False
116,2048584,270.0,537,0.09999999999999998,True,False
117,2049030,315.0,446,0.09999999999999998,True,False
118,2049351,240.0,321,0.09999999999999998,True,False
119,2049707,205.0,356,0.09999999999999998,True,False
120,2050040,310.0,333,0.09999999999999998,True,False
121,2050453,295.0,413,0.09999999999999998,True,False
122,2050742,290.0,289,0.09999999999999998,True,False
123,2051095,295.0,353,0.09999999999999998,True,False
124,2051476,280.0,381,0.09999999999999998,True,False
125,2052150,485.0,674,0.09999999999999998,True,False
126,2052478,200.0,328,0.09999999999999998,True,False
127,2052956,330.0,478,0.09999999999999998,True,False
128,2053361,300.0,405,0.09999999999999998,True,False
129,2053562,125.0,201,0.09999999999999998,True,False
130,2053731,125.0,169,0.09999999999999998,True,False
131,2054195,315.0,464,0.09999999999999998,True,False
132,2054798,435.0,603,0.09999999999999998,True,False
133,2055342,350.0,544,0.09999999999999998,True,False
134,2055733,295.0,391,0.09999999999999998,True,False
135,2056365,395.0,632,0.09999999999999998,True,False
136,2056784,220.0,419,0.09999999999999998,True,False
137,2057083,245.0,299,0.09999999999999998,True,False
138,2057267,125.0,184,0.09999999999999998,True,False
139,2057726,365.0,459,0.09999999999999998,True,False
140,2058042,295.0,316,0.09999999999999998,True,False
141,2058368,365.0,326,0.09999999999999998,True,False
142,2058663,275.0,295,0.09999999999999998,True,False
143,2058992,285.0,329,0.09999999999999998,True,False
144,2059086,15.0,94,0.09999999999999998,True,False
145,2059703,670.0,617,0.09999999999999998,True,False
146,2060271,255.0,568,0.09999999999999998,True,False
147,2060688,300.0,417,0.09999999999999998,True,False
148,2061217,610.0,529,0.09999999999999998,True,False
149,2061780,375.0,563,0.09999999999999998,True,False
150,2062445,570.0,665,0.09999999999999998,True,False
151,2062708,130.0,263,0.09999999999999998,True,False
152,2063043,275.0,335,0.09999999999999998,True,False
153,2063573,285.0,530,0.09999999999999998,True,False
154,2064087,465.0,514,0.09999999999999998,True,False
155,2064357,225.0,270,0.09999999999999998,True,False
156,2064666,155.0,309,0.09999999999999998,True,False
157,2064972,260.0,306,0.09999999999999998,True,False
158,2065375,525.0,403,0.09999999999999998,True,False
159,2065885,460.0,510,0.09999999999999998,True,False
160,2066209,235.0,324,0.09999999999999998,True,False
161,2066652,400.0,443,0.09999999999999998,True,False
162,2066932,240.0,280,0.09999999999999998,True,False
163,2067310,325.0,378,0.09999999999999998,True,False
164,2067640,450.0,330,0.09999999999999998,True,False
165,2067999,275.0,359,0.09999999999999998,True,False
166,2068336,275.0,337,0.09999999999999998,True,False
167,2068667,275.0,331,0.09999999999999998,True,False
168,2069423,435.0,756,0.09999999999999998,True,False
169,2069764,300.0,341,0.09999999999999998,True,False
170,2070160,205.0,396,0.09999999999999998,True,False
171,2070335,125.0,175,0.09999999999999998,True,False
172,2070671,225.0,336,0.09999999999999998,True,False
173,2071001,255.0,330,0.09999999999999998,True,False
174,2071202,155.0,201,0.09999999999999998,True,False
175,2071403,125.0,201,0.09999999999999998,True,False
176,2072222,460.0,819,0.09999999999999998,True,False
177,2072703,455.0,481,0.09999999999999998,True,False
178,2073219,355.0,516,0.09999999999999998,True,False
179,2073563,290.0,344,0.09999999999999998,True,False
180,2073887,230.0,324,0.09999999999999998,True,False
181,2074279,280.0,392,0.09999999999999998,True,False
182,2074497,150.0,218,0.09999999999999998,True,False
183,2074785,255.0,288,0.09999999999999998,True,False
184,2075196,410.0,411,0.09999999999999998,True,False
185,2075792,345.0,596,0.09999999999999998,True,False
186,2076315,420.0,523,0.09999999999999998,True,False
187,2076640,485.0,325,0.09999999999999998,True,False
188,2077112,230.0,472,0.09999999999999998,True,False
189,2077399,285.0,287,0.09999999999999998,True,False
190,2077696,260.0,297,0.09999999999999998,True,False
191,2078310,345.0,614,0.09999999999999998,True,False
192,2078856,390.0,546,0.09999999999999998,True,False
193,2079378,340.0,522,0.09999999999999998,True,False
194,2079704,255.0,326,0.09999999999999998,True,False
195,2080034,260.0,330,0.09999999999999998,True,False
196,2080509,215.0,475,0.09999999999999998,True,False
197,2080852,305.0,343,0.09999999999999998,True,False
198,2081498,605.0,646,0.09999999999999998,True,False
199,2081919,280.0,421,0.09999999999999998,True,False
200,2082324,205.0,405,0.09999999999999998,True,False
201,2082476,80.0,152,0.09999999999999998,True,False
202,2083021,615.0,545,0.09999999999999998,True,False
203,2083227,150.0,206,0.09999999999999998,True,False
204,2083760,455.0,533,0.09999999999999998,True,False
205,2084100,235.0,340,0.09999999999999998,True,False
206,2084396,180.0,296,0.09999999999999998,True,False
207,2084718,255.0,322,0.09999999999999998,True,False
208,2084912,100.0,194,0.09999999999999998,True,False
209,2085111,105.0,199,0.09999999999999998,True,False
210,2085446,220.0,335,0.09999999999999998,True,False
211,2085645,130.0,199,0.09999999999999998,True,False
212,2086177,665.0,532,0.09999999999999998,True,False
213,2086322,105.0,145,0.09999999999999998,True,False
214,2086969,410.0,647,0.09999999999999998,True,False
215,2087334,520.0,365,0.09999999999999998,True,False
216,2088116,585.0,782,0.09999999999999998,True,False
217,2088532,325.0,416,0.09999999999999998,True,False
218,2089021,410.0,489,0.09999999999999998,True,False
219,2089470,505.0,449,0.09999999999999998,True,False
220,2089816,275.0,346,0.09999999999999998,True,False
221,2089956,90.0,140,0.09999999999999998,True,False
222,2090445,640.0,489,0.09999999999999998,True,False
223,2091145,445.0,700,0.09999999999999998,True,False
224,2091517,300.0,372,0.09999999999999998,True,False
225,2091788,230.0,271,0.09999999999999998,True,False
226,2092181,375.0,393,0.09999999999999998,True,False
227,2092584,320.0,403,0.09999999999999998,True,False
228,2092778,110.0,194,0.09999999999999998,True,False
229,2093315,435.0,537,0.09999999999999998,True,False
230,2093874,375.0,559,0.09999999999999998,True,False
231,2094169,235.0,295,0.09999999999999998,True,False
232,2094476,245.0,307,0.09999999999999998,True,False
233,2095231,455.0,755,0.09999999999999998,True,False
234,2095566,250.0,335,0.09999999999999998,True,False
235,2096258,455.0,692,0.09999999999999998,True,False
236,2096561,295.0,303,0.09999999999999998,True,False
237,2096647,15.0,86,0.09999999999999998,True,False
238,2096849,210.0,202,0.09999999999999998,True,False
239,2097140,280.0,291,0.09999999999999998,True,False
240,2098160,700.0,1020,0.09999999999999998,True,False
241,2098453,260.0,293,0.09999999999999998,True,False
242,2098819,285.0,366,0.09999999999999998,True,False
243,2099182,215.0,363,0.09999999999999998,True,False
244,2099644,295.0,462,0.09999999999999998,True,False
245,2100041,340.0,397,0.09999999999999998,True,False
246,2100411,170.0,370,0.09999999999999998,True,False
247,2100891,230.0,480,0.09999999999999998,True,False
248,2101223,285.0,332,0.09999999999999998,True,False
249,2101633,200.0,410,0.09999999999999998,True,False
250,2102097,255.0,464,0.09999999999999998,True,False
251,2102584,515.0,487,0.09999999999999998,True,False
252,2102875,155.0,291,0.09999999999999998,True,False
253,2103081,180.0,206,0.09999999999999998,True,False
254,2103234,125.0,153,0.09999999999999998,True,False
255,2103612,230.0,378,0.09999999999999998,True,False
256,2104120,465.0,508,0.09999999999999998,True,False
257,2104287,125.0,167,0.09999999999999998,True,False
258,2104698,310.0,411,0.09999999999999998,True,False
259,2105044,270.0,346,0.09999999999999998,True,False
260,2105460,280.0,416,0.09999999999999998,True,False
261,2106067,415.0,607,0.09999999999999998,True,False
262,2106885,600.0,818,0.09999999999999998,True,False
263,2107058,95.0,173,0.09999999999999998,True,False
264,2107566,545.0,508,0.09999999999999998,True,False
265,2107886,300.0,320,0.09999999999999998,True,False
266,2108645,515.0,759,0.09999999999999998,True,False
267,2109231,460.0,586,0.09999999999999998,True,False
268,2109997,435.0,766,0.09999999999999998,True,False
269,2110373,205.0,376,0.09999999999999998,True,False
270,2110694,270.0,321,0.09999999999999998,True,False
271,2111014,215.0,320,0.09999999999999998,True,False
272,2111555,315.0,541,0.09999999999999998,True,False
273,2111956,265.0,401,0.09999999999999998,True,False
274,2112555,410.0,599,0.09999999999999998,True,False
275,2113102,420.0,547,0.09999999999999998,True,False
276,2113534,375.0,432,0.09999999999999998,True,False
277,2114303,495.0,769,0.09999999999999998,True,False
278,2114729,195.0,426,0.09999999999999998,True,False
279,2114932,155.0,203,0.09999999999999998,True,False
280,2115379,295.0,447,0.09999999999999998,True,False
281,2115713,275.0,334,0.09999999999999998,True,False
282,2116077,215.0,364,0.09999999999999998,True,False
283,2116560,430.0,483,0.09999999999999998,True,False
284,2116945,390.0,385,0.09999999999999998,True,False
285,2117283,190.0,338,0.09999999999999998,True,False
286,2117592,185.0,309,0.09999999999999998,True,False
287,2118038,285.0,446,0.09999999999999998,True,False
288,2118528,365.0,490,0.09999999999999998,True,False
289,2118994,355.0,466,0.09999999999999998,True,False
290,2119198,80.0,204,0.09999999999999998,True,False
291,2119563,250.0,365,0.09999999999999998,True,False
292,2120195,480.0,632,0.09999999999999998,True,False
293,2120313,15.0,118,0.09999999999999998,True,False
294,2120889,215.0,576,0.09999999999999998,True,False
295,2121327,370.0,438,0.09999999999999998,True,False
296,2121656,290.0,329,0.09999999999999998,True,False
297,2122015,290.0,359,0.09999999999999998,True,False
298,2122485,445.0,470,0.09999999999999998,True,False
299,2122803,215.0,318,0.09999999999999998,True,False
300,2123313,405.0,510,0.09999999999999998,True,False
301,2123484,105.0,171,0.09999999999999998,True,False
302,2123894,250.0,410,0.09999999999999998,True,False
303,2124309,180.0,415,0.09999999999999998,True,False
304,2124661,475.0,352,0.09999999999999998,True,False
305,2125202,490.0,541,0.09999999999999998,True,False
306,2125697,400.0,495,0.09999999999999998,True,False
307,2126051,305.0,354,0.09999999999999998,True,False
308,2126603,425.0,552,0.09999999999999998,True,False
309,2126883,150.0,280,0.09999999999999998,True,False
310,2127272,420.0,389,0.09999999999999998,True,False
311,2127652,225.0,380,0.09999999999999998,True,False
312,2127989,245.0,337,0.09999999999999998,True,False
313,2128195,150.0,206,0.09999999999999998,True,False
314,2128474,245.0,279,0.09999999999999998,True,False
315,2128967,355.0,493,0.09999999999999998,True,False
316,2129449,240.0,482,0.09999999999999998,True,False
317,2129747,215.0,298,0.09999999999999998,True,False
318,2130320,470.0,573,0.09999999999999998,True,False
319,2130748,255.0,428,0.09999999999999998,True,False
320,2131124,210.0,376,0.09999999999999998,True,False
321,2131570,400.0,446,0.09999999999999998,True,False
322,2131985,315.0,415,0.09999999999999998,True,False
323,2132318,280.0,333,0.09999999999999998,True,False
324,2132827,260.0,509,0.09999999999999998,True,False
325,2133016,150.0,189,0.09999999999999998,True,False
326,2133463,350.0,447,0.09999999999999998,True,False
327,2134257,485.0,794,0.09999999999999998,True,False
328,2134723,355.0,466,0.09999999999999998,True,False
329,2135100,430.0,377,0.09999999999999998,True,False
330,2135400,245.0,300,0.09999999999999998,True,False
331,2136255,515.0,855,0.09999999999999998,True,False
332,2136805,730.0,550,0.09999999999999998,True,False
333,2137099,190.0,294,0.09999999999999998,True,False
334,2137619,515.0,520,0.09999999999999998,True,False
335,2138029,280.0,410,0.09999999999999998,True,False
336,2138458,280.0,429,0.09999999999999998,True,False
337,2138782,180.0,324,0.09999999999999998,True,False
338,2139510,465.0,728,0.09999999999999998,True,False
339,2139963,390.0,453,0.09999999999999998,True,False
340,2140278,240.0,315,0.09999999999999998,True,False
341,2140615,235.0,337,0.09999999999999998,True,False
342,2140791,125.0,176,0.09999999999999998,True,False
343,2141001,180.0,210,0.09999999999999998,True,False
344,2141135,50.0,134,0.09999999999999998,True,False
345,2142007,390.0,872,0.09999999999999998,True,False
346,2142447,570.0,440,0.09999999999999998,True,False
347,2142926,425.0,479,0.09999999999999998,True,False
348,2143404,290.0,478,0.09999999999999998,True,False
349,2144257,550.0,853,0.09999999999999998,True,False
350,2144994,600.0,737,0.09999999999999998,True,False
351,2145625,400.0,631,0.09999999999999998,True,False
352,2145954,195.0,329,0.09999999999999998,True,False
353,2146145,155.0,191,0.09999999999999998,True,False
354,2146482,250.0,337,0.09999999999999998,True,False
355,2146794,245.0,312,0.09999999999999998,True,False
356,2146880,0.0,86,0.09999999999999998,True,False
357,2147406,440.0,526,0.09999999999999998,True,False
358,2147805,355.0,399,0.09999999999999998,True,False
359,2148227,295.0,422,0.09999999999999998,True,False
360,2148634,360.0,407,0.09999999999999998,True,False
361,2148796,80.0,162,0.09999999999999998,True,False
362,2149107,210.0,311,0.09999999999999998,True,False
363,2149464,235.0,357,0.09999999999999998,True,False
364,2150041,485.0,577,0.09999999999999998,True,False
365,2150336,200.0,295,0.09999999999999998,True,False
366,2150648,235.0,312,0.09999999999999998,True,False
367,2151237,435.0,589,0.09999999999999998,True,False
368,2151594,240.0,357,0.09999999999999998,True,False
369,2152052,315.0,458,0.09999999999999998,True,False
370,2152395,235.0,343,0.09999999999999998,True,False
371,2152857,355.0,462,0.09999999999999998,True,False
372,2153674,465.0,817,0.09999999999999998,True,False
373,2154033,280.0,359,0.09999999999999998,True,False
374,2154565,405.0,532,0.09999999999999998,True,False
375,2154779,155.0,214,0.09999999999999998,True,False
376,2155143,225.0,364,0.09999999999999998,True,False
377,2155501,280.0,358,0.09999999999999998,True,False
378,2155709,155.0,208,0.09999999999999998,True,False
379,2156231,700.0,522,0.09999999999999998,True,False
380,2156767,635.0,536,0.09999999999999998,True,False
381,2156938,105.0,171,0.09999999999999998,True,False
382,2157692,495.0,754,0.09999999999999998,True,False
383,2158456,440.0,764,0.09999999999999998,True,False
384,2158819,225.0,363,0.09999999999999998,True,False
385,2159240,295.0,421,0.09999999999999998,True,False
386,2160035,635.0,795,0.09999999999999998,True,False
387,2160367,295.0,332,0.09999999999999998,True,False
388,2160581,155.0,214,0.09999999999999998,True,False
389,2161064,335.0,483,0.09999999999999998,True,False
390,2161382,170.0,318,0.09999999999999998,True,False
391,2161705,240.0,323,0.09999999999999998,True,False
392,2162353,525.0,648,0.09999999999999998,True,False
393,2162835,365.0,482,0.09999999999999998,True,False
394,2163362,420.0,527,0.09999999999999998,True,False
395,2163927,580.0,565,0.09999999999999998,True,False
396,2164501,580.0,574,0.09999999999999998,True,False
397,2165166,450.0,665,0.09999999999999998,True,False
398,2165709,370.0,543,0.09999999999999998,True,False
399,2166277,310.0,568,0.09999999999999998,True,False
400,2166905,410.0,628,0.09999999999999998,True,False
401,2167244,210.0,339,0.09999999999999998,True,False
402,2167717,410.0,473,0.09999999999999998,True,False
403,2167895,105.0,178,0.09999999999999998,True,False
404,2168252,290.0,357,0.09999999999999998,True,False
405,2168763,345.0,511,0.09999999999999998,True,False
406,2169206,530.0,443,0.09999999999999998,True,False
407,2169574,290.0,368,0.09999999999999998,True,False
408,2170008,305.0,434,0.09999999999999998,True,False
409,2170547,390.0,539,0.09999999999999998,True,False
410,2170936,260.0,389,0.09999999999999998,True,False
411,2171370,205.0,434,0.09999999999999998,True,False
412,2171836,550.0,466,0.09999999999999998,True,False
413,2172386,435.0,550,0.09999999999999998,True,False
414,2172724,245.0,338,0.09999999999999998,True,False
415,2173430,545.0,706,0.09999999999999998,True,False
416,2173775,260.0,345,0.09999999999999998,True,False
417,2174097,260.0,322,0.09999999999999998,True,False
418,2174240,30.0,143,0.09999999999999998,True,False
419,2174890,480.0,650,0.09999999999999998,True,False
420,2175226,255.0,336,0.09999999999999998,True,False
421,2175869,450.0,643,0.09999999999999998,True,False
422,2176508,375.0,639,0.09999999999999998,True,False
423,2176847,265.0,339,0.09999999999999998,True,False
424,2177343,355.0,496,0.09999999999999998,True,False
425,2178127,445.0,784,0.09999999999999998,True,False
426,2178720,495.0,593,0.09999999999999998,True,False
427,2179048,215.0,328,0.09999999999999998,True,False
428,2179561,555.0,513,0.09999999999999998,True,False
429,2179994,350.0,433,0.09999999999999998,True,False
430,2180448,305.0,454,0.09999999999999998,True,False
431,2180626,105.0,178,0.09999999999999998,True,False
432,2181380,775.0,754,0.09999999999999998,True,False
433,2181926,290.0,546,0.09999999999999998,True,False
434,2182268,285.0,342,0.09999999999999998,True,False
435,2182587,230.0,319,0.09999999999999998,True,False
436,2183095,470.0,508,0.09999999999999998,True,False
437,2183242,100.0,147,0.09999999999999998,True,False
438,2184016,515.0,774,0.09999999999999998,True,False
439,2184376,285.0,360,0.09999999999999998,True,False
440,2184736,295.0,360,0.09999999999999998,True,False
441,2184956,100.0,220,0.09999999999999998,True,False
442,2185562,500.0,606,0.09999999999999998,True,False
443,2186004,590.0,442,0.09999999999999998,True,False
444,2186148,60.0,144,0.09999999999999998,True,False
445,2186640,470.0,492,0.09999999999999998,True,False
446,2187035,250.0,395,0.09999999999999998,True,False
447,2187459,320.0,424,0.09999999999999998,True,False
448,2188086,520.0,627,0.09999999999999998,True,False
449,2188901,685.0,815,0.09999999999999998,True,False
450,2189250,230.0,349,0.09999999999999998,True,False
451,2190165,570.0,915,0.09999999999999998,True,False
452,2190866,660.0,701,0.09999999999999998,True,False
453,2191681,515.0,815,0.09999999999999998,True,False
454,2192023,225.0,342,0.09999999999999998,True,False
455,2192576,335.0,553,0.09999999999999998,True,False
456,2192922,265.0,346,0.09999999999999998,True,False
457,2193254,420.0,332,0.09999999999999998,True,False
458,2193542,195.0,288,0.09999999999999998,True,False
459,2193965,390.0,423,0.09999999999999998,True,False
460,2194370,250.0,405,0.09999999999999998,True,False
461,2194928,470.0,558,0.09999999999999998,True,False
462,2195330,285.0,402,0.09999999999999998,True,False
463,2195780,155.0,450,0.09999999999999998,True,False
464,2196182,290.0,402,0.09999999999999998,True,False
465,2196863,445.0,681,0.09999999999999998,True,False
466,2197284,510.0,421,0.09999999999999998,True,False
467,2197616,255.0,332,0.09999999999999998,True,False
468,2198022,315.0,406,0.09999999999999998,True,False
469,2198341,450.0,319,0.09999999999999998,True,False
470,2198762,325.0,421,0.09999999999999998,True,False
471,2199353,530.0,591,0.09999999999999998,True,False
472,2199629,175.0,276,0.09999999999999998,True,False
473,2199808,105.0,179,0.09999999999999998,True,False
474,2200497,470.0,689,0.09999999999999998,True,False
475,2201558,740.0,1061,0.09999999999999998,True,False
476,2201871,300.0,313,0.09999999999999998,True,False
477,2202478,440.0,607,0.09999999999999998,True,False
478,2203047,390.0,569,0.09999999999999998,True,False
479,2203494,530.0,447,0.09999999999999998,True,False
480,2203872,225.0,378,0.09999999999999998,True,False
481,2204496,470.0,624,0.09999999999999998,True,False
482,2204803,260.0,307,0.09999999999999998,True,False
483,2205352,385.0,549,0.09999999999999998,True,False
484,2205518,55.0,166,0.09999999999999998,True,False
485,2206117,425.0,599,0.09999999999999998,True,False
486,2206604,430.0,487,0.09999999999999998,True,False
487,2206976,200.0,372,0.09999999999999998,True,False
488,2207449,335.0,473,0.09999999999999998,True,False
489,2208193,485.0,744,0.09999999999999998,True,False
490,2208694,265.0,501,0.09999999999999998,True,False
491,2209116,295.0,422,0.09999999999999998,True,False
492,2209475,275.0,359,0.09999999999999998,True,False
493,2209899,150.0,424,0.09999999999999998,True,False
494,2210435,510.0,536,0.09999999999999998,True,False
495,2210972,360.0,537,0.09999999999999998,True,False
496,2211707,685.0,735,0.09999999999999998,True,False
497,2212188,395.0,481,0.09999999999999998,True,False
498,2212687,260.0,499,0.09999999999999998,True,False
499,2213102,300.0,415,0.09999999999999998,True,False
500,2213394,245.0,292,0.09999999999999998,True,False
501,2213779,305.0,385,0.09999999999999998,True,False
502,2214095,260.0,316,0.09999999999999998,True,False
503,2214582,280.0,487,0.09999999999999998,True,False
504,2214972,285.0,390,0.09999999999999998,True,False
505,2215601,695.0,629,0.09999999999999998,True,False
506,2215937,430.0,336,0.09999999999999998,True,False
507,2216235,245.0,298,0.09999999999999998,True,False
508,2216624,360.0,389,0.09999999999999998,True,False
509,2217104,615.0,480,0.09999999999999998,True,False
510,2217405,205.0,301,0.09999999999999998,True,False
511,2217937,365.0,532,0.09999999999999998,True,False
512,2218463,365.0,526,0.09999999999999998,True,False
513,2218892,500.0,429,0.09999999999999998,True,False
514,2219396,325.0,504,0.09999999999999998,True,False
515,2219764,270.0,368,0.09999999999999998,True,False
516,2220208,330.0,444,0.09999999999999998,True,False
517,2220573,440.0,365,0.09999999999999998,True,False
518,2220721,45.0,148,0.09999999999999998,True,False
519,2221119,290.0,398,0.09999999999999998,True,False
520,2221317,125.0,198,0.09999999999999998,True,False
521,2221790,580.0,473,0.09999999999999998,True,False
522,2222088,110.0,298,0.09999999999999998,True,False
523,2222294,210.0,206,0.09999999999999998,True,False
524,2222707,360.0,413,0.09999999999999998,True,False
525,2223098,205.0,391,0.09999999999999998,True,False
526,2223465,280.0,367,0.09999999999999998,True,False
527,2223879,265.0,414,0.09999999999999998,True,False
528,2224223,280.0,344,0.09999999999999998,True,False
529,2224658,310.0,435,0.09999999999999998,True,False
530,2224977,265.0,319,0.09999999999999998,True,False
531,2225341,290.0,364,0.09999999999999998,True,False
532,2225883,375.0,542,0.09999999999999998,True,False
533,2226198,245.0,315,0.09999999999999998,True,False
534,2226546,280.0,348,0.09999999999999998,True,False
535,2226959,285.0,413,0.09999999999999998,True,False
536,2227487,480.0,528,0.09999999999999998,True,False
537,2228112,440.0,625,0.09999999999999998,True,False
538,2228448,225.0,336,0.09999999999999998,True,False
539,2228543,0.0,95,0.09999999999999998,True,False
540,2229344,460.0,801,0.09999999999999998,True,False
541,2229805,360.0,461,0.09999999999999998,True,False
542,2230127,250.0,322,0.09999999999999998,True,False
543,2230790,545.0,663,0.09999999999999998,True,False
544,2231107,230.0,317,0.09999999999999998,True,False
545,2231504,370.0,397,0.09999999999999998,True,False
546,2231861,530.0,357,0.09999999999999998,True,False
547,2232331,395.0,470,0.09999999999999998,True,False
548,2232709,300.0,378,0.09999999999999998,True,False
549,2233321,320.0,612,0.09999999999999998,True,False
550,2233648,195.0,327,0.09999999999999998,True,False
551,2234262,440.0,614,0.09999999999999998,True,False
552,2234658,335.0,396,0.09999999999999998,True,False
553,2234937,200.0,279,0.09999999999999998,True,False
554,2235417,320.0,480,0.09999999999999998,True,False
555,2235743,190.0,326,0.09999999999999998,True,False
556,2235930,80.0,187,0.09999999999999998,True,False
557,2236347,465.0,417,0.09999999999999998,True,False
558,2236655,255.0,308,0.09999999999999998,True,False
559,2237296,455.0,641,0.09999999999999998,True,False
560,2237790,380.0,494,0.09999999999999998,True,False
561,2238477,395.0,687,0.09999999999999998,True,False
562,2239108,485.0,631,0.09999999999999998,True,False
563,2239403,240.0,295,0.09999999999999998,True,False
564,2239691,170.0,288,0.09999999999999998,True,False
565,2239856,105.0,165,0.09999999999999998,True,False
566,2240565,495.0,709,0.09999999999999998,True,False
567,2240971,370.0,406,0.09999999999999998,True,False
568,2241381,350.0,410,0.09999999999999998,True,False
569,2241720,250.0,339,0.09999999999999998,True,False
570,2242054,270.0,334,0.09999999999999998,True,False
571,2242785,470.0,731,0.09999999999999998,True,False
572,2242969,90.0,184,0.09999999999999998,True,False
573,2243408,230.0,439,0.09999999999999998,True,False
574,2243898,255.0,490,0.09999999999999998,True,False
575,2244395,465.0,497,0.09999999999999998,True,False
576,2244769,185.0,374,0.09999999999999998,True,False
577,2244859,20.0,90,0.09999999999999998,True,False
578,2245003,65.0,144,0.09999999999999998,True,False
579,2245292,160.0,289,0.09999999999999998,True,False
580,2245883,740.0,591,0.09999999999999998,True,False
581,2246249,230.0,366,0.09999999999999998,True,False
582,2246749,320.0,500,0.09999999999999998,True,False
583,2247316,445.0,567,0.09999999999999998,True,False
584,2247845,440.0,529,0.09999999999999998,True,False
585,2248200,290.0,355,0.09999999999999998,True,False
586,2248704,590.0,504,0.09999999999999998,True,False
587,2249461,520.0,757,0.09999999999999998,True,False
588,2249898,280.0,437,0.09999999999999998,True,False
589,2250322,370.0,424,0.09999999999999998,True,False
590,2251104,515.0,782,0.09999999999999998,True,False
591,2251281,100.0,177,0.09999999999999998,True,False
592,2251670,370.0,389,0.09999999999999998,True,False
593,2252045,315.0,375,0.09999999999999998,True,False
594,2252379,255.0,334,0.09999999999999998,True,False
595,2252820,280.0,441,0.09999999999999998,True,False
596,2253161,420.0,341,0.09999999999999998,True,False
597,2253527,255.0,366,0.09999999999999998,True,False
598,2254031,355.0,504,0.09999999999999998,True,False
599,2254230,125.0,199,0.09999999999999998,True,False
600,2254763,415.0,533,0.09999999999999998,True,False
601,2255338,335.0,575,0.09999999999999998,True,False
602,2255893,740.0,555,0.09999999999999998,True,False
603,2256377,370.0,484,0.09999999999999998,True,False
604,2256769,375.0,392,0.09999999999999998,True,False
605,2257208,355.0,439,0.09999999999999998,True,False
606,2257575,355.0,367,0.09999999999999998,True,False
607,2257895,270.0,320,0.09999999999999998,True,False
608,2258263,215.0,368,0.09999999999999998,True,False
609,2258615,265.0,352,0.09999999999999998,True,False
610,2259206,240.0,591,0.09999999999999998,True,False
611,2259333,50.0,127,0.09999999999999998,True,False
612,2259743,245.0,410,0.09999999999999998,True,False
613,2260234,575.0,491,0.09999999999999998,True,False
614,2260660,285.0,426,0.09999999999999998,True,False
615,2260986,240.0,326,0.09999999999999998,True,False
616,2261401,350.0,415,0.09999999999999998,True,False
617,2262007,300.0,606,0.09999999999999998,True,False
618,2262566,385.0,559,0.09999999999999998,True,False
619,2262807,120.0,241,0.09999999999999998,True,False
620,2263151,215.0,344,0.09999999999999998,True,False
621,2263632,340.0,481,0.09999999999999998,True,False
622,2264078,490.0,446,0.09999999999999998,True,False
623,2264359,215.0,281,0.09999999999999998,True,False
624,2264825,350.0,466,0.09999999999999998,True,False
625,2265304,310.0,479,0.09999999999999998,True,False
626,2266405,765.0,1101,0.09999999999999998,True,False
627,2266531,75.0,126,0.09999999999999998,True,False
628,2266937,365.0,406,0.09999999999999998,True,False
629,2267272,430.0,335,0.09999999999999998,True,False
630,2267852,400.0,580,0.09999999999999998,True,False
631,2268308,580.0,456,0.09999999999999998,True,False
632,2269053,540.0,745,0.09999999999999998,True,False
633,2269456,370.0,403,0.09999999999999998,True,False
634,2270246,545.0,790,0.09999999999999998,True,False
635,2270536,235.0,290,0.09999999999999998,True,False
636,2271050,425.0,514,0.09999999999999998,True,False
637,2271316,175.0,266,0.09999999999999998,True,False
638,2271637,270.0,321,0.09999999999999998,True,False
639,2272115,235.0,478,0.09999999999999998,True,False
640,2272801,540.0,686,0.09999999999999998,True,False
641,2273080,205.0,279,0.09999999999999998,True,False
642,2273393,305.0,313,0.09999999999999998,True,False
643,2273757,250.0,364,0.09999999999999998,True,False
644,2274022,185.0,265,0.09999999999999998,True,False
645,2274221,125.0,199,0.09999999999999998,True,False
646,2274494,225.0,273,0.09999999999999998,True,False
647,2274981,295.0,487,0.09999999999999998,True,False
648,2275669,505.0,688,0.09999999999999998,True,False
649,2276280,600.0,611,0.09999999999999998,True,False
650,2276470,115.0,190,0.09999999999999998,True,False
651,2276862,435.0,392,0.09999999999999998,True,False
652,2277379,350.0,517,0.09999999999999998,True,False
653,2278120,545.0,741,0.09999999999999998,True,False
654,2278285,125.0,165,0.09999999999999998,True,False
655,2278845,305.0,560,0.09999999999999998,True,False
656,2279267,350.0,422,0.09999999999999998,True,False
657,2279676,230.0,409,0.09999999999999998,True,False
658,2280035,220.0,359,0.09999999999999998,True,False
659,2280434,275.0,399,0.09999999999999998,True,False
660,2280866,305.0,432,0.09999999999999998,True,False
661,2281151,225.0,285,0.09999999999999998,True,False
662,2281956,660.0,805,0.09999999999999998,True,False
663,2282450,395.0,494,0.09999999999999998,True,False
664,2283062,430.0,612,0.09999999999999998,True,False
665,2283620,420.0,558,0.09999999999999998,True,False
666,2284323,440.0,703,0.09999999999999998,True,False
667,2284719,305.0,396,0.09999999999999998,True,False
668,2285405,525.0,686,0.09999999999999998,True,False
669,2286008,230.0,603,0.09999999999999998,True,False
670,2286540,470.0,532,0.09999999999999998,True,False
671,2286827,200.0,287,0.09999999999999998,True,False
672,2287141,250.0,314,0.09999999999999998,True,False
673,2287702,345.0,561,0.09999999999999998,True,False
674,2288278,395.0,576,0.09999999999999998,True,False
675,2288598,255.0,320,0.09999999999999998,True,False
676,2289181,445.0,583,0.09999999999999998,True,False
677,2289447,235.0,266,0.09999999999999998,True,False
678,2289965,320.0,518,0.09999999999999998,True,False
679,2290384,350.0,419,0.09999999999999998,True,False
680,2290850,270.0,466,0.09999999999999998,True,False
681,2291168,235.0,318,0.09999999999999998,True,False
682,2291315,90.0,147,0.09999999999999998,True,False
683,2291711,360.0,396,0.09999999999999998,True,False
684,2292072,220.0,361,0.09999999999999998,True,False
685,2292399,255.0,327,0.09999999999999998,True,False
686,2292908,500.0,509,0.09999999999999998,True,False
687,2293381,495.0,473,0.09999999999999998,True,False
688,2293665,135.0,284,0.09999999999999998,True,False
689,2293827,100.0,162,0.09999999999999998,True,False
690,2294351,440.0,524,0.09999999999999998,True,False
691,2294785,245.0,434,0.09999999999999998,True,False
692,2295318,270.0,533,0.09999999999999998,True,False
693,2295653,240.0,335,0.09999999999999998,True,False
694,2296048,335.0,395,0.09999999999999998,True,False
695,2296457,305.0,409,0.09999999999999998,True,False
696,2297320,600.0,863,0.09999999999999998,True,False
697,2297525,155.0,205,0.09999999999999998,True,False
698,2298213,520.0,688,0.09999999999999998,True,False
699,2298534,245.0,321,0.09999999999999998,True,False
700,2298847,280.0,313,0.09999999999999998,True,False
701,2299490,445.0,643,0.09999999999999998,True,False
702,2299747,230.0,257,0.09999999999999998,True,False
703,2300061,265.0,314,0.09999999999999998,True,False
704,2300339,170.0,278,0.09999999999999998,True,False
705,2300615,130.0,276,0.09999999999999998,True,False
706,2300832,150.0,217,0.09999999999999998,True,False
707,2301163,305.0,331,0.09999999999999998,True,False
708,2301348,110.0,185,0.09999999999999998,True,False
709,2301687,275.0,339,0.09999999999999998,True,False
710,2302423,470.0,736,0.09999999999999998,True,False
711,2302931,345.0,508,0.09999999999999998,True,False
712,2303599,445.0,668,0.09999999999999998,True,False
713,2304155,570.0,556,0.09999999999999998,True,False
714,2304395,180.0,240,0.09999999999999998,True,False
715,2304718,255.0,323,0.09999999999999998,True,False
716,2305397,465.0,679,0.09999999999999998,True,False
717,2306057,570.0,660,0.09999999999999998,True,False
718,2306216,85.0,159,0.09999999999999998,True,False
719,2306545,215.0,329,0.09999999999999998,True,False
720,2306952,250.0,407,0.09999999999999998,True,False
721,2307632,515.0,680,0.09999999999999998,True,False
722,2307951,205.0,319,0.09999999999999998,True,False
723,2308290,295.0,339,0.09999999999999998,True,False
724,2308435,65.0,145,0.09999999999999998,True,False
725,2309028,465.0,593,0.09999999999999998,True,False
726,2309215,85.0,187,0.09999999999999998,True,False
727,2309356,55.0,141,0.09999999999999998,True,False
728,2309571,125.0,215,0.09999999999999998,True,False
729,2310020,505.0,449,0.09999999999999998,True,False
730,2310325,115.0,305,0.09999999999999998,True,False
731,2310967,430.0,642,0.09999999999999998,True,False
732,2311600,385.0,633,0.09999999999999998,True,False
733,2312163,385.0,563,0.09999999999999998,True,False
734,2312325,125.0,162,0.09999999999999998,True,False
735,2312963,415.0,638,0.09999999999999998,True,False
736,2313486,340.0,523,0.09999999999999998,True,False
737,2313841,230.0,355,0.09999999999999998,True,False
738,2314294,560.0,453,0.09999999999999998,True,False
739,2314807,515.0,513,0.09999999999999998,True,False
740,2315130,325.0,323,0.09999999999999998,True,False
741,2315518,250.0,388,0.09999999999999998,True,False
742,2315922,230.0,404,0.09999999999999998,True,False
743,2316244,260.0,322,0.09999999999999998,True,False
744,2316515,255.0,271,0.09999999999999998,True,False
745,2316814,270.0,299,0.09999999999999998,True,False
746,2317130,75.0,316,0.09999999999999998,True,False
747,2317323,180.0,193,0.09999999999999998,True,False
748,2317681,420.0,358,0.09999999999999998,True,False
749,2317991,210.0,310,0.09999999999999998,True,False
750,2318326,215.0,335,0.09999999999999998,True,False
751,2318744,325.0,418,0.09999999999999998,True,False
752,2319594,600.0,850,0.09999999999999998,True,False
753,2320074,390.0,480,0.09999999999999998,True,False
754,2320408,245.0,334,0.09999999999999998,True,False
755,2320878,610.0,470,0.09999999999999998,True,False
756,2321409,500.0,531,0.09999999999999998,True,False
757,2321785,250.0,376,0.09999999999999998,True,False
758,2322215,365.0,430,0.09999999999999998,True,False
759,2322660,485.0,445,0.09999999999999998,True,False
760,2322958,235.0,298,0.09999999999999998,True,False
761,2323916,510.0,958,0.09999999999999998,True,False
762,2324348,250.0,432,0.09999999999999998,True,False
763,2324621,225.0,273,0.09999999999999998,True,False
764,2324845,100.0,224,0.09999999999999998,True,False
765,2325551,870.0,706,0.09999999999999998,True,False
766,2325926,265.0,375,0.09999999999999998,True,False
767,2326333,290.0,407,0.09999999999999998,True,False
768,2326851,440.0,518,0.09999999999999998,True,False
769,2327151,160.0,300,0.09999999999999998,True,False
770,2327628,385.0,477,0.09999999999999998,True,False
771,2328017,190.0,389,0.09999999999999998,True,False
772,2328390,260.0,373,0.09999999999999998,True,False
773,2328710,290.0,320,0.09999999999999998,True,False
774,2329115,200.0,405,0.09999999999999998,True,False
775,2329475,275.0,360,0.09999999999999998,True,False
776,2330107,425.0,632,0.09999999999999998,True,False
777,2330459,205.0,352,0.09999999999999998,True,False
778,2330790,265.0,331,0.09999999999999998,True,False
779,2331124,245.0,334,0.09999999999999998,True,False
780,2331825,665.0,701,0.09999999999999998,True,False
781,2332087,130.0,262,0.09999999999999998,True,False
782,2332543,345.0,456,0.09999999999999998,True,False
783,2332951,320.0,408,0.09999999999999998,True,False
784,2333559,465.0,608,0.09999999999999998,True,False
785,2333963,380.0,404,0.09999999999999998,True,False
786,2334366,275.0,403,0.09999999999999998,True,False
787,2334667,265.0,301,0.09999999999999998,True,False
788,2335036,245.0,369,0.09999999999999998,True,False
789,2335360,205.0,324,0.09999999999999998,True,False
790,2335758,330.0,398,0.09999999999999998,True,False
791,2336095,320.0,337,0.09999999999999998,True,False
792,2336576,350.0,481,0.09999999999999998,True,False
793,2336897,270.0,321,0.09999999999999998,True,False
794,2337207,290.0,310,0.09999999999999998,True,False
795,2337685,380.0,478,0.09999999999999998,True,False
796,2338094,355.0,409,0.09999999999999998,True,False
797,2338436,295.0,342,0.09999999999999998,True,False
798,2338848,345.0,412,0.09999999999999998,True,False
799,2339699,510.0,851,0.09999999999999998,True,False
800,2339993,275.0,294,0.09999999999999998,True,False
801,2340830,410.0,837,0.09999999999999998,True,False
802,2341005,120.0,175,0.09999999999999998,True,False
803,2341166,35.0,161,0.09999999999999998,True,False
804,2341439,200.0,273,0.09999999999999998,True,False
805,2341777,240.0,338,0.09999999999999998,True,False
806,2342501,615.0,724,0.09999999999999998,True,False
807,2342803,255.0,302,0.09999999999999998,True,False
808,2343316,350.0,513,0.09999999999999998,True,False
809,2343848,320.0,532,0.09999999999999998,True,False
810,2344768,570.0,920,0.09999999999999998,True,False
811,2345114,250.0,346,0.09999999999999998,True,False
812,2345543,410.0,429,0.09999999999999998,True,False
813,2345962,380.0,419,0.09999999999999998,True,False
814,2346322,265.0,360,0.09999999999999998,True,False
815,2346640,230.0,318,0.09999999999999998,True,False
816,2347137,410.0,497,0.09999999999999998,True,False
817,2347693,435.0,556,0.09999999999999998,True,False
818,2348233,350.0,540,0.09999999999999998,True,False
819,2348709,345.0,476,0.09999999999999998,True,False
820,2349031,275.0,322,0.09999999999999998,True,False
821,2349474,340.0,443,0.09999999999999998,True,False
822,2349867,305.0,393,0.09999999999999998,True,False
823,2350262,205.0,395,0.09999999999999998,True,False
824,2350993,545.0,731,0.09999999999999998,True,False
825,2351138,80.0,145,0.09999999999999998,True,False
826,2351502,260.0,364,0.09999999999999998,True,False
827,2351881,480.0,379,0.09999999999999998,True,False
828,2352231,315.0,350,0.09999999999999998,True,False
829,2352501,215.0,270,0.09999999999999998,True,False
830,2352585,5.0,84,0.09999999999999998,True,False
831,2352747,100.0,162,0.09999999999999998,True,False
832,2353104,285.0,357,0.09999999999999998,True,False
833,2353776,435.0,672,0.09999999999999998,True,False
834,2354121,240.0,345,0.09999999999999998,True,False
835,2354780,370.0,659,0.09999999999999998,True,False
836,2355241,225.0,461,0.09999999999999998,True,False
837,2355423,125.0,182,0.09999999999999998,True,False
838,2355778,255.0,355,0.09999999999999998,True,False
839,2356268,360.0,490,0.09999999999999998,True,False
840,2356726,385.0,458,0.09999999999999998,True,False
841,2357291,335.0,565,0.09999999999999998,True,False
842,2357740,330.0,449,0.09999999999999998,True,False
843,2358008,180.0,268,0.09999999999999998,True,False
844,2358770,515.0,762,0.09999999999999998,True,False
845,2359117,240.0,347,0.09999999999999998,True,False
846,2359444,270.0,327,0.09999999999999998,True,False
847,2359759,270.0,315,0.09999999999999998,True,False
848,2360128,455.0,369,0.09999999999999998,True,False
849,2360446,205.0,318,0.09999999999999998,True,False
850,2360928,510.0,482,0.09999999999999998,True,False
851,2361667,835.0,739,0.09999999999999998,True,False
852,2362476,535.0,809,0.09999999999999998,True,False
853,2362673,150.0,197,0.09999999999999998,True,False
854,2362837,80.0,164,0.09999999999999998,True,False
855,2363473,420.0,636,0.09999999999999998,True,False
856,2363943,435.0,470,0.09999999999999998,True,False
857,2364260,235.0,317,0.09999999999999998,True,False
858,2364723,360.0,463,0.09999999999999998,True,False
859,2364836,30.0,113,0.09999999999999998,True,False
860,2365135,215.0,299,0.09999999999999998,True,False
861,2365489,280.0,354,0.09999999999999998,True,False
862,2365875,250.0,386,0.09999999999999998,True,False
863,2366419,450.0,544,0.09999999999999998,True,False
864,2367060,415.0,641,0.09999999999999998,True,False
865,2367685,440.0,625,0.09999999999999998,True,False
866,2368114,485.0,429,0.09999999999999998,True,False
867,2368891,720.0,777,0.09999999999999998,True,False
868,2369218,230.0,327,0.09999999999999998,True,False
869,2369630,305.0,412,0.09999999999999998,True,False
870,2370183,460.0,553,0.09999999999999998,True,False
871,2370570,345.0,387,0.09999999999999998,True,False
872,2370893,275.0,323,0.09999999999999998,True,False
873,2371257,260.0,364,0.09999999999999998,True,False
874,2371582,245.0,325,0.09999999999999998,True,False
875,2371857,255.0,275,0.09999999999999998,True,False
876,2372222,230.0,365,0.09999999999999998,True,False
877,2372646,315.0,424,0.09999999999999998,True,False
878,2373021,280.0,375,0.09999999999999998,True,False
879,2373422,255.0,401,0.09999999999999998,True,False
880,2373686,215.0,264,0.09999999999999998,True,False
881,2374513,495.0,827,0.09999999999999998,True,False
882,2374960,335.0,447,0.09999999999999998,True,False
883,2375477,335.0,517,0.09999999999999998,True,False
884,2375955,385.0,478,0.09999999999999998,True,False
885,2376106,80.0,151,0.09999999999999998,True,False
886,2376501,290.0,395,0.09999999999999998,True,False
887,2377214,495.0,713,0.09999999999999998,True,False
888,2377676,355.0,462,0.09999999999999998,True,False
889,2378510,570.0,834,0.09999999999999998,True,False
890,2378905,290.0,395,0.09999999999999998,True,False
891,2379201,215.0,296,0.09999999999999998,True,False
892,2379751,355.0,550,0.09999999999999998,True,False
893,2380160,250.0,409,0.09999999999999998,True,False
894,2380492,260.0,332,0.09999999999999998,True,False
895,2380783,240.0,291,0.09999999999999998,True,False
896,2381525,485.0,742,0.09999999999999998,True,False
897,2381905,250.0,380,0.09999999999999998,True,False
898,2382271,205.0,366,0.09999999999999998,True,False
899,2382419,45.0,148,0.09999999999999998,True,False
900,2382747,285.0,328,0.09999999999999998,True,False
901,2383114,265.0,367,0.09999999999999998,True,False
902,2383309,105.0,195,0.09999999999999998,True,False
903,2383742,275.0,433,0.09999999999999998,True,False
904,2384554,490.0,812,0.09999999999999998,True,False
905,2384903,275.0,349,0.09999999999999998,True,False
906,2385471,330.0,568,0.09999999999999998,True,False
907,2385801,260.0,330,0.09999999999999998,True,False
908,2386603,545.0,802,0.09999999999999998,True,False
909,2386936,225.0,333,0.09999999999999998,True,False
910,2387448,365.0,512,0.09999999999999998,True,False
911,2387908,335.0,460,0.09999999999999998,True,False
912,2388369,320.0,461,0.09999999999999998,True,False
913,2388699,400.0,330,0.09999999999999998,True,False
914,2389119,310.0,420,0.09999999999999998,True,False
915,2389683,465.0,564,0.09999999999999998,True,False
916,2390115,295.0,432,0.09999999999999998,True,False
917,2390312,125.0,197,0.09999999999999998,True,False
918,2390829,410.0,517,0.09999999999999998,True,False
919,2391164,315.0,335,0.09999999999999998,True,False
920,2391754,335.0,590,0.09999999999999998,True,False
921,2392507,545.0,753,0.09999999999999998,True,False
922,2392860,275.0,353,0.09999999999999998,True,False
923,2393186,270.0,326,0.09999999999999998,True,False
924,2393392,100.0,206,0.09999999999999998,True,False
925,2393865,370.0,473,0.09999999999999998,True,False
926,2394185,460.0,320,0.09999999999999998,True,False
927,2394591,300.0,406,0.09999999999999998,True,False
928,2395012,360.0,421,0.09999999999999998,True,False
929,2395828,680.0,816,0.09999999999999998,True,False
930,2396107,235.0,279,0.09999999999999998,True,False
931,2396592,415.0,485,0.09999999999999998,True,False
932,2397047,370.0,455,0.09999999999999998,True,False
933,2397406,285.0,359,0.09999999999999998,True,False
934,2397590,125.0,184,0.09999999999999998,True,False
935,2398104,360.0,514,0.09999999999999998,True,False
936,2398474,220.0,370,0.09999999999999998,True,False
937,2398810,295.0,336,0.09999999999999998,True,False
938,2398992,135.0,182,0.09999999999999998,True,False
939,2399399,310.0,407,0.09999999999999998,True,False
940,2399843,275.0,444,0.09999999999999998,True,False
941,2400289,220.0,446,0.09999999999999998,True,False
942,2400664,250.0,375,0.09999999999999998,True,False
943,2401265,360.0,601,0.09999999999999998,True,False
944,2401542,140.0,277,0.09999999999999998,True,False
945,2402215,440.0,673,0.09999999999999998,True,False
946,2403013,545.0,798,0.09999999999999998,True,False
947,2403411,295.0,398,0.09999999999999998,True,False
948,2404009,320.0,598,0.09999999999999998,True,False
949,2404366,270.0,357,0.09999999999999998,True,False
950,2404686,230.0,320,0.09999999999999998,True,False
951,2405189,250.0,503,0.09999999999999998,True,False
952,2405560,340.0,371,0.09999999999999998,True,False
953,2405951,350.0,391,0.09999999999999998,True,False
954,2406436,250.0,485,0.09999999999999998,True,False
955,2406865,380.0,429,0.09999999999999998,True,False
956,2407447,455.0,582,0.09999999999999998,True,False
957,2407738,215.0,291,0.09999999999999998,True,False
958,2408091,290.0,353,0.09999999999999998,True,False
959,2408373,190.0,282,0.09999999999999998,True,False
960,2408618,165.0,245,0.09999999999999998,True,False
961,2408931,225.0,313,0.09999999999999998,True,False
962,2409130,155.0,199,0.09999999999999998,True,False
963,2409552,265.0,422,0.09999999999999998,True,False
964,2409695,90.0,143,0.09999999999999998,True,False
965,2410208,290.0,513,0.09999999999999998,True,False
966,2410473,180.0,265,0.09999999999999998,True,False
967,2410859,270.0,386,0.09999999999999998,True,False
968,2411200,180.0,341,0.09999999999999998,True,False
969,2411515,205.0,315,0.09999999999999998,True,False
970,2412164,715.0,649,0.09999999999999998,True,False
971,2412830,495.0,666,0.09999999999999998,True,False
972,2413273,385.0,443,0.09999999999999998,True,False
973,2413668,500.0,395,0.09999999999999998,True,False
974,2414133,355.0,465,0.09999999999999998,True,False
975,2414845,370.0,712,0.09999999999999998,True,False
976,2415258,270.0,413,0.09999999999999998,True,False
977,2415632,285.0,374,0.09999999999999998,True,False
978,2416098,260.0,466,0.09999999999999998,True,False
979,2416505,265.0,407,0.09999999999999998,True,False
980,2416829,290.0,324,0.09999999999999998,True,False
981,2417203,285.0,374,0.09999999999999998,True,False
982,2417518,270.0,315,0.09999999999999998,True,False
983,2417911,220.0,393,0.09999999999999998,True,False
984,2418365,380.0,454,0.09999999999999998,True,False
985,2419097,445.0,732,0.09999999999999998,True,False
986,2419554,330.0,457,0.09999999999999998,True,False
987,2420131,370.0,577,0.09999999999999998,True,False
988,2420854,515.0,723,0.09999999999999998,True,False
989,2421067,135.0,213,0.09999999999999998,True,False
990,2421532,275.0,465,0.09999999999999998,True,False
991,2421885,205.0,353,0.09999999999999998,True,False
992,2422267,270.0,382,0.09999999999999998,True,False
993,2422879,645.0,612,0.09999999999999998,True,False
994,2423105,130.0,226,0.09999999999999998,True,False
995,2423556,340.0,451,0.09999999999999998,True,False
996,2423892,465.0,336,0.09999999999999998,True,False
997,2424354,400.0,462,0.09999999999999998,True,False
998,2424659,185.0,305,0.09999999999999998,True,False
999,2425525,585.0,866,0.09999999999999998,True,False
1000,2425687,130.0,162,0.09999999999999998,True,False
1001,2426059,250.0,372,0.09999999999999998,True,False
1002,2426396,230.0,337,0.09999999999999998,True,False
1003,2426613,95.0,217,0.09999999999999998,True,False
1004,2427038,280.0,425,0.09999999999999998,True,False
1005,2427127,15.0,89,0.09999999999999998,True,False
1006,2427584,350.0,457,0.09999999999999998,True,False
1007,2427916,305.0,332,0.09999999999999998,True,False
1008,2428387,395.0,471,0.09999999999999998,True,False
1009,2428742,255.0,355,0.09999999999999998,True,False
1010,2429153,360.0,411,0.09999999999999998,True,False
1011,2429542,180.0,389,0.09999999999999998,True,False
1012,2429975,220.0,433,0.09999999999999998,True,False
1013,2430737,455.0,762,0.09999999999999998,True,False
1014,2431395,880.0,658,0.09999999999999998,True,False
1015,2431873,565.0,478,0.09999999999999998,True,False
1016,2432197,270.0,324,0.09999999999999998,True,False
1017,2432635,230.0,438,0.09999999999999998,True,False
1018,2433039,305.0,404,0.09999999999999998,True,False
1019,2433319,175.0,280,0.09999999999999998,True,False
1020,2433648,220.0,329,0.09999999999999998,True,False
1021,2434029,185.0,381,0.09999999999999998,True,False
1022,2434405,270.0,376,0.09999999999999998,True,False
1023,2434779,260.0,374,0.09999999999999998,True,False
1024,2435392,460.0,613,0.09999999999999998,True,False
1025,2435536,105.0,144,0.09999999999999998,True,False
1026,2436104,370.0,568,0.09999999999999998,True,False
1027,2436504,325.0,400,0.09999999999999998,True,False
1028,2436882,210.0,378,0.09999999999999998,True,False
1029,2437415,290.0,533,0.09999999999999998,True,False
1030,2437847,330.0,432,0.09999999999999998,True,False
1031,2438414,435.0,567,0.09999999999999998,True,False
1032,2438703,250.0,289,0.09999999999999998,True,False
1033,2439174,510.0,471,0.09999999999999998,True,False
1034,2439493,260.0,319,0.09999999999999998,True,False
1035,2439680,130.0,187,0.09999999999999998,True,False
1036,2440037,245.0,357,0.09999999999999998,True,False
1037,2440249,155.0,212,0.09999999999999998,True,False
1038,2440711,360.0,462,0.09999999999999998,True,False
1039,2441083,395.0,372,0.09999999999999998,True,False
1040,2441457,200.0,374,0.09999999999999998,True,False
1041,2441788,240.0,331,0.09999999999999998,True,False
1042,2442330,385.0,542,0.09999999999999998,True,False
1043,2442786,335.0,456,0.09999999999999998,True,False
1044,2443126,255.0,340,0.09999999999999998,True,False
1045,2443598,385.0,472,0.09999999999999998,True,False
1046,2444220,700.0,622,0.09999999999999998,True,False
1047,2444721,615.0,501,0.09999999999999998,True,False
1048,2445425,360.0,704,0.09999999999999998,True,False
1049,2445949,395.0,524,0.09999999999999998,True,False
1050,2446559,655.0,610,0.09999999999999998,True,False
1051,2446903,245.0,344,0.09999999999999998,True,False
1052,2447216,275.0,313,0.09999999999999998,True,False
1053,2447698,380.0,482,0.09999999999999998,True,False
1054,2448244,460.0,546,0.09999999999999998,True,False
1055,2448526,255.0,282,0.09999999999999998,True,False
1056,2448861,275.0,335,0.09999999999999998,True,False
1057,2449148,230.0,287,0.09999999999999998,True,False
1058,2449701,685.0,553,0.09999999999999998,True,False
1059,2450005,190.0,304,0.09999999999999998,True,False
1060,2450520,515.0,515,0.09999999999999998,True,False
1061,2451152,390.0,632,0.09999999999999998,True,False
1062,2451797,540.0,645,0.09999999999999998,True,False
1063,2451992,135.0,195,0.09999999999999998,True,False
1064,2452528,580.0,536,0.09999999999999998,True,False
1065,2452997,340.0,469,0.09999999999999998,True,False
1066,2453373,360.0,376,0.09999999999999998,True,False
1067,2453815,295.0,442,0.09999999999999998,True,False
1068,2454165,285.0,350,0.09999999999999998,True,False
1069,2454776,315.0,611,0.09999999999999998,True,False
1070,2455568,695.0,792,0.09999999999999998,True,False
1071,2456036,330.0,468,0.09999999999999998,True,False
1072,2456389,270.0,353,0.09999999999999998,True,False
1073,2456909,630.0,520,0.09999999999999998,True,False
1074,2457580,475.0,671,0.09999999999999998,True,False
1075,2457883,240.0,303,0.09999999999999998,True,False
1076,2458283,255.0,400,0.09999999999999998,True,False
1077,2458461,125.0,178,0.09999999999999998,True,False
1078,2459133,540.0,672,0.09999999999999998,True,False
1079,2459531,270.0,398,0.09999999999999998,True,False
1080,2459995,285.0,464,0.09999999999999998,True,False
1081,2460351,250.0,356,0.09999999999999998,True,False
1082,2460768,220.0,417,0.09999999999999998,True,False
1083,2461263,435.0,495,0.09999999999999998,True,False
1084,2461430,125.0,167,0.09999999999999998,True,False
1085,2461639,155.0,209,0.09999999999999998,True,False
1086,2461805,130.0,166,0.09999999999999998,True,False
1087,2462082,260.0,277,0.09999999999999998,True,False
1088,2462291,125.0,209,0.09999999999999998,True,False
1089,2462758,320.0,467,0.09999999999999998,True,False
1090,2463245,330.0,487,0.09999999999999998,True,False
1091,2463833,405.0,588,0.09999999999999998,True,False
1092,2464434,440.0,601,0.09999999999999998,True,False
1093,2464647,150.0,213,0.09999999999999998,True,False
1094,2464962,230.0,315,0.09999999999999998,True,False
1095,2465157,125.0,195,0.09999999999999998,True,False
1096,2465744,285.0,587,0.09999999999999998,True,False
1097,2466170,220.0,426,0.09999999999999998,True,False
1098,2466476,115.0,306,0.09999999999999998,True,False
1099,2467004,485.0,528,0.09999999999999998,True,False
1100,2467528,345.0,524,0.09999999999999998,True,False
1101,2468023,430.0,495,0.09999999999999998,True,False
1102,2468426,290.0,403,0.09999999999999998,True,False
1103,2468593,105.0,167,0.09999999999999998,True,False
1104,2468888,240.0,295,0.09999999999999998,True,False
1105,2469421,600.0,533,0.09999999999999998,True,False
1106,2470153,450.0,732,0.09999999999999998,True,False
1107,2470416,95.0,263,0.09999999999999998,True,False
1108,2470749,210.0,333,0.09999999999999998,True,False
1109,2471121,260.0,372,0.09999999999999998,True,False
1110,2471476,250.0,355,0.09999999999999998,True,False
1111,2471924,335.0,448,0.09999999999999998,True,False
1112,2472364,265.0,440,0.09999999999999998,True,False
1113,2472800,155.0,436,0.09999999999999998,True,False
1114,2472954,60.0,154,0.09999999999999998,True,False
1115,2473301,305.0,347,0.09999999999999998,True,False
1116,2473817,415.0,516,0.09999999999999998,True,False
1117,2474307,375.0,490,0.09999999999999998,True,False
1118,2474940,475.0,633,0.09999999999999998,True,False
1119,2475124,125.0,184,0.09999999999999998,True,False
1120,2475691,490.0,567,0.09999999999999998,True,False
1121,2476008,230.0,317,0.09999999999999998,True,False
1122,2476326,275.0,318,0.09999999999999998,True,False
1123,2476800,255.0,474,0.09999999999999998,True,False
1124,2477080,140.0,280,0.09999999999999998,True,False
1125,2477191,35.0,111,0.09999999999999998,True,False
1126,2477518,260.0,327,0.09999999999999998,True,False
1127,2477801,230.0,283,0.09999999999999998,True,False
1128,2478162,245.0,361,0.09999999999999998,True,False
1129,2478888,570.0,726,0.09999999999999998,True,False
1130,2479236,215.0,348,0.09999999999999998,True,False
1131,2479587,230.0,351,0.09999999999999998,True,False
1132,2479866,185.0,279,0.09999999999999998,True,False
1133,2480276,470.0,410,0.09999999999999998,True,False
1134,2480756,340.0,480,0.09999999999999998,True,False
1135,2481257,360.0,501,0.09999999999999998,True,False
1136,2481942,470.0,685,0.09999999999999998,True,False
1137,2482292,490.0,350,0.09999999999999998,True,False
1138,2482591,225.0,299,0.09999999999999998,True,False
1139,2483067,290.0,476,0.09999999999999998,True,False
1140,2483361,210.0,294,0.09999999999999998,True,False
1141,2484176,515.0,815,0.09999999999999998,True,False
1142,2484837,540.0,661,0.09999999999999998,True,False
1143,2485420,410.0,583,0.09999999999999998,True,False
1144,2485619,100.0,199,0.09999999999999998,True,False
1145,2486184,410.0,565,0.09999999999999998,True,False
1146,2486699,390.0,515,0.09999999999999998,True,False
1147,2487159,515.0,460,0.09999999999999998,True,False
1148,2487639,565.0,480,0.09999999999999998,True,False
1149,2488094,415.0,455,0.09999999999999998,True,False
1150,2488538,310.0,444,0.09999999999999998,True,False
1151,2488834,215.0,296,0.09999999999999998,True,False
1152,2489319,490.0,485,0.09999999999999998,True,False
1153,2489813,540.0,494,0.09999999999999998,True,False
1154,2489980,60.0,167,0.09999999999999998,True,False
1155,2490467,380.0,487,0.09999999999999998,True,False
1156,2490700,80.0,233,0.09999999999999998,True,False
1157,2490832,80.0,132,0.09999999999999998,True,False
1158,2491280,220.0,448,0.09999999999999998,True,False
1159,2491674,280.0,394,0.09999999999999998,True,False
1160,2492234,435.0,560,0.09999999999999998,True,False
1161,2493371,570.0,1137,0.09999999999999998,True,False
1162,2493672,235.0,301,0.09999999999999998,True,False
1163,2493942,285.0,270,0.09999999999999998,True,False
1164,2494214,230.0,272,0.09999999999999998,True,False
1165,2494495,200.0,281,0.09999999999999998,True,False
1166,2495314,545.0,819,0.09999999999999998,True,False
1167,2495722,515.0,408,0.09999999999999998,True,False
1168,2496209,370.0,487,0.09999999999999998,True,False
1169,2496626,245.0,417,0.09999999999999998,True,False
1170,2496906,200.0,280,0.09999999999999998,True,False
1171,2497322,250.0,416,0.09999999999999998,True,False
1172,2497681,315.0,359,0.09999999999999998,True,False
1173,2497973,220.0,292,0.09999999999999998,True,False
1174,2498742,685.0,769,0.09999999999999998,True,False
1175,2499174,430.0,432,0.09999999999999998,True,False
1176,2499741,435.0,567,0.09999999999999998,True,False
1177,2500706,470.0,965,0.09999999999999998,True,False
1178,2501088,270.0,382,0.09999999999999998,True,False
1179,2501436,290.0,348,0.09999999999999998,True,False
1180,2501872,355.0,436,0.09999999999999998,True,False
1181,2502145,210.0,273,0.09999999999999998,True,False
1182,2502501,405.0,356,0.09999999999999998,True,False
1183,2503083,465.0,582,0.09999999999999998,True,False
1184,2503728,550.0,645,0.09999999999999998,True,False
1185,2504241,375.0,513,0.09999999999999998,True,False
1186,2504673,390.0,432,0.09999999999999998,True,False
1187,2504873,130.0,200,0.09999999999999998,True,False
1188,2505280,310.0,407,0.09999999999999998,True,False
1189,2505421,90.0,141,0.09999999999999998,True,False
1190,2505954,385.0,533,0.09999999999999998,True,False
1191,2506483,405.0,529,0.09999999999999998,True,False
1192,2506990,590.0,507,0.09999999999999998,True,False
1193,2507143,105.0,153,0.09999999999999998,True,False
1194,2508139,740.0,996,0.09999999999999998,True,False
1195,2508341,135.0,202,0.09999999999999998,True,False
1196,2508671,255.0,330,0.09999999999999998,True,False
1197,2509455,485.0,784,0.09999999999999998,True,False
1198,2509874,540.0,419,0.09999999999999998,True,False
1199,2510267,295.0,393,0.09999999999999998,True,False
1200,2510551,150.0,284,0.09999999999999998,True,False
1201,2511019,240.0,468,0.09999999999999998,True,False
1202,2511451,365.0,432,0.09999999999999998,True,False
1203,2511911,415.0,460,0.09999999999999998,True,False
1204,2512383,385.0,472,0.09999999999999998,True,False
1205,2512720,275.0,337,0.09999999999999998,True,False
1206,2513202,310.0,482,0.09999999999999998,True,False
1207,2513569,275.0,367,0.09999999999999998,True,False
1208,2513925,320.0,356,0.09999999999999998,True,False
1209,2514511,280.0,586,0.09999999999999998,True,False
1210,2514688,80.0,177,0.09999999999999998,True,False
1211,2515000,260.0,312,0.09999999999999998,True,False
1212,2515335,315.0,335,0.09999999999999998,True,False
1213,2515865,485.0,530,0.09999999999999998,True,False
1214,2516368,315.0,503,0.09999999999999998,True,False
1215,2516854,315.0,486,0.09999999999999998,True,False
1216,2517236,295.0,382,0.09999999999999998,True,False
1217,2517646,245.0,410,0.09999999999999998,True,False
1218,2518091,345.0,445,0.09999999999999998,True,False
1219,2518612,455.0,521,0.09999999999999998,True,False
1220,2518967,420.0,355,0.09999999999999998,True,False
1221,2519766,655.0,799,0.09999999999999998,True,False
1222,2520075,150.0,309,0.09999999999999998,True,False
1223,2520844,440.0,769,0.09999999999999998,True,False
1224,2521251,300.0,407,0.09999999999999998,True,False
1225,2521641,265.0,390,0.09999999999999998,True,False
1226,2521815,65.0,174,0.09999999999999998,True,False
1227,2522456,495.0,641,0.09999999999999998,True,False
1228,2522905,335.0,449,0.09999999999999998,True,False
1229,2523197,150.0,292,0.09999999999999998,True,False
1230,2523522,265.0,325,0.09999999999999998,True,False
1231,2523956,315.0,434,0.09999999999999998,True,False
1232,2524240,225.0,284,0.09999999999999998,True,False
1233,2524908,480.0,668,0.09999999999999998,True,False
1234,2525077,100.0,169,0.09999999999999998,True,False
1235,2525446,255.0,369,0.09999999999999998,True,False
1236,2525733,235.0,287,0.09999999999999998,True,False
1237,2526045,275.0,312,0.09999999999999998,True,False
1238,2526407,245.0,362,0.09999999999999998,True,False
1239,2526886,440.0,479,0.09999999999999998,True,False
1240,2527223,270.0,337,0.09999999999999998,True,False
1241,2527770,465.0,547,0.09999999999999998,True,False
1242,2528241,255.0,471,0.09999999999999998,True,False
1243,2528545,280.0,304,0.09999999999999998,True,False
1244,2528992,380.0,447,0.09999999999999998,True,False
1245,2529372,510.0,380,0.09999999999999998,True,False
1246,2529825,385.0,453,0.09999999999999998,True,False
1247,2530021,135.0,196,0.09999999999999998,True,False
1248,2530293,180.0,272,0.09999999999999998,True,False
1249,2530783,400.0,490,0.09999999999999998,True,False
1250,2531402,455.0,619,0.09999999999999998,True,False
1251,2531814,290.0,412,0.09999999999999998,True,False
1252,2532290,385.0,476,0.09999999999999998,True,False
1253,2532656,265.0,366,0.09999999999999998,True,False
1254,2532856,135.0,200,0.09999999999999998,True,False
1255,2533364,430.0,508,0.09999999999999998,True,False
1256,2533808,345.0,444,0.09999999999999998,True,False
1257,2534157,480.0,349,0.09999999999999998,True,False
1258,2534572,495.0,415,0.09999999999999998,True,False
1259,2534952,345.0,380,0.09999999999999998,True,False
1260,2535452,305.0,500,0.09999999999999998,True,False
1261,2535953,505.0,501,0.09999999999999998,True,False
1262,2536439,440.0,486,0.09999999999999998,True,False
1263,2536870,515.0,431,0.09999999999999998,True,False
1264,2537461,295.0,591,0.09999999999999998,True,False
1265,2537854,285.0,393,0.09999999999999998,True,False
1266,2538527,455.0,673,0.09999999999999998,True,False
1267,2538865,255.0,338,0.09999999999999998,True,False
1268,2539668,635.0,803,0.09999999999999998,True,False
1269,2540252,430.0,584,0.09999999999999998,True,False
1270,2540550,165.0,298,0.09999999999999998,True,False
1271,2541189,370.0,639,0.09999999999999998,True,False
1272,2541328,80.0,139,0.09999999999999998,True,False
1273,2541952,375.0,624,0.09999999999999998,True,False
1274,2542451,365.0,499,0.09999999999999998,True,False
1275,2542917,340.0,466,0.09999999999999998,True,False
1276,2543544,585.0,627,0.09999999999999998,True,False
1277,2544162,405.0,618,0.09999999999999998,True,False
1278,2544328,80.0,166,0.09999999999999998,True,False
1279,2544868,390.0,540,0.09999999999999998,True,False
1280,2545172,185.0,304,0.09999999999999998,True,False
1281,2545532,245.0,360,0.09999999999999998,True,False
1282,2545854,250.0,322,0.09999999999999998,True,False
1283,2546358,260.0,504,0.09999999999999998,True,False
1284,2546887,630.0,529,0.09999999999999998,True,False
1285,2547002,40.0,115,0.09999999999999998,True,False
1286,2547715,570.0,713,0.09999999999999998,True,False
1287,2548038,250.0,323,0.09999999999999998,True,False
1288,2548536,380.0,498,0.09999999999999998,True,False
1289,2549206,290.0,670,0.09999999999999998,True,False
1290,2549648,390.0,442,0.09999999999999998,True,False
1291,2550244,360.0,596,0.09999999999999998,True,False
1292,2550564,235.0,320,0.09999999999999998,True,False
1293,2551018,235.0,454,0.09999999999999998,True,False
1294,2551429,295.0,411,0.09999999999999998,True,False
1295,2551663,135.0,234,0.09999999999999998,True,False
1296,2552050,275.0,387,0.09999999999999998,True,False
1297,2552601,435.0,551,0.09999999999999998,True,False
1298,2553165,380.0,564,0.09999999999999998,True,False
1299,2553462,220.0,297,0.09999999999999998,True,False
1300,2554038,405.0,576,0.09999999999999998,True,False
1301,2554513,600.0,475,0.09999999999999998,True,False
1302,2555025,205.0,512,0.09999999999999998,True,False
1303,2555354,240.0,329,0.09999999999999998,True,False
1304,2555716,280.0,362,0.09999999999999998,True,False
1305,2556090,190.0,374,0.09999999999999998,True,False
1306,2556411,275.0,321,0.09999999999999998,True,False
1307,2556864,355.0,453,0.09999999999999998,True,False
1308,2557277,290.0,413,0.09999999999999998,True,False
1309,2557728,295.0,451,0.09999999999999998,True,False
1310,2558486,485.0,758,0.09999999999999998,True,False
1311,2558819,250.0,333,0.09999999999999998,True,False
1312,2559136,285.0,317,0.09999999999999998,True,False
1313,2559337,155.0,201,0.09999999999999998,True,False
1314,2559831,285.0,494,0.09999999999999998,True,False
1315,2560110,260.0,279,0.09999999999999998,True,False
1316,2560450,250.0,340,0.09999999999999998,True,False
1317,2560883,260.0,433,0.09999999999999998,True,False
1318,2561248,265.0,365,0.09999999999999998,True,False
1319,2561904,500.0,656,0.09999999999999998,True,False
1320,2562080,125.0,176,0.09999999999999998,True,False
1321,2562520,460.0,440,0.09999999999999998,True,False
1322,2563068,385.0,548,0.09999999999999998,True,False
1323,2563431,295.0,363,0.09999999999999998,True,False
1324,2563873,265.0,442,0.09999999999999998,True,False
1325,2564398,330.0,525,0.09999999999999998,True,False
1326,2564738,270.0,340,0.09999999999999998,True,False
1327,2565086,245.0,348,0.09999999999999998,True,False
1328,2565669,325.0,583,0.09999999999999998,True,False
1329,2566110,335.0,441,0.09999999999999998,True,False
1330,2566631,425.0,521,0.09999999999999998,True,False
1331,2566779,90.0,148,0.09999999999999998,True,False
1332,2567112,285.0,333,0.09999999999999998,True,False
1333,2567682,455.0,570,0.09999999999999998,True,False
1334,2568541,650.0,859,0.09999999999999998,True,False
1335,2568976,305.0,435,0.09999999999999998,True,False
1336,2569444,335.0,468,0.09999999999999998,True,False
1337,2570151,495.0,707,0.09999999999999998,True,False
1338,2570572,575.0,421,0.09999999999999998,True,False
1339,2571325,495.0,753,0.09999999999999998,True,False
1340,2571807,380.0,482,0.09999999999999998,True,False
1341,2572219,230.0,412,0.09999999999999998,True,False
1342,2572620,290.0,401,0.09999999999999998,True,False
1343,2572902,230.0,282,0.09999999999999998,True,False
1344,2573378,470.0,476,0.09999999999999998,True,False
1345,2573489,30.0,111,0.09999999999999998,True,False
1346,2574085,385.0,596,0.09999999999999998,True,False
1347,2574422,275.0,337,0.09999999999999998,True,False
1348,2574703,225.0,281,0.09999999999999998,True,False
1349,2575132,365.0,429,0.09999999999999998,True,False
1350,2575487,295.0,355,0.09999999999999998,True,False
1351,2575891,335.0,404,0.09999999999999998,True,False
1352,2576523,575.0,632,0.09999999999999998,True,False
1353,2576821,200.0,298,0.09999999999999998,True,False
1354,2577392,385.0,571,0.09999999999999998,True,False
1355,2578024,335.0,632,0.09999999999999998,True,False
1356,2578357,240.0,333,0.09999999999999998,True,False
1357,2578709,275.0,352,0.09999999999999998,True,False
1358,2579120,345.0,411,0.09999999999999998,True,False
1359,2579798,685.0,678,0.09999999999999998,True,False
1360,2580450,460.0,652,0.09999999999999998,True,False
1361,2580779,260.0,329,0.09999999999999998,True,False
1362,2581037,180.0,258,0.09999999999999998,True,False
1363,2581329,230.0,292,0.09999999999999998,True,False
1364,2581905,360.0,576,0.09999999999999998,True,False
1365,2582367,360.0,462,0.09999999999999998,True,False
1366,2582764,285.0,397,0.09999999999999998,True,False
1367,2583107,430.0,343,0.09999999999999998,True,False
1368,2583518,285.0,411,0.09999999999999998,True,False
1369,2584101,495.0,583,0.09999999999999998,True,False
1370,2584643,565.0,542,0.09999999999999998,True,False
1371,2584954,215.0,311,0.09999999999999998,True,False
1372,2585498,335.0,544,0.09999999999999998,True,False
1373,2585822,285.0,324,0.09999999999999998,True,False
1374,2586144,240.0,322,0.09999999999999998,True,False
1375,2586422,225.0,278,0.09999999999999998,True,False
1376,2587165,600.0,743,0.09999999999999998,True,False
1377,2587680,420.0,515,0.09999999999999998,True,False
1378,2588127,335.0,447,0.09999999999999998,True,False
1379,2588476,290.0,349,0.09999999999999998,True,False
1380,2588618,60.0,142,0.09999999999999998,True,False
1381,2588960,255.0,342,0.09999999999999998,True,False
1382,2589478,315.0,518,0.09999999999999998,True,False
1383,2589829,270.0,351,0.09999999999999998,True,False
1384,2590201,265.0,372,0.09999999999999998,True,False
1385,2590730,410.0,529,0.09999999999999998,True,False
1386,2591376,505.0,646,0.09999999999999998,True,False
1387,2592008,470.0,632,0.09999999999999998,True,False
1388,2592341,310.0,333,0.09999999999999998,True,False
1389,2592634,230.0,293,0.09999999999999998,True,False
1390,2592830,125.0,196,0.09999999999999998,True,False
1391,2593176,305.0,346,0.09999999999999998,True,False
1392,2593578,345.0,402,0.09999999999999998,True,False
1393,2593957,240.0,379,0.09999999999999998,True,False
1394,2594321,260.0,364,0.09999999999999998,True,False
1395,2594742,305.0,421,0.09999999999999998,True,False
1396,2595064,260.0,322,0.09999999999999998,True,False
1397,2595589,435.0,525,0.09999999999999998,True,False
1398,2596079,310.0,490,0.09999999999999998,True,False
1399,2596404,255.0,325,0.09999999999999998,True,False
1400,2596786,295.0,382,0.09999999999999998,True,False
1401,2596935,50.0,149,0.09999999999999998,True,False
1402,2597433,315.0,498,0.09999999999999998,True,False
1403,2597992,340.0,559,0.09999999999999998,True,False
1404,2598363,245.0,371,0.09999999999999998,True,False
1405,2598975,405.0,612,0.09999999999999998,True,False
1406,2599669,510.0,694,0.09999999999999998,True,False
1407,2600353,440.0,684,0.09999999999999998,True,False
1408,2600908,465.0,555,0.09999999999999998,True,False
1409,2601482,490.0,574,0.09999999999999998,True,False
1410,2601894,365.0,412,0.09999999999999998,True,False
1411,2602327,390.0,433,0.09999999999999998,True,False
1412,2602887,330.0,560,0.09999999999999998,True,False
1413,2603387,350.0,500,0.09999999999999998,True,False
1414,2603711,270.0,324,0.09999999999999998,True,False
1415,2604022,200.0,311,0.09999999999999998,True,False
1416,2604663,485.0,641,0.09999999999999998,True,False
1417,2604968,205.0,305,0.09999999999999998,True,False
1418,2605169,155.0,201,0.09999999999999998,True,False
1419,2605521,310.0,352,0.09999999999999998,True,False
1420,2605959,340.0,438,0.09999999999999998,True,False
1421,2606356,300.0,397,0.09999999999999998,True,False
1422,2606856,335.0,500,0.09999999999999998,True,False
1423,2607286,340.0,430,0.09999999999999998,True,False
1424,2607596,230.0,310,0.09999999999999998,True,False
1425,2607865,110.0,269,0.09999999999999998,True,False
1426,2608292,335.0,427,0.09999999999999998,True,False
1427,2608853,380.0,561,0.09999999999999998,True,False
1428,2609162,260.0,309,0.09999999999999998,True,False
1429,2609451,235.0,289,0.09999999999999998,True,False
1430,2609738,260.0,287,0.09999999999999998,True,False
1431,2610025,270.0,287,0.09999999999999998,True,False
1432,2610482,170.0,457,0.09999999999999998,True,False
1433,2610881,275.0,399,0.09999999999999998,True,False
1434,2611421,370.0,540,0.09999999999999998,True,False
1435,2611586,150.0,165,0.09999999999999998,True,False
1436,2612172,515.0,586,0.09999999999999998,True,False
1437,2612445,230.0,273,0.09999999999999998,True,False
1438,2612851,220.0,406,0.09999999999999998,True,False
1439,2613408,560.0,557,0.09999999999999998,True,False
1440,2613696,240.0,288,0.09999999999999998,True,False
1441,2614381,440.0,685,0.09999999999999998,True,False
1442,2615195,460.0,814,0.09999999999999998,True,False
1443,2615525,210.0,330,0.09999999999999998,True,False
1444,2615723,150.0,198,0.09999999999999998,True,False
1445,2616262,390.0,539,0.09999999999999998,True,False
1446,2616624,275.0,362,0.09999999999999998,True,False
1447,2616789,125.0,165,0.09999999999999998,True,False
1448,2617543,540.0,754,0.09999999999999998,True,False
1449,2618344,575.0,801,0.09999999999999998,True,False
1450,2618772,340.0,428,0.09999999999999998,True,False
1451,2619305,385.0,533,0.09999999999999998,True,False
1452,2619769,300.0,464,0.09999999999999998,True,False
1453,2620349,370.0,580,0.09999999999999998,True,False
1454,2620802,290.0,453,0.09999999999999998,True,False
1455,2621145,300.0,343,0.09999999999999998,True,False
1456,2621453,260.0,308,0.09999999999999998,True,False
1457,2622091,485.0,638,0.09999999999999998,True,False
1458,2622830,485.0,739,0.09999999999999998,True,False
1459,2623281,255.0,451,0.09999999999999998,True,False
1460,2623423,75.0,142,0.09999999999999998,True,False
1461,2624236,600.0,813,0.09999999999999998,True,False
1462,2624542,230.0,306,0.09999999999999998,True,False
1463,2624825,240.0,283,0.09999999999999998,True,False
1464,2625402,615.0,577,0.09999999999999998,True,False
1465,2626108,545.0,706,0.09999999999999998,True,False
1466,2626452,240.0,344,0.09999999999999998,True,False
1467,2627292,800.0,840,0.09999999999999998,True,False
1468,2627688,485.0,396,0.09999999999999998,True,False
1469,2628059,345.0,371,0.09999999999999998,True,False
1470,2628508,330.0,449,0.09999999999999998,True,False
1471,2628971,385.0,463,0.09999999999999998,True,False
1472,2629254,230.0,283,0.09999999999999998,True,False
1473,2629843,465.0,589,0.09999999999999998,True,False
1474,2630151,295.0,308,0.09999999999999998,True,False
1475,2630418,180.0,267,0.09999999999999998,True,False
1476,2630916,305.0,498,0.09999999999999998,True,False
1477,2631478,330.0,562,0.09999999999999998,True,False
1478,2631698,180.0,220,0.09999999999999998,True,False
1479,2631886,155.0,188,0.09999999999999998,True,False
1480,2632686,600.0,800,0.09999999999999998,True,False
1481,2633005,235.0,319,0.09999999999999998,True,False
1482,2633226,155.0,221,0.09999999999999998,True,False
1483,2633630,295.0,404,0.09999999999999998,True,False
1484,2634070,380.0,440,0.09999999999999998,True,False
1485,2634817,460.0,747,0.09999999999999998,True,False
1486,2635088,130.0,271,0.09999999999999998,True,False
1487,2635254,45.0,166,0.09999999999999998,True,False
1488,2635674,280.0,420,0.09999999999999998,True,False
1489,2636007,285.0,333,0.09999999999999998,True,False
1490,2636393,370.0,386,0.09999999999999998,True,False
1491,2637140,570.0,747,0.09999999999999998,True,False
1492,2637521,330.0,381,0.09999999999999998,True,False
1493,2637991,585.0,470,0.09999999999999998,True,False
1494,2638077,0.0,86,0.09999999999999998,True,False
1495,2638356,205.0,279,0.09999999999999998,True,False
1496,2639101,515.0,745,0.09999999999999998,True,False
1497,2639741,410.0,640,0.09999999999999998,True,False
1498,2640263,430.0,522,0.09999999999999998,True,False
1499,2640668,355.0,405,0.09999999999999998,True,False
1500,2640964,180.0,296,0.09999999999999998,True,False
1501,2641315,280.0,351,0.09999999999999998,True,False
1502,2642229,570.0,914,0.09999999999999998,True,False
1503,2642589,235.0,360,0.09999999999999998,True,False
1504,2643011,335.0,422,0.09999999999999998,True,False
1505,2643322,245.0,311,0.09999999999999998,True,False
1506,2643518,115.0,196,0.09999999999999998,True,False
1507,2643996,395.0,478,0.09999999999999998,True,False
1508,2644194,135.0,198,0.09999999999999998,True,False
1509,2644530,235.0,336,0.09999999999999998,True,False
1510,2645013,465.0,483,0.09999999999999998,True,False
1511,2645336,190.0,323,0.09999999999999998,True,False
1512,2645734,340.0,398,0.09999999999999998,True,False
1513,2646156,335.0,422,0.09999999999999998,True,False
1514,2646720,395.0,564,0.09999999999999998,True,False
1515,2647064,275.0,344,0.09999999999999998,True,False
1516,2647337,205.0,273,0.09999999999999998,True,False
1517,2647689,435.0,352,0.09999999999999998,True,False
1518,2648119,270.0,430,0.09999999999999998,True,False
1519,2648936,490.0,817,0.09999999999999998,True,False
1520,2649064,75.0,128,0.09999999999999998,True,False
1521,2649344,135.0,280,0.09999999999999998,True,False
1522,2649758,515.0,414,0.09999999999999998,True,False
1523,2650366,485.0,608,0.09999999999999998,True,False
1524,2650831,275.0,465,0.09999999999999998,True,False
1525,2651387,495.0,556,0.09999999999999998,True,False
1526,2651520,75.0,133,0.09999999999999998,True,False
1527,2651879,195.0,359,0.09999999999999998,True,False
1528,2652486,490.0,607,0.09999999999999998,True,False
1529,2652673,130.0,187,0.09999999999999998,True,False
1530,2653180,335.0,507,0.09999999999999998,True,False
1531,2653514,220.0,334,0.09999999999999998,True,False
1532,2653793,240.0,279,0.09999999999999998,True,False
1533,2654055,210.0,262,0.09999999999999998,True,False
1534,2654265,130.0,210,0.09999999999999998,True,False
1535,2654656,225.0,391,0.09999999999999998,True,False
1536,2654791,105.0,135,0.09999999999999998,True,False
1537,2655127,275.0,336,0.09999999999999998,True,False
1538,2655677,420.0,550,0.09999999999999998,True,False
1539,2656108,200.0,431,0.09999999999999998,True,False
1540,2656280,90.0,172,0.09999999999999998,True,False
1541,2656470,150.0,190,0.09999999999999998,True,False
1542,2656883,325.0,413,0.09999999999999998,True,False
1543,2657226,220.0,343,0.09999999999999998,True,False
1544,2657381,120.0,155,0.09999999999999998,True,False
1545,2657741,450.0,360,0.09999999999999998,True,False
1546,2658232,340.0,491,0.09999999999999998,True,False
1547,2658625,430.0,393,0.09999999999999998,True,False
1548,2659224,495.0,599,0.09999999999999998,True,False
1549,2659779,400.0,555,0.09999999999999998,True,False
1550,2660104,280.0,325,0.09999999999999998,True,False
1551,2660440,235.0,336,0.09999999999999998,True,False
1552,2660733,260.0,293,0.09999999999999998,True,False
1553,2660932,155.0,199,0.09999999999999998,True,False
1554,2661650,445.0,718,0.09999999999999998,True,False
1555,2662220,380.0,570,0.09999999999999998,True,False
1556,2662652,475.0,432,0.09999999999999998,True,False
1557,2663075,255.0,423,0.09999999999999998,True,False
1558,2663807,545.0,732,0.09999999999999998,True,False
1559,2664211,345.0,404,0.09999999999999998,True,False
1560,2664656,335.0,445,0.09999999999999998,True,False
1561,2665023,280.0,367,0.09999999999999998,True,False
1562,2665851,545.0,828,0.09999999999999998,True,False
1563,2666145,130.0,294,0.09999999999999998,True,False
1564,2666750,415.0,605,0.09999999999999998,True,False
1565,2666930,60.0,180,0.09999999999999998,True,False
1566,2667413,375.0,483,0.09999999999999998,True,False
1567,2667806,185.0,393,0.09999999999999998,True,False
1568,2668077,110.0,271,0.09999999999999998,True,False
1569,2668721,740.0,644,0.09999999999999998,True,False
1570,2669315,430.0,594,0.09999999999999998,True,False
1571,2669964,740.0,649,0.09999999999999998,True,False
1572,2670266,235.0,302,0.09999999999999998,True,False
1573,2670539,230.0,273,0.09999999999999998,True,False
1574,2671083,435.0,544,0.09999999999999998,True,False
1575,2671216,105.0,133,0.09999999999999998,True,False
1576,2671619,315.0,403,0.09999999999999998,True,False
1577,2671964,245.0,345,0.09999999999999998,True,False
1578,2672310,295.0,346,0.09999999999999998,True,False
1579,2672596,180.0,286,0.09999999999999998,True,False
1580,2673027,325.0,431,0.09999999999999998,True,False
1581,2673457,575.0,430,0.09999999999999998,True,False
1582,2673905,295.0,448,0.09999999999999998,True,False
1583,2674352,250.0,447,0.09999999999999998,True,False
1584,2674680,215.0,328,0.09999999999999998,True,False
1585,2675053,220.0,373,0.09999999999999998,True,False
1586,2675379,215.0,326,0.09999999999999998,True,False
1587,2675787,285.0,408,0.09999999999999998,True,False
1588,2676260,315.0,473,0.09999999999999998,True,False
1589,2676667,500.0,407,0.09999999999999998,True,False
1590,2677037,205.0,370,0.09999999999999998,True,False
1591,2677395,225.0,358,0.09999999999999998,True,False
1592,2677656,230.0,261,0.09999999999999998,True,False
1593,2677977,215.0,321,0.09999999999999998,True,False
1594,2678371,435.0,394,0.09999999999999998,True,False
1595,2678772,335.0,401,0.09999999999999998,True,False
1596,2679299,350.0,527,0.09999999999999998,True,False
1597,2679673,120.0,374,0.09999999999999998,True,False
1598,2680106,485.0,433,0.09999999999999998,True,False
1599,2680268,55.0,162,0.09999999999999998,True,False
1600,2680654,340.0,386,0.09999999999999998,True,False
1601,2681334,415.0,680,0.09999999999999998,True,False
1602,2681789,315.0,455,0.09999999999999998,True,False
1603,2682437,415.0,648,0.09999999999999998,True,False
1604,2682858,230.0,421,0.09999999999999998,True,False
1605,2683544,485.0,686,0.09999999999999998,True,False
1606,2683839,205.0,295,0.09999999999999998,True,False
1607,2684235,245.0,396,0.09999999999999998,True,False
1608,2684633,525.0,398,0.09999999999999998,True,False
1609,2684968,270.0,335,0.09999999999999998,True,False
1610,2685365,440.0,397,0.09999999999999998,True,False
1611,2685576,180.0,211,0.09999999999999998,True,False
1612,2686037,345.0,461,0.09999999999999998,True,False
1613,2686335,285.0,298,0.09999999999999998,True,False
1614,2686831,380.0,496,0.09999999999999998,True,False
1615,2687437,645.0,606,0.09999999999999998,True,False
1616,2688031,435.0,594,0.09999999999999998,True,False
1617,2688608,455.0,577,0.09999999999999998,True,False
1618,2689036,305.0,428,0.09999999999999998,True,False
1619,2689723,395.0,687,0.09999999999999998,True,False
1620,2690161,215.0,438,0.09999999999999998,True,False
1621,2690428,115.0,267,0.09999999999999998,True,False
1622,2690871,470.0,443,0.09999999999999998,True,False
1623,2691657,570.0,786,0.09999999999999998,True,False
1624,2692348,515.0,691,0.09999999999999998,True,False
1625,2692646,155.0,298,0.09999999999999998,True,False
1626,2693124,250.0,478,0.09999999999999998,True,False
1627,2693295,160.0,171,0.09999999999999998,True,False
1628,2693618,245.0,323,0.09999999999999998,True,False
1629,2694268,495.0,650,0.09999999999999998,True,False
1630,2694524,195.0,256,0.09999999999999998,True,False
1631,2694890,375.0,366,0.09999999999999998,True,False
1632,2695335,495.0,445,0.09999999999999998,True,False
1633,2695965,450.0,630,0.09999999999999998,True,False
1634,2696106,65.0,141,0.09999999999999998,True,False
1635,2696312,150.0,206,0.09999999999999998,True,False
1636,2696777,320.0,465,0.09999999999999998,True,False
1637,2697237,285.0,460,0.09999999999999998,True,False
1638,2697812,380.0,575,0.09999999999999998,True,False
1639,2698253,320.0,441,0.09999999999999998,True,False
1640,2698426,125.0,173,0.09999999999999998,True,False
1641,2698769,240.0,343,0.09999999999999998,True,False
1642,2699085,265.0,316,0.09999999999999998,True,False
1643,2699488,260.0,403,0.09999999999999998,True,False
1644,2700044,345.0,556,0.09999999999999998,True,False
1645,2700243,150.0,199,0.09999999999999998,True,False
1646,2700576,260.0,333,0.09999999999999998,True,False
1647,2700911,280.0,335,0.09999999999999998,True,False
1648,2701055,55.0,144,0.09999999999999998,True,False
1649,2701267,155.0,212,0.09999999999999998,True,False
1650,2701438,100.0,171,0.09999999999999998,True,False
1651,2701735,245.0,297,0.09999999999999998,True,False
1652,2702157,330.0,422,0.09999999999999998,True,False
1653,2702550,440.0,393,0.09999999999999998,True,False
1654,2703286,640.0,736,0.09999999999999998,True,False
1655,2703693,315.0,407,0.09999999999999998,True,False
1656,2704018,220.0,325,0.09999999999999998,True,False
1657,2704213,155.0,195,0.09999999999999998,True,False
1658,2704411,105.0,198,0.09999999999999998,True,False
1659,2704748,220.0,337,0.09999999999999998,True,False
1660,2705246,395.0,498,0.09999999999999998,True,False
1661,2705782,360.0,536,0.09999999999999998,True,False
1662,2706554,590.0,772,0.09999999999999998,True,False
1663,2706986,370.0,432,0.09999999999999998,True,False
1664,2707168,155.0,182,0.09999999999999998,True,False
1665,2707613,360.0,445,0.09999999999999998,True,False
1666,2708080,585.0,467,0.09999999999999998,True,False
1667,2708878,670.0,798,0.09999999999999998,True,False
1668,2709279,205.0,401,0.09999999999999998,True,False
1669,2709755,350.0,476,0.09999999999999998,True,False
1670,2710245,370.0,490,0.09999999999999998,True,False
1671,2710923,520.0,678,0.09999999999999998,True,False
1672,2711257,270.0,334,0.09999999999999998,True,False
1673,2711819,360.0,562,0.09999999999999998,True,False
1674,2712261,355.0,442,0.09999999999999998,True,False
1675,2712605,260.0,344,0.09999999999999998,True,False
1676,2712835,90.0,230,0.09999999999999998,True,False
1677,2713562,810.0,727,0.09999999999999998,True,False
1678,2713926,195.0,364,0.09999999999999998,True,False
1679,2714083,45.0,157,0.09999999999999998,True,False
1680,2714423,220.0,340,0.09999999999999998,True,False
1681,2714961,325.0,538,0.09999999999999998,True,False
1682,2715269,240.0,308,0.09999999999999998,True,False
1683,2715601,245.0,332,0.09999999999999998,True,False
1684,2716132,270.0,531,0.09999999999999998,True,False
1685,2716851,465.0,719,0.09999999999999998,True,False
1686,2717184,255.0,333,0.09999999999999998,True,False
1687,2717488,290.0,304,0.09999999999999998,True,False
1688,2717950,510.0,462,0.09999999999999998,True,False
1689,2718865,545.0,915,0.09999999999999998,True,False
1690,2719362,410.0,497,0.09999999999999998,True,False
1691,2719562,150.0,200,0.09999999999999998,True,False
1692,2720034,230.0,472,0.09999999999999998,True,False
1693,2720232,150.0,198,0.09999999999999998,True,False
1694,2720746,315.0,514,0.09999999999999998,True,False
1695,2721223,295.0,477,0.09999999999999998,True,False
1696,2722074,870.0,851,0.09999999999999998,True,False
1697,2722441,410.0,367,0.09999999999999998,True,False
1698,2722974,510.0,533,0.09999999999999998,True,False
1699,2723824,550.0,850,0.09999999999999998,True,False
1700,2724150,245.0,326,0.09999999999999998,True,False
1701,2724831,455.0,681,0.09999999999999998,True,False
1702,2725200,295.0,369,0.09999999999999998,True,False
1703,2725662,530.0,462,0.09999999999999998,True,False
1704,2726047,245.0,385,0.09999999999999998,True,False
1705,2726551,340.0,504,0.09999999999999998,True,False
1706,2727719,860.0,1168,0.09999999999999998,True,False
1707,2728301,350.0,582,0.09999999999999998,True,False
1708,2728904,470.0,603,0.09999999999999998,True,False
1709,2729576,440.0,672,0.09999999999999998,True,False
1710,2729861,205.0,285,0.09999999999999998,True,False
1711,2730045,150.0,184,0.09999999999999998,True,False
1712,2730737,490.0,692,0.09999999999999998,True,False
1713,2731104,360.0,367,0.09999999999999998,True,False
1714,2731459,285.0,355,0.09999999999999998,True,False
1715,2732026,470.0,567,0.09999999999999998,True,False
1716,2732363,255.0,337,0.09999999999999998,True,False
1717,2732963,415.0,600,0.09999999999999998,True,False
1718,2733749,490.0,786,0.09999999999999998,True,False
1719,2734021,150.0,272,0.09999999999999998,True,False
1720,2734339,230.0,318,0.09999999999999998,True,False
1721,2734753,280.0,414,0.09999999999999998,True,False
1722,2735098,240.0,345,0.09999999999999998,True,False
1723,2735433,235.0,335,0.09999999999999998,True,False
1724,2736102,455.0,669,0.09999999999999998,True,False
1725,2736844,470.0,742,0.09999999999999998,True,False
1726,2737145,235.0,301,0.09999999999999998,True,False
1727,2737470,250.0,325,0.09999999999999998,True,False
1728,2737987,530.0,517,0.09999999999999998,True,False
1729,2738490,310.0,503,0.09999999999999998,True,False
1730,2739420,770.0,930,0.09999999999999998,True,False
1731,2739681,190.0,261,0.09999999999999998,True,False
1732,2740573,585.0,892,0.09999999999999998,True,False
1733,2740858,165.0,285,0.09999999999999998,True,False
1734,2741240,360.0,382,0.09999999999999998,True,False
1735,2741646,340.0,406,0.09999999999999998,True,False
1736,2742071,345.0,425,0.09999999999999998,True,False
1737,2742362,170.0,291,0.09999999999999998,True,False
1738,2742830,355.0,468,0.09999999999999998,True,False
1739,2743264,360.0,434,0.09999999999999998,True,False
1740,2743738,335.0,474,0.09999999999999998,True,False
1741,2744229,315.0,491,0.09999999999999998,True,False
1742,2744951,600.0,722,0.09999999999999998,True,False
1743,2745316,260.0,365,0.09999999999999998,True,False
1744,2745980,540.0,664,0.09999999999999998,True,False
1745,2746253,225.0,273,0.09999999999999998,True,False
1746,2746570,260.0,317,0.09999999999999998,True,False
1747,2746765,105.0,195,0.09999999999999998,True,False
1748,2747373,670.0,608,0.09999999999999998,True,False
1749,2747821,365.0,448,0.09999999999999998,True,False
1750,2748137,210.0,316,0.09999999999999998,True,False
1751,2748431,180.0,294,0.09999999999999998,True,False
1752,2748730,190.0,299,0.09999999999999998,True,False
1753,2749210,465.0,480,0.09999999999999998,True,False
1754,2749818,385.0,608,0.09999999999999998,True,False
1755,2750122,190.0,304,0.09999999999999998,True,False
1756,2750456,255.0,334,0.09999999999999998,True,False
1757,2750755,190.0,299,0.09999999999999998,True,False
1758,2751056,245.0,301,0.09999999999999998,True,False
1759,2751543,275.0,487,0.09999999999999998,True,False
1760,2752016,450.0,473,0.09999999999999998,True,False
1761,2752185,125.0,169,0.09999999999999998,True,False
1762,2752587,325.0,402,0.09999999999999998,True,False
1763,2753370,520.0,783,0.09999999999999998,True,False
1764,2753511,80.0,141,0.09999999999999998,True,False
1765,2753713,155.0,202,0.09999999999999998,True,False
1766,2754156,350.0,443,0.09999999999999998,True,False
1767,2754465,195.0,309,0.09999999999999998,True,False
1768,2754892,260.0,427,0.09999999999999998,True,False
1769,2755557,505.0,665,0.09999999999999998,True,False
1770,2755913,250.0,356,0.09999999999999998,True,False
1771,2756254,280.0,341,0.09999999999999998,True,False
1772,2757106,770.0,852,0.09999999999999998,True,False
1773,2757263,125.0,157,0.09999999999999998,True,False
1774,2757602,245.0,339,0.09999999999999998,True,False
1775,2758207,425.0,605,0.09999999999999998,True,False
1776,2758773,470.0,566,0.09999999999999998,True,False
1777,2759095,215.0,322,0.09999999999999998,True,False
1778,2759686,435.0,591,0.09999999999999998,True,False
1779,2760177,370.0,491,0.09999999999999998,True,False
1780,2761130,745.0,953,0.09999999999999998,True,False
1781,2761668,390.0,538,0.09999999999999998,True,False
1782,2762508,570.0,840,0.09999999999999998,True,False
1783,2762705,150.0,197,0.09999999999999998,True,False
1784,2763164,325.0,459,0.09999999999999998,True,False
1785,2763520,265.0,356,0.09999999999999998,True,False
1786,2763989,385.0,469,0.09999999999999998,True,False
1787,2764527,265.0,538,0.09999999999999998,True,False
1788,2765061,355.0,534,0.09999999999999998,True,False
1789,2765724,535.0,663,0.09999999999999998,True,False
1790,2766647,600.0,923,0.09999999999999998,True,False
1791,2767486,575.0,839,0.09999999999999998,True,False
1792,2768284,420.0,798,0.09999999999999998,True,False
1793,2768757,425.0,473,0.09999999999999998,True,False
1794,2769185,305.0,428,0.09999999999999998,True,False
1795,2769492,230.0,307,0.09999999999999998,True,False
1796,2770058,330.0,566,0.09999999999999998,True,False
1797,2770794,720.0,736,0.09999999999999998,True,False
1798,2771337,630.0,543,0.09999999999999998,True,False
1799,2772165,540.0,828,0.09999999999999998,True,False
1800,2772742,525.0,577,0.09999999999999998,True,False
1801,2773158,255.0,416,0.09999999999999998,True,False
1802,2773627,340.0,469,0.09999999999999998,True,False
1803,2773964,235.0,337,0.09999999999999998,True,False
1804,2774427,370.0,463,0.09999999999999998,True,False
1805,2774896,385.0,469,0.09999999999999998,True,False
1806,2775372,400.0,476,0.09999999999999998,True,False
1807,2775766,280.0,394,0.09999999999999998,True,False
1808,2775916,85.0,150,0.09999999999999998,True,False
1809,2776219,115.0,303,0.09999999999999998,True,False
1810,2776650,200.0,431,0.09999999999999998,True,False
1811,2777193,460.0,543,0.09999999999999998,True,False
1812,2777657,340.0,464,0.09999999999999998,True,False
1813,2778172,660.0,515,0.09999999999999998,True,False
1814,2778513,235.0,341,0.09999999999999998,True,False
1815,2778842,170.0,329,0.09999999999999998,True,False
1816,2779332,340.0,490,0.09999999999999998,True,False
1817,2779989,360.0,657,0.09999999999999998,True,False
1818,2780555,350.0,566,0.09999999999999998,True,False
1819,2781185,390.0,630,0.09999999999999998,True,False
1820,2781761,375.0,576,0.09999999999999998,True,False
1821,2782108,210.0,347,0.09999999999999998,True,False
1822,2782506,320.0,398,0.09999999999999998,True,False
1823,2782926,270.0,420,0.09999999999999998,True,False
1824,2783339,280.0,413,0.09999999999999998,True,False
1825,2783655,250.0,316,0.09999999999999998,True,False
1826,2783799,80.0,144,0.09999999999999998,True,False
1827,2784197,240.0,398,0.09999999999999998,True,False
1828,2784436,135.0,239,0.09999999999999998,True,False
1829,2784642,150.0,206,0.09999999999999998,True,False
1830,2785134,265.0,492,0.09999999999999998,True,False
1831,2785576,510.0,442,0.09999999999999998,True,False
1832,2785785,150.0,209,0.09999999999999998,True,False
1833,2785958,80.0,173,0.09999999999999998,True,False
1834,2786480,695.0,522,0.09999999999999998,True,False
1835,2786689,180.0,209,0.09999999999999998,True,False
1836,2787105,360.0,416,0.09999999999999998,True,False
1837,2787278,125.0,173,0.09999999999999998,True,False
1838,2787496,150.0,218,0.09999999999999998,True,False
1839,2788024,395.0,528,0.09999999999999998,True,False
1840,2788320,235.0,296,0.09999999999999998,True,False
1841,2788884,595.0,564,0.09999999999999998,True,False
1842,2789373,400.0,489,0.09999999999999998,True,False
1843,2789770,355.0,397,0.09999999999999998,True,False
1844,2790514,510.0,744,0.09999999999999998,True,False
1845,2790903,345.0,389,0.09999999999999998,True,False
1846,2791269,280.0,366,0.09999999999999998,True,False
1847,2791544,260.0,275,0.09999999999999998,True,False
1848,2792151,415.0,607,0.09999999999999998,True,False
1849,2792273,45.0,122,0.09999999999999998,True,False
1850,2792616,275.0,343,0.09999999999999998,True,False
1851,2792941,305.0,325,0.09999999999999998,True,False
1852,2793483,445.0,542,0.09999999999999998,True,False
1853,2793984,245.0,501,0.09999999999999998,True,False
1854,2794494,380.0,510,0.09999999999999998,True,False
1855,2794655,80.0,161,0.09999999999999998,True,False
1856,2795088,245.0,433,0.09999999999999998,True,False
1857,2795387,245.0,299,0.09999999999999998,True,False
1858,2795827,320.0,440,0.09999999999999998,True,False
1859,2796669,470.0,842,0.09999999999999998,True,False
1860,2797180,365.0,511,0.09999999999999998,True,False
1861,2797875,375.0,695,0.09999999999999998,True,False
1862,2798317,335.0,442,0.09999999999999998,True,False
1863,2798781,285.0,464,0.09999999999999998,True,False
1864,2799081,225.0,300,0.09999999999999998,True,False
1865,2799911,665.0,830,0.09999999999999998,True,False
1866,2800364,360.0,453,0.09999999999999998,True,False
1867,2800875,325.0,511,0.09999999999999998,True,False
1868,2801091,135.0,216,0.09999999999999998,True,False
1869,2801651,415.0,560,0.09999999999999998,True,False
1870,2802250,590.0,599,0.09999999999999998,True,False
1871,2802726,440.0,476,0.09999999999999998,True,False
1872,2803133,310.0,407,0.09999999999999998,True,False
1873,2803402,185.0,269,0.09999999999999998,True,False
1874,2803720,290.0,318,0.09999999999999998,True,False
1875,2804003,170.0,283,0.09999999999999998,True,False
1876,2804184,125.0,181,0.09999999999999998,True,False
1877,2804505,225.0,321,0.09999999999999998,True,False
1878,2804895,335.0,390,0.09999999999999998,True,False
1879,2805203,220.0,308,0.09999999999999998,True,False
1880,2805698,385.0,495,0.09999999999999998,True,False
1881,2806203,435.0,505,0.09999999999999998,True,False
1882,2806618,235.0,415,0.09999999999999998,True,False
1883,2807243,360.0,625,0.09999999999999998,True,False
1884,2807597,450.0,354,0.09999999999999998,True,False
1885,2808071,270.0,474,0.09999999999999998,True,False
1886,2808557,280.0,486,0.09999999999999998,True,False
1887,2808882,155.0,325,0.09999999999999998,True,False
1888,2809371,315.0,489,0.09999999999999998,True,False
1889,2809866,410.0,495,0.09999999999999998,True,False
1890,2810214,235.0,348,0.09999999999999998,True,False
1891,2810695,250.0,481,0.09999999999999998,True,False
1892,2811323,405.0,628,0.09999999999999998,True,False
1893,2812069,490.0,746,0.09999999999999998,True,False
1894,2812606,285.0,537,0.09999999999999998,True,False
1895,2813134,450.0,528,0.09999999999999998,True,False
1896,2813700,245.0,566,0.09999999999999998,True,False
1897,2814226,310.0,526,0.09999999999999998,True,False
1898,2814794,410.0,568,0.09999999999999998,True,False
1899,2815249,610.0,455,0.09999999999999998,True,False
1900,2815785,540.0,536,0.09999999999999998,True,False
1901,2816388,465.0,603,0.09999999999999998,True,False
1902,2816572,150.0,184,0.09999999999999998,True,False
1903,2816945,255.0,373,0.09999999999999998,True,False
1904,2817250,230.0,305,0.09999999999999998,True,False
1905,2817809,355.0,559,0.09999999999999998,True,False
1906,2818138,235.0,329,0.09999999999999998,True,False
1907,2818661,415.0,523,0.09999999999999998,True,False
1908,2818855,165.0,194,0.09999999999999998,True,False
1909,2819456,410.0,601,0.09999999999999998,True,False
1910,2819751,255.0,295,0.09999999999999998,True,False
1911,2820141,240.0,390,0.09999999999999998,True,False
1912,2820545,230.0,404,0.09999999999999998,True,False
1913,2820978,350.0,433,0.09999999999999998,True,False
1914,2821258,195.0,280,0.09999999999999998,True,False
1915,2821532,255.0,274,0.09999999999999998,True,False
1916,2821826,185.0,294,0.09999999999999998,True,False
1917,2822020,135.0,194,0.09999999999999998,True,False
1918,2822476,210.0,456,0.09999999999999998,True,False
1919,2822687,105.0,211,0.09999999999999998,True,False
1920,2823097,295.0,410,0.09999999999999998,True,False
1921,2823391,195.0,294,0.09999999999999998,True,False
1922,2823824,355.0,433,0.09999999999999998,True,False
1923,2824246,255.0,422,0.09999999999999998,True,False
1924,2824775,375.0,529,0.09999999999999998,True,False
1925,2825122,265.0,347,0.09999999999999998,True,False
1926,2825675,375.0,553,0.09999999999999998,True,False
1927,2826158,330.0,483,0.09999999999999998,True,False
1928,2826506,255.0,348,0.09999999999999998,True,False
1929,2826868,230.0,362,0.09999999999999998,True,False
1930,2827176,230.0,308,0.09999999999999998,True,False
1931,2827592,275.0,416,0.09999999999999998,True,False
1932,2827988,240.0,396,0.09999999999999998,True,False
1933,2828515,440.0,527,0.09999999999999998,True,False
1934,2829331,580.0,816,0.09999999999999998,True,False
1935,2829766,400.0,435,0.09999999999999998,True,False
1936,2830261,380.0,495,0.09999999999999998,True,False
1937,2830568,135.0,307,0.09999999999999998,True,False
1938,2830871,245.0,303,0.09999999999999998,True,False
1939,2831491,365.0,620,0.09999999999999998,True,False
1940,2832373,775.0,882,0.09999999999999998,True,False
1941,2832806,360.0,433,0.09999999999999998,True,False
1942,2833061,195.0,255,0.09999999999999998,True,False
1943,2833538,250.0,477,0.09999999999999998,True,False
1944,2834057,360.0,519,0.09999999999999998,True,False
1945,2834460,430.0,403,0.09999999999999998,True,False
1946,2834862,350.0,402,0.09999999999999998,True,False
1947,2835165,225.0,303,0.09999999999999998,True,False
1948,2835469,260.0,304,0.09999999999999998,True,False
1949,2835744,170.0,275,0.09999999999999998,True,False
1950,2836163,320.0,419,0.09999999999999998,True,False
1951,2836483,300.0,320,0.09999999999999998,True,False
1952,2836913,340.0,430,0.09999999999999998,True,False
1953,2837383,475.0,470,0.09999999999999998,True,False
1954,2838215,570.0,832,0.09999999999999998,True,False
1955,2838616,340.0,401,0.09999999999999998,True,False
1956,2838823,100.0,207,0.09999999999999998,True,False
1957,2839338,365.0,515,0.09999999999999998,True,False
1958,2839740,320.0,402,0.09999999999999998,True,False
1959,2840325,360.0,585,0.09999999999999998,True,False
1960,2840801,530.0,476,0.09999999999999998,True,False
1961,2841070,205.0,269,0.09999999999999998,True,False
1962,2841350,215.0,280,0.09999999999999998,True,False
1963,2841785,345.0,435,0.09999999999999998,True,False
1964,2841981,110.0,196,0.09999999999999998,True,False
1965,2842588,400.0,607,0.09999999999999998,True,False
1966,2843178,435.0,590,0.09999999999999998,True,False
1967,2843440,180.0,262,0.09999999999999998,True,False
1968,2843911,365.0,471,0.09999999999999998,True,False
1969,2844448,430.0,537,0.09999999999999998,True,False
1970,2845188,540.0,740,0.09999999999999998,True,False
1971,2845366,125.0,178,0.09999999999999998,True,False
1972,2845737,170.0,371,0.09999999999999998,True,False
1973,2846061,235.0,324,0.09999999999999998,True,False
1974,2846394,295.0,333,0.09999999999999998,True,False
1975,2846574,125.0,180,0.09999999999999998,True,False
1976,2846914,245.0,340,0.09999999999999998,True,False
1977,2847204,185.0,290,0.09999999999999998,True,False
1978,2847468,220.0,264,0.09999999999999998,True,False
1979,2847856,305.0,388,0.09999999999999998,True,False
1980,2848150,230.0,294,0.09999999999999998,True,False
1981,2848492,235.0,342,0.09999999999999998,True,False
1982,2848852,240.0,360,0.09999999999999998,True,False
1983,2849395,635.0,543,0.09999999999999998,True,False
1984,2849824,445.0,429,0.09999999999999998,True,False
1985,2850411,430.0,587,0.09999999999999998,True,False
1986,2850875,320.0,464,0.09999999999999998,True,False
1987,2851426,455.0,551,0.09999999999999998,True,False
1988,2851765,310.0,339,0.09999999999999998,True,False
1989,2852299,415.0,534,0.09999999999999998,True,False
1990,2852590,265.0,291,0.09999999999999998,True,False
1991,2853340,600.0,750,0.09999999999999998,True,False
1992,2853621,200.0,281,0.09999999999999998,True,False
1993,2853772,90.0,151,0.09999999999999998,True,False
1994,2854619,545.0,847,0.09999999999999998,True,False
1995,2855134,380.0,515,0.09999999999999998,True,False
1996,2855913,515.0,779,0.09999999999999998,True,False
1997,2856362,365.0,449,0.09999999999999998,True,False
1998,2856808,275.0,446,0.09999999999999998,True,False
1999,2856947,35.0,139,0.09999999999999998,True,False
2000,2857564,475.0,617,0.09999999999999998,True,False
2001,2858053,435.0,489,0.09999999999999998,True,False
2002,2858386,245.0,333,0.09999999999999998,True,False
2003,2858703,210.0,317,0.09999999999999998,True,False
2004,2859093,350.0,390,0.09999999999999998,True,False
2005,2859787,575.0,694,0.09999999999999998,True,False
2006,2860070,230.0,283,0.09999999999999998,True,False
2007,2860704,555.0,634,0.09999999999999998,True,False
2008,2861042,230.0,338,0.09999999999999998,True,False
2009,2861591,410.0,549,0.09999999999999998,True,False
2010,2862132,235.0,541,0.09999999999999998,True,False
2011,2862526,285.0,394,0.09999999999999998,True,False
2012,2863197,555.0,671,0.09999999999999998,True,False
2013,2863880,490.0,683,0.09999999999999998,True,False
2014,2864523,385.0,643,0.09999999999999998,True,False
2015,2864856,445.0,333,0.09999999999999998,True,False
2016,2865274,290.0,418,0.09999999999999998,True,False
2017,2865634,250.0,360,0.09999999999999998,True,False
2018,2866311,455.0,677,0.09999999999999998,True,False
2019,2866843,415.0,532,0.09999999999999998,True,False
2020,2867180,250.0,337,0.09999999999999998,True,False
2021,2867528,275.0,348,0.09999999999999998,True,False
2022,2868219,465.0,691,0.09999999999999998,True,False
2023,2868555,235.0,336,0.09999999999999998,True,False
2024,2868721,110.0,166,0.09999999999999998,True,False
2025,2868917,100.0,196,0.09999999999999998,True,False
2026,2869496,410.0,579,0.09999999999999998,True,False
2027,2869918,285.0,422,0.09999999999999998,True,False
2028,2870550,480.0,632,0.09999999999999998,True,False
2029,2870749,100.0,199,0.09999999999999998,True,False
2030,2870955,120.0,206,0.09999999999999998,True,False
2031,2871598,450.0,643,0.09999999999999998,True,False
2032,2872013,195.0,415,0.09999999999999998,True,False
2033,2872396,520.0,383,0.09999999999999998,True,False
2034,2873113,570.0,717,0.09999999999999998,True,False
2035,2873439,245.0,326,0.09999999999999998,True,False
2036,2873794,290.0,355,0.09999999999999998,True,False
2037,2874229,300.0,435,0.09999999999999998,True,False
2038,2874603,255.0,374,0.09999999999999998,True,False
2039,2874900,230.0,297,0.09999999999999998,True,False
2040,2875079,150.0,179,0.09999999999999998,True,False
2041,2875495,380.0,416,0.09999999999999998,True,False
2042,2875971,210.0,476,0.09999999999999998,True,False
2043,2876618,410.0,647,0.09999999999999998,True,False
2044,2876991,250.0,373,0.09999999999999998,True,False
2045,2877414,285.0,423,0.09999999999999998,True,False
2046,2878224,470.0,810,0.09999999999999998,True,False
2047,2878948,615.0,724,0.09999999999999998,True,False
2048,2879697,440.0,749,0.09999999999999998,True,False
2049,2880127,620.0,430,0.09999999999999998,True,False
2050,2880445,270.0,318,0.09999999999999998,True,False
2051,2880745,210.0,300,0.09999999999999998,True,False
2052,2881419,775.0,674,0.09999999999999998,True,False
2053,2881884,395.0,465,0.09999999999999998,True,False
2054,2882314,310.0,430,0.09999999999999998,True,False
2055,2882642,265.0,328,0.09999999999999998,True,False
2056,2883327,490.0,685,0.09999999999999998,True,False
2057,2883728,350.0,401,0.09999999999999998,True,False
2058,2884430,330.0,702,0.09999999999999998,True,False
2059,2884763,310.0,333,0.09999999999999998,True,False
2060,2885327,500.0,564,0.09999999999999998,True,False
2061,2885723,435.0,396,0.09999999999999998,True,False
2062,2886258,460.0,535,0.09999999999999998,True,False
2063,2886611,315.0,353,0.09999999999999998,True,False
2064,2886996,240.0,385,0.09999999999999998,True,False
2065,2887340,240.0,344,0.09999999999999998,True,False
2066,2887898,355.0,558,0.09999999999999998,True,False
2067,2888217,255.0,319,0.09999999999999998,True,False
2068,2888684,315.0,467,0.09999999999999998,True,False
2069,2889255,670.0,571,0.09999999999999998,True,False
2070,2890016,515.0,761,0.09999999999999998,True,False
2071,2890428,320.0,412,0.09999999999999998,True,False
2072,2890786,245.0,358,0.09999999999999998,True,False
2073,2891169,260.0,383,0.09999999999999998,True,False
2074,2891367,65.0,198,0.09999999999999998,True,False
2075,2891582,125.0,215,0.09999999999999998,True,False
2076,2891935,225.0,353,0.09999999999999998,True,False
2077,2892362,385.0,427,0.09999999999999998,True,False
2078,2893138,515.0,776,0.09999999999999998,True,False
2079,2893545,390.0,407,0.09999999999999998,True,False
2080,2894319,685.0,774,0.09999999999999998,True,False
2081,2894512,115.0,193,0.09999999999999998,True,False
2082,2894871,440.0,359,0.09999999999999998,True,False
2083,2895266,370.0,395,0.09999999999999998,True,False
2084,2895690,235.0,424,0.09999999999999998,True,False
2085,2896497,440.0,807,0.09999999999999998,True,False
2086,2896836,290.0,339,0.09999999999999998,True,False
2087,2897456,420.0,620,0.09999999999999998,True,False
2088,2897812,320.0,356,0.09999999999999998,True,False
2089,2898167,420.0,355,0.09999999999999998,True,False
2090,2898453,235.0,286,0.09999999999999998,True,False
2091,2899019,390.0,566,0.09999999999999998,True,False
2092,2899427,280.0,408,0.09999999999999998,True,False
2093,2900082,470.0,655,0.09999999999999998,True,False
2094,2900680,425.0,598,0.09999999999999998,True,False
2095,2900974,180.0,294,0.09999999999999998,True,False
2096,2901292,280.0,318,0.09999999999999998,True,False
2097,2901766,515.0,474,0.09999999999999998,True,False
2098,2902113,295.0,347,0.09999999999999998,True,False
2099,2902464,250.0,351,0.09999999999999998,True,False
2100,2902889,325.0,425,0.09999999999999998,True,False
2101,2903698,470.0,809,0.09999999999999998,True,False
2102,2904001,270.0,303,0.09999999999999998,True,False
2103,2904716,740.0,715,0.09999999999999998,True,False
2104,2905058,230.0,342,0.09999999999999998,True,False
2105,2905580,575.0,522,0.09999999999999998,True,False
2106,2905912,135.0,332,0.09999999999999998,True,False
2107,2906588,455.0,676,0.09999999999999998,True,False
2108,2906872,200.0,284,0.09999999999999998,True,False
2109,2907080,150.0,208,0.09999999999999998,True,False
2110,2907655,430.0,575,0.09999999999999998,True,False
2111,2908039,290.0,384,0.09999999999999998,True,False
2112,2908429,330.0,390,0.09999999999999998,True,False
2113,2908787,310.0,358,0.09999999999999998,True,False
2114,2909227,320.0,440,0.09999999999999998,True,False
2115,2909592,400.0,365,0.09999999999999998,True,False
2116,2909756,90.0,164,0.09999999999999998,True,False
2117,2909864,30.0,108,0.09999999999999998,True,False
2118,2910332,335.0,468,0.09999999999999998,True,False
2119,2910536,180.0,204,0.09999999999999998,True,False
2120,2910914,445.0,378,0.09999999999999998,True,False
2121,2911254,280.0,340,0.09999999999999998,True,False
2122,2911755,355.0,501,0.09999999999999998,True,False
2123,2912154,320.0,399,0.09999999999999998,True,False
2124,2912741,375.0,587,0.09999999999999998,True,False
2125,2913423,495.0,682,0.09999999999999998,True,False
2126,2913768,210.0,345,0.09999999999999998,True,False
2127,2914254,355.0,486,0.09999999999999998,True,False
2128,2914444,155.0,190,0.09999999999999998,True,False
2129,2914870,335.0,426,0.09999999999999998,True,False
2130,2915322,295.0,452,0.09999999999999998,True,False
2131,2915661,300.0,339,0.09999999999999998,True,False
2132,2916184,350.0,523,0.09999999999999998,True,False
2133,2916780,425.0,596,0.09999999999999998,True,False
2134,2917053,205.0,273,0.09999999999999998,True,False
2135,2917570,395.0,517,0.09999999999999998,True,False
2136,2918099,540.0,529,0.09999999999999998,True,False
2137,2918666,520.0,567,0.09999999999999998,True,False
2138,2919003,280.0,337,0.09999999999999998,True,False
2139,2919499,360.0,496,0.09999999999999998,True,False
2140,2920039,550.0,540,0.09999999999999998,True,False
2141,2920420,315.0,381,0.09999999999999998,True,False
2142,2920801,270.0,381,0.09999999999999998,True,False
2143,2921181,270.0,380,0.09999999999999998,True,False
2144,2921824,450.0,643,0.09999999999999998,True,False
2145,2922528,615.0,704,0.09999999999999998,True,False
2146,2923011,370.0,483,0.09999999999999998,True,False
2147,2923204,160.0,193,0.09999999999999998,True,False
2148,2923529,290.0,325,0.09999999999999998,True,False
2149,2923813,260.0,284,0.09999999999999998,True,False
2150,2924144,265.0,331,0.09999999999999998,True,False
2151,2924704,420.0,560,0.09999999999999998,True,False
2152,2925333,470.0,629,0.09999999999999998,True,False
2153,2925596,210.0,263,0.09999999999999998,True,False
2154,2926102,430.0,506,0.09999999999999998,True,False
2155,2926260,80.0,158,0.09999999999999998,True,False
2156,2926624,175.0,364,0.09999999999999998,True,False
2157,2927144,250.0,520,0.09999999999999998,True,False
2158,2927463,230.0,319,0.09999999999999998,True,False
2159,2927638,105.0,175,0.09999999999999998,True,False
2160,2928016,240.0,378,0.09999999999999998,True,False
2161,2928354,275.0,338,0.09999999999999998,True,False
2162,2928908,405.0,554,0.09999999999999998,True,False
2163,2929269,295.0,361,0.09999999999999998,True,False
2164,2929762,410.0,493,0.09999999999999998,True,False
2165,2930264,390.0,502,0.09999999999999998,True,False
2166,2930590,250.0,326,0.09999999999999998,True,False
2167,2931026,360.0,436,0.09999999999999998,True,False
2168,2931686,575.0,660,0.09999999999999998,True,False
2169,2932122,330.0,436,0.09999999999999998,True,False
2170,2932610,455.0,488,0.09999999999999998,True,False
2171,2932805,90.0,195,0.09999999999999998,True,False
2172,2933137,245.0,332,0.09999999999999998,True,False
2173,2933549,235.0,412,0.09999999999999998,True,False
2174,2933856,220.0,307,0.09999999999999998,True,False
2175,2934177,220.0,321,0.09999999999999998,True,False
2176,2934520,420.0,343,0.09999999999999998,True,False
2177,2934857,280.0,337,0.09999999999999998,True,False
2178,2935742,800.0,885,0.09999999999999998,True,False
2179,2936371,470.0,629,0.09999999999999998,True,False
2180,2936826,420.0,455,0.09999999999999998,True,False
2181,2937310,310.0,484,0.09999999999999998,True,False
2182,2937762,355.0,452,0.09999999999999998,True,False
2183,2938139,205.0,377,0.09999999999999998,True,False
2184,2938764,370.0,625,0.09999999999999998,True,False
2185,2939096,390.0,332,0.09999999999999998,True,False
2186,2939463,400.0,367,0.09999999999999998,True,False
2187,2939907,395.0,444,0.09999999999999998,True,False
2188,2940338,285.0,431,0.09999999999999998,True,False
2189,2940719,280.0,381,0.09999999999999998,True,False
2190,2941120,330.0,401,0.09999999999999998,True,False
2191,2941778,410.0,658,0.09999999999999998,True,False
2192,2942240,410.0,462,0.09999999999999998,True,False
2193,2942773,635.0,533,0.09999999999999998,True,False
2194,2943100,225.0,327,0.09999999999999998,True,False
2195,2943492,265.0,392,0.09999999999999998,True,False
2196,2944023,350.0,531,0.09999999999999998,True,False
2197,2944403,315.0,380,0.09999999999999998,True,False
2198,2945038,475.0,635,0.09999999999999998,True,False
2199,2945387,415.0,349,0.09999999999999998,True,False
2200,2945989,590.0,602,0.09999999999999998,True,False
2201,2946545,420.0,556,0.09999999999999998,True,False
2202,2946640,0.0,95,0.09999999999999998,True,False
2203,2946943,165.0,303,0.09999999999999998,True,False
2204,2947218,210.0,275,0.09999999999999998,True,False
2205,2947364,45.0,146,0.09999999999999998,True,False
2206,2947660,235.0,296,0.09999999999999998,True,False
2207,2948451,545.0,791,0.09999999999999998,True,False
2208,2948774,285.0,323,0.09999999999999998,True,False
2209,2949234,555.0,460,0.09999999999999998,True,False
2210,2949754,370.0,520,0.09999999999999998,True,False
2211,2950132,275.0,378,0.09999999999999998,True,False
2212,2950529,240.0,397,0.09999999999999998,True,False
2213,2950841,245.0,312,0.09999999999999998,True,False
2214,2951161,195.0,320,0.09999999999999998,True,False
2215,2951534,200.0,373,0.09999999999999998,True,False
2216,2952109,385.0,575,0.09999999999999998,True,False
2217,2952382,200.0,273,0.09999999999999998,True,False
2218,2953215,570.0,833,0.09999999999999998,True,False
2219,2953747,420.0,532,0.09999999999999998,True,False
2220,2954109,295.0,362,0.09999999999999998,True,False
2221,2954794,500.0,685,0.09999999999999998,True,False
2222,2955135,400.0,341,0.09999999999999998,True,False
2223,2955593,320.0,458,0.09999999999999998,True,False
2224,2955964,240.0,371,0.09999999999999998,True,False
2225,2956287,275.0,323,0.09999999999999998,True,False
2226,2956638,275.0,351,0.09999999999999998,True,False
2227,2957075,275.0,437,0.09999999999999998,True,False
2228,2957273,125.0,198,0.09999999999999998,True,False
2229,2957664,240.0,391,0.09999999999999998,True,False
2230,2958045,310.0,381,0.09999999999999998,True,False
2231,2958327,155.0,282,0.09999999999999998,True,False
2232,2958603,230.0,276,0.09999999999999998,True,False
2233,2959156,370.0,553,0.09999999999999998,True,False
2234,2959261,30.0,105,0.09999999999999998,True,False
2235,2959592,240.0,331,0.09999999999999998,True,False
2236,2960321,715.0,729,0.09999999999999998,True,False
2237,2960512,75.0,191,0.09999999999999998,True,False
2238,2961003,360.0,491,0.09999999999999998,True,False
2239,2961311,200.0,308,0.09999999999999998,True,False
2240,2961649,300.0,338,0.09999999999999998,True,False
2241,2962186,465.0,537,0.09999999999999998,True,False
2242,2962484,245.0,298,0.09999999999999998,True,False
2243,2963031,370.0,547,0.09999999999999998,True,False
2244,2963476,320.0,445,0.09999999999999998,True,False
2245,2963769,185.0,293,0.09999999999999998,True,False
2246,2964362,555.0,593,0.09999999999999998,True,False
2247,2964778,265.0,416,0.09999999999999998,True,False
2248,2964972,155.0,194,0.09999999999999998,True,False
2249,2965344,350.0,372,0.09999999999999998,True,False
2250,2966196,515.0,852,0.09999999999999998,True,False
2251,2966637,365.0,441,0.09999999999999998,True,False
2252,2966808,150.0,171,0.09999999999999998,True,False
2253,2967139,220.0,331,0.09999999999999998,True,False
2254,2967715,405.0,576,0.09999999999999998,True,False
2255,2968142,455.0,427,0.09999999999999998,True,False
2256,2969151,760.0,1009,0.09999999999999998,True,False
2257,2969478,280.0,327,0.09999999999999998,True,False
2258,2969800,260.0,322,0.09999999999999998,True,False
2259,2970383,420.0,583,0.09999999999999998,True,False
2260,2970789,340.0,406,0.09999999999999998,True,False
2261,2970990,125.0,201,0.09999999999999998,True,False
2262,2971317,260.0,327,0.09999999999999998,True,False
2263,2971659,430.0,342,0.09999999999999998,True,False
2264,2972025,355.0,366,0.09999999999999998,True,False
2265,2972488,320.0,463,0.09999999999999998,True,False
2266,2972800,245.0,312,0.09999999999999998,True,False
2267,2973142,265.0,342,0.09999999999999998,True,False
2268,2973533,300.0,391,0.09999999999999998,True,False
2269,2973885,195.0,352,0.09999999999999998,True,False
2270,2974023,70.0,138,0.09999999999999998,True,False
2271,2974337,240.0,314,0.09999999999999998,True,False
2272,2974858,485.0,521,0.09999999999999998,True,False
2273,2975055,125.0,197,0.09999999999999998,True,False
2274,2975256,135.0,201,0.09999999999999998,True,False
2275,2975616,290.0,360,0.09999999999999998,True,False
2276,2976222,345.0,606,0.09999999999999998,True,False
2277,2976715,290.0,493,0.09999999999999998,True,False
2278,2977146,335.0,431,0.09999999999999998,True,False
2279,2977602,340.0,456,0.09999999999999998,True,False
2280,2977917,280.0,315,0.09999999999999998,True,False
2281,2978520,445.0,603,0.09999999999999998,True,False
2282,2978875,255.0,355,0.09999999999999998,True,False
2283,2979417,565.0,542,0.09999999999999998,True,False
2284,2979841,240.0,424,0.09999999999999998,True,False
2285,2980494,505.0,653,0.09999999999999998,True,False
2286,2980850,300.0,356,0.09999999999999998,True,False
2287,2981148,170.0,298,0.09999999999999998,True,False
2288,2981572,345.0,424,0.09999999999999998,True,False
2289,2982045,500.0,473,0.09999999999999998,True,False
2290,2982486,320.0,441,0.09999999999999998,True,False
2291,2983062,465.0,576,0.09999999999999998,True,False
2292,2983542,295.0,480,0.09999999999999998,True,False
2293,2983743,100.0,201,0.09999999999999998,True,False
2294,2984073,245.0,330,0.09999999999999998,True,False
2295,2984271,65.0,198,0.09999999999999998,True,False
2296,2984778,520.0,507,0.09999999999999998,True,False
2297,2985286,440.0,508,0.09999999999999998,True,False
2298,2986133,575.0,847,0.09999999999999998,True,False
2299,2986633,315.0,500,0.09999999999999998,True,False
2300,2987030,370.0,397,0.09999999999999998,True,False
2301,2987393,270.0,363,0.09999999999999998,True,False
2302,2987718,285.0,325,0.09999999999999998,True,False
2303,2988069,395.0,351,0.09999999999999998,True,False
2304,2988425,230.0,356,0.09999999999999998,True,False
2305,2988901,370.0,476,0.09999999999999998,True,False
2306,2989309,305.0,408,0.09999999999999998,True,False
2307,2989713,275.0,404,0.09999999999999998,True,False
2308,2990085,255.0,372,0.09999999999999998,True,False
2309,2990615,195.0,530,0.09999999999999998,True,False
2310,2990961,255.0,346,0.09999999999999998,True,False
2311,2991316,235.0,355,0.09999999999999998,True,False
2312,2991739,325.0,423,0.09999999999999998,True,False
2313,2992141,265.0,402,0.09999999999999998,True,False
2314,2992613,285.0,472,0.09999999999999998,True,False
2315,2993079,270.0,466,0.09999999999999998,True,False
2316,2993398,195.0,319,0.09999999999999998,True,False
2317,2993806,455.0,408,0.09999999999999998,True,False
2318,2994569,600.0,763,0.09999999999999998,True,False
2319,2995223,460.0,654,0.09999999999999998,True,False
2320,2995678,280.0,455,0.09999999999999998,True,False
2321,2996273,450.0,595,0.09999999999999998,True,False
2322,2996361,15.0,88,0.09999999999999998,True,False
2323,2996657,235.0,296,0.09999999999999998,True,False
2324,2996992,250.0,335,0.09999999999999998,True,False
2325,2997518,440.0,526,0.09999999999999998,True,False
2326,2997848,235.0,330,0.09999999999999998,True,False
2327,2998189,505.0,341,0.09999999999999998,True,False
2328,2998641,320.0,452,0.09999999999999998,True,False
2329,2999006,260.0,365,0.09999999999999998,True,False
2330,2999481,405.0,475,0.09999999999999998,True,False
